name,url,start_date,city,category,first_seen
Event A,https://lu.ma/a,2026-07-15T10:00:00Z,Lima,tech,2026-07-11
Event B,https://lu.ma/b,2026-07-16T10:00:00Z,Lima,ai,2026-07-11
Event C,https://lu.ma/c,2026-07-17T10:00:00Z,Austin,tech,2026-07-11
Bay Founder’s Bootcamp (2-Days),https://lu.ma/ibfounderbc1-jul,2026-07-11T16:00:00.000Z,San Francisco,tech,2026-07-11
The Vakathon,https://lu.ma/3r7o26ql,2026-07-11T16:00:00.000Z,San Francisco,tech,2026-07-11
July Decelerator at Rancho San Gregorio: Hosted by Founders Guild,https://lu.ma/the-6nw3,2026-07-11T17:00:00.000Z,San Francisco,tech,2026-07-11
Key Signing Party: Proof of Human,https://lu.ma/hszmz0dc,2026-07-11T19:00:00.000Z,San Francisco,tech,2026-07-11
ACCELR8 | Outdoor Adventure for Founders,https://lu.ma/vtghca5b,2026-07-11T20:00:00.000Z,San Francisco,tech,2026-07-11
SF Poker Social,https://lu.ma/ms5ca877,2026-07-11T20:00:00.000Z,San Francisco,tech,2026-07-11
World Cup Watch Party: QF Game,https://lu.ma/tryalma-3ila,2026-07-11T21:00:00.000Z,San Francisco,tech,2026-07-11
Redwood Reset: Yoga for Busy Minds 🌲,https://lu.ma/jjeaxtlb,2026-07-11T22:30:00.000Z,San Francisco,tech,2026-07-11
DiscoTech,https://lu.ma/disco-tech,2026-07-12T01:00:00.000Z,San Francisco,tech,2026-07-11
Arcade & Alliances:Building Your Engineering Circle,https://lu.ma/yrrbgytk,2026-07-12T02:00:00.000Z,San Francisco,tech,2026-07-11
Gray Area: VR Film Screening & Embodied Discussion,https://lu.ma/ai04ow0p,2026-07-12T21:30:00.000Z,San Francisco,tech,2026-07-11
How to Break into SF as an Immigrant Founder,https://lu.ma/3ilro47w,2026-07-13T01:30:00.000Z,San Francisco,tech,2026-07-11
Ageless Experiences presents: SAUNA & FRIENDS,https://lu.ma/agelesssauna,2026-07-14T00:30:00.000Z,San Francisco,tech,2026-07-11
Airtable Bay Area | EV01: Off-Label Builds,https://lu.ma/airtable-community-sf-bayarea-07-26,2026-07-14T00:30:00.000Z,San Francisco,tech,2026-07-11
Consumer Startups Rooftop Afterhours,https://lu.ma/0k2fxdam,2026-07-14T01:00:00.000Z,San Francisco,tech,2026-07-11
Builders Night,https://lu.ma/1yj74hbe,2026-07-14T01:30:00.000Z,San Francisco,tech,2026-07-11
A Methodological Playground: Fictional Worlds and Thought Experiments | Speculative Everything book club,https://lu.ma/se5,2026-07-14T02:00:00.000Z,San Francisco,tech,2026-07-11
SF Lean Meetup,https://lu.ma/yi9idc15,2026-07-14T02:00:00.000Z,San Francisco,tech,2026-07-11
FC SF • Founders Run & Coffee!,https://lu.ma/2opylbqn,2026-07-14T14:00:00.000Z,San Francisco,tech,2026-07-11
PEF Coffee Chat: London to Bay Area,https://lu.ma/lqtbyhkx,2026-07-14T17:00:00.000Z,San Francisco,tech,2026-07-11
⚽ Silicon Valley World Cup Semi-Finals Watch Party 🏆,https://lu.ma/venture-0y3b,2026-07-14T18:00:00.000Z,San Francisco,tech,2026-07-11
Waypoints: An Afternoon with COMPASS,https://lu.ma/8026hlvz,2026-07-14T22:30:00.000Z,San Francisco,tech,2026-07-11
Orb joins Adyen — Come celebrate the future of pricing!,https://lu.ma/orb-adyen-happyhour,2026-07-15T00:00:00.000Z,San Francisco,tech,2026-07-11
THE SF DATABASE MEETUP,https://lu.ma/5yqbakgz,2026-07-15T00:30:00.000Z,San Francisco,tech,2026-07-11
Healthcare Dinner — Comma Capital × Sierra Ventures × Rho,https://lu.ma/s7ifen6n,2026-07-15T01:00:00.000Z,San Francisco,tech,2026-07-11
🥂 JustAI Series A Celebration,https://lu.ma/0ffl5tcn,2026-07-15T01:00:00.000Z,San Francisco,tech,2026-07-11
Ministry of Higher Education of Uzbekistan & Silicon Valley Central Asian Community Meetup,https://lu.ma/silkroad-ministryofeducation,2026-07-15T01:00:00.000Z,San Francisco,tech,2026-07-11
prod/dinner/SF/July/14,https://lu.ma/r3tab6ak,2026-07-15T01:00:00.000Z,San Francisco,tech,2026-07-11
First Round: Golf Edition,https://lu.ma/30c4cbw7,2026-07-15T02:30:00.000Z,San Francisco,tech,2026-07-11
Palo Alto founders/engineers co-working,https://lu.ma/20xyln4c,2026-07-15T16:00:00.000Z,San Francisco,tech,2026-07-11
World Cup Watch Party: Semi-finals,https://lu.ma/nfbb0u0d,2026-07-15T18:30:00.000Z,San Francisco,tech,2026-07-11
Advanced Cell Culture with Corning,https://lu.ma/th1p2nx9,2026-07-15T19:00:00.000Z,San Francisco,tech,2026-07-11
SF CTO Lunch,https://lu.ma/yyrp60sl,2026-07-15T20:30:00.000Z,San Francisco,tech,2026-07-11
"Deep Tech Investor Gathering, hosted by Omni Ventures and Startup Island Taiwan Silicon Valley Hub",https://lu.ma/ny2bw3dt,2026-07-15T21:00:00.000Z,San Francisco,tech,2026-07-11
Mini BattleBots Tournament,https://lu.ma/mini-battlebots-tournament-jul15-2026,2026-07-15T22:00:00.000Z,San Francisco,tech,2026-07-11
2026 AAPI Annual Summer Party,https://lu.ma/oxpho07u,2026-07-16T00:00:00.000Z,San Francisco,tech,2026-07-11
Founding PM Circle (July),https://lu.ma/1wq4dqt3,2026-07-16T00:00:00.000Z,San Francisco,tech,2026-07-11
Gluten Free Venture Dinner,https://lu.ma/kte5y3hr,2026-07-16T00:30:00.000Z,San Francisco,tech,2026-07-11
20th Oakland Hardware Meetup - Demo Night!,https://lu.ma/fcpoj566,2026-07-16T01:00:00.000Z,San Francisco,tech,2026-07-11
🦀 Bay Area Rust July Meetup,https://lu.ma/tffoug7w,2026-07-16T01:00:00.000Z,San Francisco,tech,2026-07-11
Decorate & Connect : Cake Social,https://lu.ma/ifwro0sx,2026-07-16T01:00:00.000Z,San Francisco,tech,2026-07-11
ITCH - Businesses share what needs to be built,https://lu.ma/zwmgi7l9,2026-07-16T01:00:00.000Z,San Francisco,tech,2026-07-11
Michelin-guide Founder Dinner for Execs & Series A Founders,https://lu.ma/michelindinner,2026-07-16T01:00:00.000Z,San Francisco,tech,2026-07-11
Startup Pitch Night in San Francisco,https://lu.ma/pp07dqj0,2026-07-16T01:00:00.000Z,San Francisco,tech,2026-07-11
Founders Sailing into Summer ⛵,https://lu.ma/xtp9fxtl,2026-07-16T01:15:00.000Z,San Francisco,tech,2026-07-11
Friday Founder Collective,https://lu.ma/3oyn5bkx,2026-07-16T01:30:00.000Z,San Francisco,tech,2026-07-11
Hardware Supply Chain Dinner @ Kipo AI,https://lu.ma/2s9nglgt,2026-07-16T01:30:00.000Z,San Francisco,tech,2026-07-11
"The SF Grind: Founder, Investor, & Operator Mixer",https://lu.ma/y2siathl,2026-07-16T01:30:00.000Z,San Francisco,tech,2026-07-11
Canessa Conversations: Objects and Artifacts,https://lu.ma/pv5w8sjx,2026-07-16T02:00:00.000Z,San Francisco,tech,2026-07-11
Slash X Temporal After Hours ☕,https://lu.ma/slash-0ivi,2026-07-16T02:00:00.000Z,San Francisco,tech,2026-07-11
Noisebridge Nix Night,https://lu.ma/r9rqnrhy,2026-07-16T02:00:00.000Z,San Francisco,tech,2026-07-11
Cafe GRANOLA,https://lu.ma/cafe-granola-sf,2026-07-16T15:00:00.000Z,San Francisco,tech,2026-07-11
Sony SH800 Training @ 930 Brittan,https://lu.ma/kvfmbqw2,2026-07-16T17:00:00.000Z,San Francisco,tech,2026-07-11
2026 Japan-U.S. Innovation Awards Symposium,https://lu.ma/cirfpzd4,2026-07-16T17:30:00.000Z,San Francisco,tech,2026-07-11
Venture Dock Members Brunch: Community Gathering & What's Next,https://lu.ma/x40uzrrt,2026-07-16T19:00:00.000Z,San Francisco,tech,2026-07-11
MBC BioLabs Planetary Health Block Party,https://lu.ma/mbc-tep8,2026-07-16T22:30:00.000Z,San Francisco,tech,2026-07-11
YC S26: Evening co-working session at Vercel HQ,https://lu.ma/aatrbvd5,2026-07-16T23:00:00.000Z,San Francisco,tech,2026-07-11
Founders & Ecosystem Happy Hour,https://lu.ma/ihzbqk03,2026-07-17T00:00:00.000Z,San Francisco,tech,2026-07-11
The Death (and Rebirth) of Venture Capital Ft. Dave McClure & Ben Black,https://lu.ma/deathofvc,2026-07-17T00:00:00.000Z,San Francisco,tech,2026-07-11
Assets & Access @ Rickhouse Bar SF,https://lu.ma/sanfranciscojuly,2026-07-17T00:30:00.000Z,San Francisco,tech,2026-07-11
Hardware Happy Hour at AuSim Garage!,https://lu.ma/informal-6xgd,2026-07-17T00:30:00.000Z,San Francisco,tech,2026-07-11
BridgeFellows Demo Day,https://lu.ma/a1oox39c,2026-07-17T01:00:00.000Z,San Francisco,tech,2026-07-11
Build the Cup: Lovable x Corgi Buildathon,https://lu.ma/qjqjltg8,2026-07-17T01:00:00.000Z,San Francisco,tech,2026-07-11
Formerlings & Friends SF Meet Up,https://lu.ma/ggfxk8b5,2026-07-17T01:00:00.000Z,San Francisco,tech,2026-07-11
GTM Engineer Lab & Ploy SF Dinner!,https://lu.ma/3ldr12e2,2026-07-17T01:00:00.000Z,San Francisco,tech,2026-07-11
Imagination Mile: Art + Tech Community Gathering,https://lu.ma/vj6umyy0,2026-07-17T01:00:00.000Z,San Francisco,tech,2026-07-11
LeadDev SF Meetup — July 2026,https://lu.ma/elfrjrc8,2026-07-17T01:00:00.000Z,San Francisco,tech,2026-07-11
San Francisco Women in Revenue Leadership Event,https://lu.ma/vv25kpp3,2026-07-17T01:00:00.000Z,San Francisco,tech,2026-07-11
Swap and Pitch,https://lu.ma/swapandpitch,2026-07-17T01:00:00.000Z,San Francisco,tech,2026-07-11
B&H Creators in San Francisco,https://lu.ma/yltxfqrw,2026-07-17T02:00:00.000Z,San Francisco,tech,2026-07-11
"Culture Slop w/ Andrew McClintock, Jason Yuan, Maritza Lerman Yoes",https://lu.ma/cultureslop,2026-07-17T02:00:00.000Z,San Francisco,tech,2026-07-11
Founders Table: A Private Dinner By Arceus,https://lu.ma/fbos3td0,2026-07-17T02:00:00.000Z,San Francisco,tech,2026-07-11
5MoF,https://lu.ma/9swrrxvw,2026-07-17T02:30:00.000Z,San Francisco,tech,2026-07-11
Founder x Investor Run: San Francisco,https://lu.ma/foe06sqe,2026-07-17T14:30:00.000Z,San Francisco,tech,2026-07-11
Brew & Build: Persona x Corgi x Temporal,https://lu.ma/personacorgi,2026-07-17T16:00:00.000Z,San Francisco,tech,2026-07-11
Rich People Meetup,https://lu.ma/e401hp6y,2026-07-17T21:00:00.000Z,San Francisco,tech,2026-07-11
🚀 Fab Mab is Back! 🚀From Mabuhay Gardens to the future of San Francisco’s cultural heartbeat—435 Broadway is being reborn,https://lu.ma/xh16o0qq,2026-07-17T23:30:00.000Z,San Francisco,tech,2026-07-11
STARTUPS MIX & PITCH,https://lu.ma/twhrnvk2,2026-07-18T01:30:00.000Z,San Francisco,tech,2026-07-11
Fin-Tech business expansion event,https://lu.ma/q2goz1lm,2026-07-18T17:00:00.000Z,San Francisco,tech,2026-07-11
"TechWalk | San Francisco, 7/18",https://lu.ma/s350ms6i,2026-07-18T17:00:00.000Z,San Francisco,tech,2026-07-11
How to get press without a PR agency,https://lu.ma/mw43zrf9,2026-07-18T19:00:00.000Z,San Francisco,tech,2026-07-11
Hat-Trick Open,https://lu.ma/y7aw30e2,2026-07-18T20:30:00.000Z,San Francisco,tech,2026-07-11
DevRev x Major League Cricket - Season 04 Final | CXO VIP Experience,https://lu.ma/mlc-devrev,2026-07-18T22:00:00.000Z,San Francisco,tech,2026-07-11
Esoteric Meme Breakdown Live w/ Peter Bjorndal,https://lu.ma/esoteric,2026-07-18T23:00:00.000Z,San Francisco,tech,2026-07-11
FIFA World Cup Final - VIP Watch Party at Splash,https://lu.ma/sf-jun26,2026-07-19T18:00:00.000Z,San Francisco,tech,2026-07-11
Cybersentics Monthly Book Club: Information Arts,https://lu.ma/94pnpeb8,2026-07-19T19:00:00.000Z,San Francisco,tech,2026-07-11
Ladies Tea Party: Female Founders in Tech,https://lu.ma/8qzm1ow4,2026-07-19T20:00:00.000Z,San Francisco,tech,2026-07-11
A Truly Happy Hour,https://lu.ma/b4v19yw3,2026-07-21T00:30:00.000Z,San Francisco,tech,2026-07-11
Girls in Growth Community Kick Off with the Golden State Valkyries!,https://lu.ma/ff0ljx6f,2026-07-21T01:00:00.000Z,San Francisco,tech,2026-07-11
Scrappy AI Founders Play Soccer,https://lu.ma/6fme6obs,2026-07-21T01:00:00.000Z,San Francisco,tech,2026-07-11
V11 x Susa Ventures: Physical Intelligence Dinner,https://lu.ma/85yi477h,2026-07-21T01:30:00.000Z,San Francisco,tech,2026-07-11
Inception Co-Founder Matching Day #4 2026,https://lu.ma/wq34jlgv,2026-07-21T16:00:00.000Z,San Francisco,tech,2026-07-11
Early Stage Pitch and Lunch,https://lu.ma/july-pitch-and-lunch,2026-07-21T18:30:00.000Z,San Francisco,tech,2026-07-11
9Zero x Innovit Climate Tech Cohort Showcase,https://lu.ma/2d2axz8d,2026-07-21T21:00:00.000Z,San Francisco,tech,2026-07-11
🔗 Founder Peer Group Meetup - The Founder Journey,https://lu.ma/p1s04ypj,2026-07-22T00:00:00.000Z,San Francisco,tech,2026-07-11
Funded Female Founders @ SHACK15,https://lu.ma/FFFSeriesV,2026-07-22T00:00:00.000Z,San Francisco,tech,2026-07-11
"YC Reject Pitch Night, hosted by Sanscritic @Workato HQ",https://lu.ma/yc-reject-pitch-night,2026-07-22T00:00:00.000Z,San Francisco,tech,2026-07-11
"Legal Essentials for Game Developers: Privacy, Safety & IP",https://lu.ma/legal-essentials-for-game-developers,2026-07-22T00:30:00.000Z,San Francisco,tech,2026-07-11
Bay Founder-First Series #2: Early Market Validation,https://lu.ma/ib-founderfirst-2,2026-07-22T01:00:00.000Z,San Francisco,tech,2026-07-11
Toasting Trust & Safety: an evening with Helpshift and CheckStep,https://lu.ma/toastingtrust,2026-07-22T01:30:00.000Z,San Francisco,tech,2026-07-11
Robotics - Data behind the robot - Community event,https://lu.ma/roboticsdata,2026-07-23T00:00:00.000Z,San Francisco,tech,2026-07-11
"SF Ruby Meetup, July @ Sentry",https://lu.ma/qeg0w8on,2026-07-23T00:00:00.000Z,San Francisco,tech,2026-07-11
Women in Tech SF Bay Area: Navigating Today's Job Market,https://lu.ma/9mf1b7zi,2026-07-23T00:00:00.000Z,San Francisco,tech,2026-07-11
Signal. Insights Moving Us Forward.,https://lu.ma/6gbpfi8g,2026-07-23T01:00:00.000Z,San Francisco,tech,2026-07-11
"TechWalk | Silicon Valley, 7/22",https://lu.ma/pxkpj4bi,2026-07-23T01:00:00.000Z,San Francisco,tech,2026-07-11
Ground Floor presented by Clarity Labs and Cushman & Wakefield,https://lu.ma/iep0cd3e,2026-07-23T02:00:00.000Z,San Francisco,tech,2026-07-11
The Healthtech Table with Lemma,https://lu.ma/s3nu0irc,2026-07-23T02:00:00.000Z,San Francisco,tech,2026-07-11
San Jose Plug-In,https://lu.ma/9597vpc8,2026-07-23T22:00:00.000Z,San Francisco,tech,2026-07-11
🌐 Battery & Energy Storage Cluster Meetup - Fundamentals of Flow Batteries,https://lu.ma/jtzcbtsm,2026-07-24T00:00:00.000Z,San Francisco,tech,2026-07-11
DET Bay Area Meetup: July Edition,https://lu.ma/fti7awlx,2026-07-24T00:00:00.000Z,San Francisco,tech,2026-07-11
"🔥 Hot Takes, Cold Plunges ❄️ Founder × Creator Mixer @ Alchemy Springs",https://lu.ma/a82bb9m1,2026-07-24T00:00:00.000Z,San Francisco,tech,2026-07-11
The Tech Bros x AngelList: Crazy P*tches,https://lu.ma/b0lgsl2r,2026-07-24T00:00:00.000Z,San Francisco,tech,2026-07-11
CISO Strategy Salon - San Francisco,https://lu.ma/q3pbj8mu,2026-07-24T00:30:00.000Z,San Francisco,tech,2026-07-11
Tech Startup Program Leaders Social,https://lu.ma/9qpk7tdg,2026-07-24T00:30:00.000Z,San Francisco,tech,2026-07-11
Women of SaaS SF – How to Stay Resilient Through Change,https://lu.ma/ww3tk6pk,2026-07-24T00:30:00.000Z,San Francisco,tech,2026-07-11
Bringing SF to the World - Demo Night,https://lu.ma/x5hr8wsi,2026-07-24T01:00:00.000Z,San Francisco,tech,2026-07-11
Fireside Chat: What Happens After “Closed Won”?,https://lu.ma/qd2w36y0,2026-07-24T01:00:00.000Z,San Francisco,tech,2026-07-11
Hardware Pitch Night - Summertime Showcase!,https://lu.ma/lzy8pkq4,2026-07-24T01:00:00.000Z,San Francisco,tech,2026-07-11
Leopard.FYI San Francisco Summer Happy Hour at Magic HQ 💜🪄☀️,https://lu.ma/leopard-sf-magic-2026,2026-07-24T01:00:00.000Z,San Francisco,tech,2026-07-11
Taiwan Venture Day 2026,https://lu.ma/23wzwu63,2026-07-24T01:00:00.000Z,San Francisco,tech,2026-07-11
GTM strategy dinner with Monaco,https://lu.ma/monaco-closedwon2,2026-07-24T01:30:00.000Z,San Francisco,tech,2026-07-11
Tech Leaders Fine Dining Series: Wayfare Tavern Edition,https://lu.ma/kdymo7tp,2026-07-24T01:30:00.000Z,San Francisco,tech,2026-07-11
Founder Poker Networking,https://lu.ma/fpc01,2026-07-24T02:00:00.000Z,San Francisco,tech,2026-07-11
Romanian IT in SF - July Drinks & Chat,https://lu.ma/flq3pa2p,2026-07-24T02:00:00.000Z,San Francisco,tech,2026-07-11
SF Biotech Run Club - EMBARCADERO,https://lu.ma/zklb846u,2026-07-24T15:00:00.000Z,San Francisco,tech,2026-07-11
半導体設計について学ぼう！ / Learn About Semiconductor Design!,https://lu.ma/dwmj7qam,2026-07-24T23:00:00.000Z,San Francisco,tech,2026-07-11
SF Intern & New Grad Summerfest by Comma Capital & Pylon,https://lu.ma/4gwg4wtw,2026-07-25T00:00:00.000Z,San Francisco,tech,2026-07-11
c0mpiled-11: Startup School Hackathon!,https://lu.ma/compiled-cp9o,2026-07-25T01:00:00.000Z,San Francisco,tech,2026-07-11
Mafia Night,https://lu.ma/nwr9xerp,2026-07-25T01:00:00.000Z,San Francisco,tech,2026-07-11
The Thoughtful Society Dinner with Erica Jersin,https://lu.ma/cnsqnvn6,2026-07-25T01:30:00.000Z,San Francisco,tech,2026-07-11
CSI Hacks,https://lu.ma/ptgsw4bj,2026-07-25T15:30:00.000Z,San Francisco,tech,2026-07-11
JULY - Greater Silicon Valley Robotics & Automation Luncheon,https://lu.ma/tdrymv2a,2026-07-25T18:00:00.000Z,San Francisco,tech,2026-07-11
Summer Social with SWE x NSBE x SHPE,https://lu.ma/qm7ypy8n,2026-07-25T21:00:00.000Z,San Francisco,tech,2026-07-11
c0mpiled-13: Startup School Hackathon II ft. CrustData,https://lu.ma/olys436o,2026-07-26T01:00:00.000Z,San Francisco,tech,2026-07-11
YC Startup School After Party - Respan,https://lu.ma/2p9zbnzn,2026-07-26T01:00:00.000Z,San Francisco,tech,2026-07-11
After Hours @ Long Journey x Edge City 7/27,https://lu.ma/e8nc7ff3,2026-07-28T02:00:00.000Z,San Francisco,tech,2026-07-11
Open Batch 002 — Demo Day,https://lu.ma/imrpq4q7,2026-07-28T23:00:00.000Z,San Francisco,tech,2026-07-11
InnovateHER Investor Social,https://lu.ma/96csxazn,2026-07-28T23:30:00.000Z,San Francisco,tech,2026-07-11
How to Grow a Community People Actually Love,https://lu.ma/4e847ur4,2026-07-30T01:00:00.000Z,San Francisco,tech,2026-07-11
Sec Nerds: July 2026,https://lu.ma/7n999tuw,2026-07-30T01:00:00.000Z,San Francisco,tech,2026-07-11
CleanTech / GreenTech - INNOVIT Demo Day,https://lu.ma/rc1p3z0s,2026-07-30T23:30:00.000Z,San Francisco,tech,2026-07-11
Courtside Connections for Solution Engineers 🏓,https://lu.ma/5l7c46l2,2026-07-31T00:00:00.000Z,San Francisco,tech,2026-07-11
Founders Showcase,https://lu.ma/5cmu56yz,2026-07-31T00:00:00.000Z,San Francisco,tech,2026-07-11
Building Decagon from 0 to 1,https://lu.ma/dgbo2kus,2026-07-31T00:30:00.000Z,San Francisco,tech,2026-07-11
Founder Night Cafe ☕ 🍜,https://lu.ma/x16jv1ke,2026-07-31T01:00:00.000Z,San Francisco,tech,2026-07-11
SciFi Tech Club: Nexus with Ramez Naam + Special Guest TBA,https://lu.ma/w6lxbdj8,2026-07-31T01:00:00.000Z,San Francisco,tech,2026-07-11
Womb Wetware | Opening Night,https://lu.ma/tiat-ryx2,2026-07-31T02:00:00.000Z,San Francisco,tech,2026-07-11
"Palo Alto, CA - Deep Tech Connections Networking Breakfast",https://lu.ma/Palo-Alto-July,2026-07-31T15:30:00.000Z,San Francisco,tech,2026-07-11
Numix x Metix | Palo Alto,https://lu.ma/bm7htnsk,2026-08-01T01:00:00.000Z,San Francisco,tech,2026-07-11
The Non-Billable Hour: Cocktails with Arceus 🍸,https://lu.ma/ensub4g1,2026-08-01T01:30:00.000Z,San Francisco,tech,2026-07-11
YC S26 Poker Yacht Party,https://lu.ma/o8hkupoj,2026-08-01T19:00:00.000Z,San Francisco,tech,2026-07-11
"The Growth Exchange: Skills, Strategies & Connections for What’s Next",https://lu.ma/ib-bbm-tge,2026-08-01T20:00:00.000Z,San Francisco,tech,2026-07-11
3D Workflows for Community Projects,https://lu.ma/8b6k4k5v,2026-08-02T21:00:00.000Z,San Francisco,tech,2026-07-11
Silicon Valley Healthtech Summit---Attend or Pitch,https://lu.ma/angellaunchaugust3health,2026-08-03T20:30:00.000Z,San Francisco,tech,2026-07-11
Founders Meetup - San Francisco,https://lu.ma/90aps3fj,2026-08-05T00:00:00.000Z,San Francisco,tech,2026-07-11
"“Automation for the people, by the people” Kick off event",https://lu.ma/q8521f3k,2026-08-05T01:00:00.000Z,San Francisco,tech,2026-07-11
"Outsourcing Science: How to Choose, Manage, and Learn from CROs and CRDMOs",https://lu.ma/7uwt2csz,2026-08-06T00:00:00.000Z,San Francisco,tech,2026-07-11
Women Founder & VC Meetup @ Hustle Fund,https://lu.ma/57eda2n1,2026-08-06T00:00:00.000Z,San Francisco,tech,2026-07-11
The SF Grind: SF Startup Community Trivia Night,https://lu.ma/fagm5lsv,2026-08-06T01:30:00.000Z,San Francisco,tech,2026-07-11
SURF Industry Partners Meet-and-Greet Lunch,https://lu.ma/mxlfofw4,2026-08-06T19:00:00.000Z,San Francisco,tech,2026-07-11
Withum Tax Lunch & Learn: Maximizing Tax Incentives for Growth-Stage Life Sciences Companies,https://lu.ma/69iugi1w,2026-08-06T19:00:00.000Z,San Francisco,tech,2026-07-11
StartX: S26 VIP Night [In-Person],https://lu.ma/lqq06eoi,2026-08-07T00:30:00.000Z,San Francisco,tech,2026-07-11
Angel & LP Investing 101,https://lu.ma/enrich-p34q,2026-08-07T01:00:00.000Z,San Francisco,tech,2026-07-11
136th SF Hardware Meetup @ Studio 45 | Demo Night,https://lu.ma/odhr2288,2026-08-07T01:30:00.000Z,San Francisco,tech,2026-07-11
SprintRay Midas World Tour - San Jose,https://lu.ma/3it88g15,2026-08-07T15:30:00.000Z,San Francisco,tech,2026-07-11
2026 Hack the Town,https://lu.ma/jjq9vnym,2026-08-07T17:00:00.000Z,San Francisco,tech,2026-07-11
50Y Summer Party: Reflections,https://lu.ma/brxv4c7z,2026-08-08T00:00:00.000Z,San Francisco,tech,2026-07-11
Reflection Happy Hour | Career Camp Bay Area,https://lu.ma/ssepa2tj,2026-08-08T00:00:00.000Z,San Francisco,tech,2026-07-11
Bay Area Nix Meetup first Fridays at Andyl on August 7th 6PM to 11PM 🕚,https://lu.ma/orqobn0d,2026-08-08T01:00:00.000Z,San Francisco,tech,2026-07-11
Sisters Female Founders Hike,https://lu.ma/dy8fj4sw,2026-08-08T15:30:00.000Z,San Francisco,tech,2026-07-11
html day <> san francisco,https://lu.ma/htmlday,2026-08-08T20:00:00.000Z,San Francisco,tech,2026-07-11
San Francisco Data Engineering Meetup with ClickHouse,https://lu.ma/clickh-z578,2026-08-12T00:30:00.000Z,San Francisco,tech,2026-07-11
SF Founder Dinner: Summer Edition!,https://lu.ma/iwkyqv6c,2026-08-12T01:00:00.000Z,San Francisco,tech,2026-07-11
"Stanford x Close the Gap: Campus, Research & Innovation Visit",https://lu.ma/dgx9nv24,2026-08-12T17:00:00.000Z,San Francisco,tech,2026-07-11
🌐 EV/AV Cluster Meetup - Financing Fleet Electrification & V2G,https://lu.ma/339bncou,2026-08-13T00:00:00.000Z,San Francisco,tech,2026-07-11
SF Swift Language User Group (SLUG) x CocoaHeads | August 2026,https://lu.ma/tuothja0,2026-08-14T01:00:00.000Z,San Francisco,tech,2026-07-11
Biopunk S26 Final Showcase,https://lu.ma/biopunk-s26-showcase,2026-08-15T21:00:00.000Z,San Francisco,tech,2026-07-11
Fundraising as a Female Founder,https://lu.ma/u8y0thrp,2026-08-17T01:30:00.000Z,San Francisco,tech,2026-07-11
Robotics Builders Morning 5K,https://lu.ma/d6dwtx1q,2026-08-18T13:30:00.000Z,San Francisco,tech,2026-07-11
Ohio Tech Night: SF,https://lu.ma/yvr8qk5m,2026-08-19T23:30:00.000Z,San Francisco,tech,2026-07-11
WOMENS HEALTH FUNDERS MIXER: Lylac Health x Oakstop,https://lu.ma/p12l88h1,2026-08-20T00:30:00.000Z,San Francisco,tech,2026-07-11
[26.e2] Aureum Aestivalis Celebration,https://lu.ma/sbqtj541,2026-08-21T00:00:00.000Z,San Francisco,tech,2026-07-11
Founders Lounge,https://lu.ma/rxlnxhld,2026-08-21T00:30:00.000Z,San Francisco,tech,2026-07-11
AUGUST - Greater Silicon Valley Robotics & Automation Luncheon,https://lu.ma/oknb6fcf,2026-08-22T18:00:00.000Z,San Francisco,tech,2026-07-11
Design Safari - Inner Sunset | Career Camp Bay Area,https://lu.ma/yjrpe1lg,2026-08-22T18:00:00.000Z,San Francisco,tech,2026-07-11
FounderX Silicon Valley 2026: VIP Gathering of the World's Largest Startup Network,https://lu.ma/659pksxq,2026-08-26T00:00:00.000Z,San Francisco,tech,2026-07-11
"SF Ruby Meetup, August @ Gusto",https://lu.ma/2eoab0q6,2026-08-26T00:00:00.000Z,San Francisco,tech,2026-07-11
Pad-13 End of Program Celebration (Batch 22),https://lu.ma/tauxx87p,2026-08-26T23:30:00.000Z,San Francisco,tech,2026-07-11
San Francisco Founder Dinner,https://lu.ma/x26-nyge,2026-08-27T00:00:00.000Z,San Francisco,tech,2026-07-11
Up After Dark - TailscaleUp's Official Afterparty,https://lu.ma/gkhrxqkw,2026-08-27T02:00:00.000Z,San Francisco,tech,2026-07-11
The official Demo Day of DelightX Cohort 2,https://lu.ma/d0ff1nvu,2026-08-28T23:00:00.000Z,San Francisco,tech,2026-07-11
AdvancingVC,https://lu.ma/advancing-vc,2026-09-09T16:00:00.000Z,San Francisco,tech,2026-07-11
AgeTech Connect Summit '26 Early Bird Registration Open!,https://lu.ma/ATC-Summit-2026,2026-09-18T14:30:00.000Z,San Francisco,tech,2026-07-11
"Unfiltered San Francisco | An ""Unconference"" For People Leaders At High-Growth Companies",https://lu.ma/unfilteredsf09,2026-09-22T15:30:00.000Z,San Francisco,tech,2026-07-11
Rows and Columns summit,https://lu.ma/clickh-wavw,2026-09-22T16:30:00.000Z,San Francisco,tech,2026-07-11
Acrew Annual Meeting 2026,https://lu.ma/4dqoc6uy,2026-09-22T20:30:00.000Z,San Francisco,tech,2026-07-11
Vertex: The Vertical Software Conference,https://lu.ma/Vertex-Fall-2026,2026-09-24T16:00:00.000Z,San Francisco,tech,2026-07-11
Outliers,https://lu.ma/outliersfest,2026-09-24T17:00:00.000Z,San Francisco,tech,2026-07-11
SportTech - INNOVIT Demo Day,https://lu.ma/9lmo58vk,2026-09-24T23:30:00.000Z,San Francisco,tech,2026-07-11
SnooSec SF,https://lu.ma/snoosec-sf-2026-q3,2026-09-25T00:00:00.000Z,San Francisco,tech,2026-07-11
Supabase Select 2026,https://lu.ma/supabase-select-2026,2026-10-02T16:00:00.000Z,San Francisco,tech,2026-07-11
Mesh San Francisco 2026,https://lu.ma/meshsf2026,2026-10-03T17:30:00.000Z,San Francisco,tech,2026-07-11
GTM UNPLUGGED | Equity Angels @ SF Tech Week,https://lu.ma/u8wnakx8,2026-10-07T15:30:00.000Z,San Francisco,tech,2026-07-11
Build Better 2026 Electronics Manufacturing Summit,https://lu.ma/kle5wsv0,2026-10-07T16:00:00.000Z,San Francisco,tech,2026-07-11
FINANCIAL SYSTEMS FOR FOUNDERS (2nd session),https://lu.ma/8vr4srl4,2026-10-08T23:30:00.000Z,San Francisco,tech,2026-07-11
[In-Person] The Art of Storytelling with Chris Yeh,https://lu.ma/9f1a43ls,2026-10-14T23:00:00.000Z,San Francisco,tech,2026-07-11
2026 DataDrivenPharma West,https://lu.ma/ddp_west_2026,2026-10-15T15:00:00.000Z,San Francisco,tech,2026-07-11
U.S. Privacy Summit 2026,https://lu.ma/us-privacy-summit-2026,2026-10-15T15:00:00.000Z,San Francisco,tech,2026-07-11
"Reimagining Healthy Aging: The science, startups and business of longevity",https://lu.ma/ilueg86i,2026-10-17T16:00:00.000Z,San Francisco,tech,2026-07-11
Camp Navarro C9,https://lu.ma/vhhcqei1,2026-10-23T16:00:00.000Z,San Francisco,tech,2026-07-11
SEV0 - The reliability conference (SF),https://lu.ma/wuoe9ul2,2026-10-27T15:30:00.000Z,San Francisco,tech,2026-07-11
One Way Summit 2026: The Flagship Event for Immigrant Entrepreneurship,https://lu.ma/onewaysummit2026,2026-10-28T16:00:00.000Z,San Francisco,tech,2026-07-11
Defense Tech Conference,https://lu.ma/defensetechwest,2026-11-04T17:00:00.000Z,San Francisco,tech,2026-07-11
San Francisco Ruby Startup Conference,https://lu.ma/sfrubyconf2026,2026-11-10T16:00:00.000Z,San Francisco,tech,2026-07-11
Annual Veterans Day Get-Together,https://lu.ma/VeteransDay2026,2026-11-12T01:00:00.000Z,San Francisco,tech,2026-07-11
SF Swift Language User Group (SLUG) x CocoaHeads | August 2026,https://lu.ma/t18thivq,2026-11-13T02:00:00.000Z,San Francisco,tech,2026-07-11
HF0 F26 Demo Day,https://lu.ma/xfbcdrvp,2026-12-01T23:00:00.000Z,San Francisco,tech,2026-07-11
Senotherapeutics Biomarker Consortium: Inaugural Summit,https://lu.ma/k0wu72e0,2026-12-07T16:30:00.000Z,San Francisco,tech,2026-07-11
The Longevity Global Summit 2026,https://lu.ma/gclnme08,2026-12-09T16:30:00.000Z,San Francisco,tech,2026-07-11
FINANCIAL SYSTEMS FOR FOUNDERS (3rd session),https://lu.ma/gtx1a14y,2027-01-08T00:30:00.000Z,San Francisco,tech,2026-07-11
⚕️ SF HealthTech Week 2027 Passport! ⚕️(@ JPM),https://lu.ma/HTW27,2027-01-09T08:00:00.000Z,San Francisco,tech,2026-07-11
Founder-Led Growth: The Content System That Brings Customers,https://lu.ma/julycontent,2026-07-11T17:30:00.000Z,New York,tech,2026-07-11
BOXCLUB x The Round — 1 Year Anniversary,https://lu.ma/npwr8bg9,2026-07-11T19:00:00.000Z,New York,tech,2026-07-11
Flushing Tech Meetup - Hackathon at TIQC,https://lu.ma/r02y1v4b,2026-07-11T20:00:00.000Z,New York,tech,2026-07-11
Founders Gathering for Manhattan Henge Watch — Reverse Network Meet,https://lu.ma/staaake-6uxa,2026-07-12T00:00:00.000Z,New York,tech,2026-07-11
"Boba, Dumplings & Sake at Industry City Brooklyn",https://lu.ma/08vo9gzr,2026-07-12T15:30:00.000Z,New York,tech,2026-07-11
Tech Founders — Power Walk,https://lu.ma/staaake-2pzi,2026-07-12T20:00:00.000Z,New York,tech,2026-07-11
Pitch and Run Monday,https://lu.ma/0yc5aeut,2026-07-13T13:00:00.000Z,New York,tech,2026-07-11
C2RE Private Investor Briefing - NYC,https://lu.ma/C2RENYC,2026-07-13T21:30:00.000Z,New York,tech,2026-07-11
WORLD'S FIRST BRAIN PONG TOURNAMENT,https://lu.ma/74gvtjzb,2026-07-13T22:00:00.000Z,New York,tech,2026-07-11
NYC B2B: Pre-Seed + Seed Founders & Investors Meetup,https://lu.ma/157l9vo7,2026-07-13T22:30:00.000Z,New York,tech,2026-07-11
FC NYC • Founders Run & Coffee!,https://lu.ma/zm4q009z,2026-07-14T11:00:00.000Z,New York,tech,2026-07-11
Pitch & Run - Prospect Park,https://lu.ma/8vxdejas,2026-07-14T11:30:00.000Z,New York,tech,2026-07-11
The Unserious Play Breakfast: Deep Chats With Women in Design,https://lu.ma/uzpzbhah,2026-07-14T12:00:00.000Z,New York,tech,2026-07-11
Coffee & Code: Culture Edition,https://lu.ma/8wwskxnd,2026-07-14T14:00:00.000Z,New York,tech,2026-07-11
The BITSing Inspiration Session,https://lu.ma/sontli5v,2026-07-14T16:00:00.000Z,New York,tech,2026-07-11
Panel: Unlocking Early Stage Funding,https://lu.ma/v_funding,2026-07-14T19:00:00.000Z,New York,tech,2026-07-11
Hard Launch 101 for Founders,https://lu.ma/ujbufpkt,2026-07-14T21:00:00.000Z,New York,tech,2026-07-11
"Advising Health Tech: Legal, Policy, and Strategic Perspectives",https://lu.ma/os332zpv,2026-07-14T21:30:00.000Z,New York,tech,2026-07-11
"Women Who Lead: Summer Wellness Night By After Hours Club, Pilot and SVB",https://lu.ma/e8dhbbiq,2026-07-14T21:30:00.000Z,New York,tech,2026-07-11
"""All-In for Impact"": A Venture Community Poker Tournament - Bringing the venture and tech community to the table—for a cause.",https://lu.ma/n2dyndau,2026-07-14T22:00:00.000Z,New York,tech,2026-07-11
Demo Night: Internal Design Tools,https://lu.ma/design-tool-demos,2026-07-14T22:00:00.000Z,New York,tech,2026-07-11
Gen Z NYC Founder & Creator Mixer,https://lu.ma/x7hif1t9,2026-07-14T22:00:00.000Z,New York,tech,2026-07-11
WOMEN IN TECH #2 - Cocktail Making Class @ The Boardroom,https://lu.ma/nfesxs5q,2026-07-14T22:00:00.000Z,New York,tech,2026-07-11
"Clover Experience | Unlisted, NYC",https://lu.ma/e7ty7w6a,2026-07-14T22:30:00.000Z,New York,tech,2026-07-11
"Data Salon: Systems Thinking, part 1",https://lu.ma/9fhofwa9,2026-07-14T22:30:00.000Z,New York,tech,2026-07-11
Digital Mindfulness - Show & Tell,https://lu.ma/l610fe72,2026-07-14T22:30:00.000Z,New York,tech,2026-07-11
Assets & Access NYC @ Pubkey,https://lu.ma/newyorkjuly,2026-07-14T23:00:00.000Z,New York,tech,2026-07-11
NYC Founders & Operators: Rooftop Drinks,https://lu.ma/y9e43awe,2026-07-14T23:00:00.000Z,New York,tech,2026-07-11
NYC MoGraph July Meetup,https://lu.ma/htnqwh9b,2026-07-14T23:00:00.000Z,New York,tech,2026-07-11
The Flâneur Walk: Urban wandering and conversation,https://lu.ma/hj8fdlpv,2026-07-14T23:00:00.000Z,New York,tech,2026-07-11
We're ON THE WAY to the International Space Station 🚀🛰️,https://lu.ma/llvpbqk2,2026-07-14T23:00:00.000Z,New York,tech,2026-07-11
Pitch & Run - Williamsburg,https://lu.ma/h1hj05sg,2026-07-15T11:30:00.000Z,New York,tech,2026-07-11
Pitch and Run - Central Park,https://lu.ma/gy5bscas,2026-07-15T12:00:00.000Z,New York,tech,2026-07-11
Five Iron Fintech,https://lu.ma/r5v5d7c4,2026-07-15T12:30:00.000Z,New York,tech,2026-07-11
NYC 1 Million Cups,https://lu.ma/hubr5z85,2026-07-15T12:30:00.000Z,New York,tech,2026-07-11
HR Brunch & Learn,https://lu.ma/hr-brunch-and-learn,2026-07-15T13:00:00.000Z,New York,tech,2026-07-11
"Wednesday Coworking - Founders, Builders, Creatives, Researchers, and Supporters",https://lu.ma/lar4lu64,2026-07-15T13:30:00.000Z,New York,tech,2026-07-11
Founder & Investor Breakfast Mixer,https://lu.ma/3095qjf8,2026-07-15T14:00:00.000Z,New York,tech,2026-07-11
Podcast SEO: Define Your Strategy & Launch Your Campaign,https://lu.ma/p9u6idp5,2026-07-15T21:00:00.000Z,New York,tech,2026-07-11
Money20/20 Summer Rooftop Happy Hour,https://lu.ma/nnsc7ueg,2026-07-15T21:30:00.000Z,New York,tech,2026-07-11
Beautiful Constraints: Design Demos & Backstories,https://lu.ma/00n6bfr8,2026-07-15T22:00:00.000Z,New York,tech,2026-07-11
EA Data & Tech Meetup,https://lu.ma/wjezonat,2026-07-15T22:00:00.000Z,New York,tech,2026-07-11
Founders/Creators Mixer,https://lu.ma/1joh1y05,2026-07-15T22:00:00.000Z,New York,tech,2026-07-11
"Innovation in Public Launch Mixer · Founders, Investors & Operators",https://lu.ma/innovationinpublic,2026-07-15T22:00:00.000Z,New York,tech,2026-07-11
Baklava & Board Games @ RRE Ventures,https://lu.ma/w62i3udv,2026-07-15T22:15:00.000Z,New York,tech,2026-07-11
"C2FM Build Night: PBL (Pizza, beer, and Legos)",https://lu.ma/rj3ovhz5,2026-07-15T22:30:00.000Z,New York,tech,2026-07-11
Founder Dinner,https://lu.ma/po6hla9u,2026-07-15T22:30:00.000Z,New York,tech,2026-07-11
Founders Poker Tournament,https://lu.ma/6dn38llb,2026-07-15T22:30:00.000Z,New York,tech,2026-07-11
Pitch Roast Live's Summer BBQ show,https://lu.ma/pitchroastjuly,2026-07-15T22:30:00.000Z,New York,tech,2026-07-11
UGLY TALK X THE BUILDER SERIES: BROOKLYN TECH FOUNDERS OPEN MIC & MIXER 🥂,https://lu.ma/Thebuilderseries-uglytalk-mixer,2026-07-15T22:30:00.000Z,New York,tech,2026-07-11
Founders Basketball New York City (July 2026),https://lu.ma/1u5c7u7d,2026-07-15T23:00:00.000Z,New York,tech,2026-07-11
Longevity & Healthtech Networking: What the Science Actually Says,https://lu.ma/s15shz7r,2026-07-15T23:00:00.000Z,New York,tech,2026-07-11
Antimetal Presents: The Odyssey Prescreening,https://lu.ma/unxb9qa9,2026-07-15T23:30:00.000Z,New York,tech,2026-07-11
Pitch and Run 730am Early Bird Battery Park,https://lu.ma/mw005iqm,2026-07-16T11:30:00.000Z,New York,tech,2026-07-11
Within Walk for Female Founders,https://lu.ma/wdffruph,2026-07-16T11:30:00.000Z,New York,tech,2026-07-11
HealthTech Roundtable: Industry Pain Points,https://lu.ma/tavern-wcf2,2026-07-16T16:30:00.000Z,New York,tech,2026-07-11
HealthTech Roundtable: Industry Pain Points,https://lu.ma/rvyqz2x6,2026-07-16T16:30:00.000Z,New York,tech,2026-07-11
"Trades, Manufacturing & Real Estate Nook",https://lu.ma/nooksand-io0e,2026-07-16T18:00:00.000Z,New York,tech,2026-07-11
BUILD NIGHT by aftrhrs,https://lu.ma/2h8zvqer,2026-07-16T21:00:00.000Z,New York,tech,2026-07-11
1984 x Oasys Health Tech Happy Hour,https://lu.ma/5mjuweon,2026-07-16T21:30:00.000Z,New York,tech,2026-07-11
Diadem VC Backed Founder & Investor Happy Hour sponsored by Fidelity,https://lu.ma/1v4owool,2026-07-16T21:30:00.000Z,New York,tech,2026-07-11
Neo Club • Summer Rooftop Mixer,https://lu.ma/a7qlikv3,2026-07-16T21:30:00.000Z,New York,tech,2026-07-11
Founder & Investor Evening Mixer,https://lu.ma/tavern-rx5h,2026-07-16T22:00:00.000Z,New York,tech,2026-07-11
Game Night 🎮 Corgi x General Intuition,https://lu.ma/r2prqu6n,2026-07-16T22:00:00.000Z,New York,tech,2026-07-11
Pool Party,https://lu.ma/rtc7isnp,2026-07-16T22:00:00.000Z,New York,tech,2026-07-11
outdoor yoga with agave haus,https://lu.ma/8vmuo8hy,2026-07-16T22:15:00.000Z,New York,tech,2026-07-11
"Builders, Founders, and Creatives Meetup",https://lu.ma/xpmhcmw5,2026-07-16T22:30:00.000Z,New York,tech,2026-07-11
The Executive Night,https://lu.ma/2a5v2l1p,2026-07-16T22:30:00.000Z,New York,tech,2026-07-11
App Founders Dinner · NY,https://lu.ma/app-founders-dinner-nyc,2026-07-16T23:00:00.000Z,New York,tech,2026-07-11
[July 2026] Monthly NYC Tech Poker Night!,https://lu.ma/9s6byc99,2026-07-16T23:00:00.000Z,New York,tech,2026-07-11
NYC Ecommerce Networking Event - Entrepreneurs & Founders Social Mixer✨🚀,https://lu.ma/ecomny2607,2026-07-16T23:00:00.000Z,New York,tech,2026-07-11
Third Thursday Tech Schmooze I July,https://lu.ma/jg1lem1s,2026-07-16T23:00:00.000Z,New York,tech,2026-07-11
Ecom Founder Connect Dinner NY,https://lu.ma/EcomFounderDinnerNY2026,2026-07-17T00:00:00.000Z,New York,tech,2026-07-11
Ship 'N Run: A run club for founders and builders,https://lu.ma/techun-u7k9,2026-07-17T11:00:00.000Z,New York,tech,2026-07-11
Tech Pickleball NYC,https://lu.ma/9uxgw8l4,2026-07-17T11:30:00.000Z,New York,tech,2026-07-11
Pitch and Run Friday - The Original PNR,https://lu.ma/vrqiepu2,2026-07-17T13:00:00.000Z,New York,tech,2026-07-11
"TechWalk | NYC, 7/17",https://lu.ma/f0lkj2gm,2026-07-17T13:00:00.000Z,New York,tech,2026-07-11
Founders Meetup: Open discussion with Amir Elichai,https://lu.ma/j4yeui6v,2026-07-17T16:00:00.000Z,New York,tech,2026-07-11
Founders Running Club :: New York 🇺🇸,https://lu.ma/wsf4r70w,2026-07-18T13:00:00.000Z,New York,tech,2026-07-11
Builders NYC: Demo Day -- Roast & Roast,https://lu.ma/upuohlnk,2026-07-18T14:00:00.000Z,New York,tech,2026-07-11
NYC July Run | Bio-Health Athletic Club,https://lu.ma/ihcghxto,2026-07-18T14:00:00.000Z,New York,tech,2026-07-11
Tajikistan Digital Innovation Business Lunch – New York 2026,https://lu.ma/be7dggvs,2026-07-18T14:00:00.000Z,New York,tech,2026-07-11
PMs of New York - Saturday Morning Coffee,https://lu.ma/4bszzig4,2026-07-18T15:00:00.000Z,New York,tech,2026-07-11
Cornell × EPIC Connector: Founders & Students Networking,https://lu.ma/cornell-epiconnector,2026-07-18T18:00:00.000Z,New York,tech,2026-07-11
MDS 9 Michelin Dinner July 2026,https://lu.ma/MDS9DinnerJuly2026,2026-07-18T21:45:00.000Z,New York,tech,2026-07-11
NYC Female Founders Dinner,https://lu.ma/vk8q58sr,2026-07-18T22:00:00.000Z,New York,tech,2026-07-11
Sound and Movement Hackathon,https://lu.ma/yfapplpy,2026-07-19T16:00:00.000Z,New York,tech,2026-07-11
Soft Speakers: Hands on eTextiles Workshop,https://lu.ma/index-97rf,2026-07-19T17:00:00.000Z,New York,tech,2026-07-11
Guava in the Park - Prospect Park Founder Meetup,https://lu.ma/m34wwcnv,2026-07-19T18:00:00.000Z,New York,tech,2026-07-11
Women Founders Dinner: Summer Rooftop Series,https://lu.ma/connnext-pkqe,2026-07-19T22:30:00.000Z,New York,tech,2026-07-11
CTO SUMMER LUNCH & COWORKING (July 20),https://lu.ma/iqsmqc5g,2026-07-20T16:30:00.000Z,New York,tech,2026-07-11
NeuroNYC’s Inaugural GP/LP Happy Hour,https://lu.ma/qlytyu5m,2026-07-20T22:00:00.000Z,New York,tech,2026-07-11
Women in Tech - Yoga + Networking,https://lu.ma/zgub5p58,2026-07-20T22:00:00.000Z,New York,tech,2026-07-11
BRIDGES: Executive Summit Welcome Dinner sponsored by Gunderson & Starbridge,https://lu.ma/41f9dg3v,2026-07-20T23:30:00.000Z,New York,tech,2026-07-11
Pitch Like a Lawyer,https://lu.ma/f7v23twx,2026-07-21T18:00:00.000Z,New York,tech,2026-07-11
Contra x Squarespace: Website Build Night,https://lu.ma/squarespace-contra-make-it-real-challenge,2026-07-21T20:00:00.000Z,New York,tech,2026-07-11
NYC Rooftop QA | Engineering Cocktail Hour,https://lu.ma/2afoxis6,2026-07-21T21:00:00.000Z,New York,tech,2026-07-11
"Hiring Cheat Codes Every Founder Needs | TriNet, Supermoon, Resident",https://lu.ma/u9b313j2,2026-07-21T21:30:00.000Z,New York,tech,2026-07-11
Meet us on the Roof! Brits in Tech & The Great British Business Club,https://lu.ma/qmki592i,2026-07-21T22:00:00.000Z,New York,tech,2026-07-11
My Worst Day as a CFO: Lessons That Changed How I Lead,https://lu.ma/b9x3sk72,2026-07-21T22:00:00.000Z,New York,tech,2026-07-11
Stripe Developer Meetup New York July 2026,https://lu.ma/rtfd5y0e,2026-07-21T22:00:00.000Z,New York,tech,2026-07-11
The Shortlist: July Founder Showcase,https://lu.ma/shortlistjuly,2026-07-21T22:00:00.000Z,New York,tech,2026-07-11
"AI & OJ: The HR & TA Leaders Breakfast - July, NY",https://lu.ma/ai-2xpe,2026-07-22T12:45:00.000Z,New York,tech,2026-07-11
Table,https://lu.ma/qa4zgukx,2026-07-22T13:00:00.000Z,New York,tech,2026-07-11
"Wednesday Coworking - Founders, Builders, Creatives, Researchers, and Supporters",https://lu.ma/xyop502i,2026-07-22T13:30:00.000Z,New York,tech,2026-07-11
2026 Innovator Program: Q&A Social Hour,https://lu.ma/vj2ty743,2026-07-22T20:00:00.000Z,New York,tech,2026-07-11
dev/ai/nyc,https://lu.ma/zmzz3250,2026-07-22T21:30:00.000Z,New York,tech,2026-07-11
Lenny’s Newsletter Meetup in NYC (with free drinks courtesy of Matic),https://lu.ma/zox9i1wx,2026-07-22T21:30:00.000Z,New York,tech,2026-07-11
Common Table NYC - Book Club,https://lu.ma/a68hscqr,2026-07-22T22:00:00.000Z,New York,tech,2026-07-11
Net Gains: A Founder Pickleball Social,https://lu.ma/hj0lsgml,2026-07-22T22:00:00.000Z,New York,tech,2026-07-11
"Plural x Kubernetes July Meetup, guest speaker Noam Levy (Topic: End-to-End Testing with Kubernetes and networking magic)",https://lu.ma/u4vja8rx,2026-07-22T22:00:00.000Z,New York,tech,2026-07-11
July Tech Rooftop Mixer (Hosted by Andrew Yeung),https://lu.ma/julytechmixer,2026-07-22T22:30:00.000Z,New York,tech,2026-07-11
We Have Euro Summer at Home,https://lu.ma/v9z18rxc,2026-07-22T23:00:00.000Z,New York,tech,2026-07-11
Chief of Staff: Leadership Beyond the Title,https://lu.ma/NYC-cos-mixer,2026-07-23T21:00:00.000Z,New York,tech,2026-07-11
Ship & Drink 🥂 💻 @Microsoft,https://lu.ma/emxixd10,2026-07-23T21:00:00.000Z,New York,tech,2026-07-11
118th NY Hardware Meetup - HW DEMO DAY at Brooklyn Navy Yard Employment Center,https://lu.ma/moixfw02,2026-07-23T22:00:00.000Z,New York,tech,2026-07-11
Building a Career in Life Science Investment,https://lu.ma/nucleate-ntpo,2026-07-23T22:00:00.000Z,New York,tech,2026-07-11
"The Builder Series: Founder, Investor & Operator Nights - July 23rd",https://lu.ma/thebuilderseries14,2026-07-23T22:00:00.000Z,New York,tech,2026-07-11
CyberCEO Executive Briefing & Dinner: ROI-Positive Marketing,https://lu.ma/cybers-0p50,2026-07-23T22:30:00.000Z,New York,tech,2026-07-11
🗽🍻 July Happy Hour with fellow Designers 🤩🥂,https://lu.ma/aia6zcd9,2026-07-23T22:30:00.000Z,New York,tech,2026-07-11
"TechWalk | Stamford, 7/23",https://lu.ma/703n2t9p,2026-07-23T22:30:00.000Z,New York,tech,2026-07-11
ZavoVentures: Bridging Startup Founders and Investors- Mixer & Dinner,https://lu.ma/cxpei3z0,2026-07-23T22:30:00.000Z,New York,tech,2026-07-11
game night.,https://lu.ma/8dl2r4k5,2026-07-23T23:00:00.000Z,New York,tech,2026-07-11
Modern Alchemy: The New Era of 3D Printing,https://lu.ma/qnmbs0vu,2026-07-23T23:00:00.000Z,New York,tech,2026-07-11
"TechWalk | NYC, 7/24",https://lu.ma/gpuufd30,2026-07-24T13:00:00.000Z,New York,tech,2026-07-11
Founders Day NYC at Gunderson Dettmer,https://lu.ma/a54jsoci,2026-07-24T13:30:00.000Z,New York,tech,2026-07-11
Convergence Health Summit NYC Where Healthcare Innovation Meets Real-World Adoption,https://lu.ma/dx92m3zf,2026-07-24T14:00:00.000Z,New York,tech,2026-07-11
NYC Coffee Club | Taking the Leap: Industry Vets Who Left to Build,https://lu.ma/ha3ty4li,2026-07-24T14:00:00.000Z,New York,tech,2026-07-11
"Tech Poker, July Edition",https://lu.ma/md0n7xuy,2026-07-24T23:00:00.000Z,New York,tech,2026-07-11
After Hours: NYC Tech Social at Maxwell Tribeca,https://lu.ma/2ek7v8ge,2026-07-25T00:00:00.000Z,New York,tech,2026-07-11
GIVE Venture Lab: Community Climate Innovation Challenge,https://lu.ma/climate-otz1,2026-07-25T13:00:00.000Z,New York,tech,2026-07-11
"TechWalk | Brooklyn, 7/25",https://lu.ma/y6qyyyv3,2026-07-25T16:00:00.000Z,New York,tech,2026-07-11
NJ Code & Coffee - July meetup,https://lu.ma/m3elxav6,2026-07-25T18:00:00.000Z,New York,tech,2026-07-11
Creator Cocktail Night + Panel: CCExNYC x IRL Ventures x Social Rising,https://lu.ma/1qe4if3j,2026-07-25T22:00:00.000Z,New York,tech,2026-07-11
2nd Annual Friends of Tournon Ventures Picnic,https://lu.ma/3wdgtqve,2026-07-26T16:30:00.000Z,New York,tech,2026-07-11
Fintech Run Club ft. Rain and Monk + Coffee on JP Morgan,https://lu.ma/003139e8,2026-07-28T11:00:00.000Z,New York,tech,2026-07-11
NYC VC MBA Summer Associate Mixer,https://lu.ma/vc-mba-mixer,2026-07-28T21:00:00.000Z,New York,tech,2026-07-11
after hours: a happy hour for new york's creatives and founders,https://lu.ma/tsezytjj,2026-07-28T22:00:00.000Z,New York,tech,2026-07-11
An evening with incident.io,https://lu.ma/incident-5p4z,2026-07-28T22:00:00.000Z,New York,tech,2026-07-11
Junto Founder Dinner (Hosted by Andrew & Friends),https://lu.ma/juntodinnerjuly,2026-07-28T22:00:00.000Z,New York,tech,2026-07-11
Creator Economy NYC's July Mixer & Panel,https://lu.ma/5crceyl8,2026-07-28T22:30:00.000Z,New York,tech,2026-07-11
JFE NY Startup and Tech Rooftop Mixer,https://lu.ma/hkqwo72c,2026-07-28T22:30:00.000Z,New York,tech,2026-07-11
Recipe for Cognitive Currencies,https://lu.ma/wk2h41ax,2026-07-28T23:00:00.000Z,New York,tech,2026-07-11
Co-Working for Social Entrepreneurs,https://lu.ma/anew-co-working4,2026-07-29T18:00:00.000Z,New York,tech,2026-07-11
AVA Early Access Party,https://lu.ma/ykil9sgc,2026-07-29T21:30:00.000Z,New York,tech,2026-07-11
Founders & Fractionals,https://lu.ma/e8sdgzeo,2026-07-29T22:00:00.000Z,New York,tech,2026-07-11
"Glasses Up, Pitch Decks Down: A Master Sommelier-Led Tasting for Leaders in Lending",https://lu.ma/bg9zlh41,2026-07-29T22:00:00.000Z,New York,tech,2026-07-11
Papers We Love: Brooklyn,https://lu.ma/2p3was2k,2026-07-29T22:30:00.000Z,New York,tech,2026-07-11
Disconnect to Reconnect - NYC Wellness Event,https://lu.ma/aisnack-qtym,2026-07-30T19:00:00.000Z,New York,tech,2026-07-11
Critical Minerals & Mining Innovation Exchange,https://lu.ma/0yxlsf7h,2026-07-30T21:00:00.000Z,New York,tech,2026-07-11
Future of Production Summit - New York,https://lu.ma/0yn3awtp,2026-07-30T21:30:00.000Z,New York,tech,2026-07-11
CX and the City with Bogg Bag 👜,https://lu.ma/bw7v68uc,2026-07-30T22:00:00.000Z,New York,tech,2026-07-11
Healthcare 2.0,https://lu.ma/46pzqk65,2026-07-30T22:00:00.000Z,New York,tech,2026-07-11
The Big Ideas Dinner with Greycroft & Stifel Bank,https://lu.ma/15sbts6z,2026-07-30T22:00:00.000Z,New York,tech,2026-07-11
The Digital Economist Innovation Hub – NYC Social Hour,https://lu.ma/b1jmzi6p,2026-07-30T22:00:00.000Z,New York,tech,2026-07-11
"TechWalk | NYC, 7/31",https://lu.ma/ka94c7ep,2026-07-31T13:00:00.000Z,New York,tech,2026-07-11
Founder x Investor Volunteer Day - DATE TBD,https://lu.ma/xfa1ot8b,2026-07-31T14:00:00.000Z,New York,tech,2026-07-11
Per Scholas New York July Graduation,https://lu.ma/rye8tptp,2026-07-31T14:00:00.000Z,New York,tech,2026-07-11
Cubicten: The Ultimate Prototype — General Visit,https://lu.ma/pov848r4,2026-08-01T15:00:00.000Z,New York,tech,2026-07-11
SIM Tri-State Summer Social,https://lu.ma/hdbqsrcc,2026-08-04T21:30:00.000Z,New York,tech,2026-07-11
"Entrepreneurs Roundtable 216 - New York City’s Longest-Running Startup Event Series, Since 2007",https://lu.ma/5b8v32zd,2026-08-04T22:00:00.000Z,New York,tech,2026-07-11
The After Hours · NYC,https://lu.ma/mc7qc5ye,2026-08-04T22:30:00.000Z,New York,tech,2026-07-11
Unframe & Unwind - NYC,https://lu.ma/7rx7fnbm,2026-08-05T21:30:00.000Z,New York,tech,2026-07-11
StartupExperts NYC: Summer Community Dinner,https://lu.ma/summer-community-dinner,2026-08-05T23:00:00.000Z,New York,tech,2026-07-11
"TechWalk | Jersey City, 8/6",https://lu.ma/nm48evkx,2026-08-06T13:00:00.000Z,New York,tech,2026-07-11
"Local Meetup in New York City, NY!",https://lu.ma/f9aeddjd,2026-08-06T16:00:00.000Z,New York,tech,2026-07-11
Faby Tastemakers Elite: NYC Founding Hosts Launch Party,https://lu.ma/ti3r7kzn,2026-08-06T21:00:00.000Z,New York,tech,2026-07-11
Startup & Professional Networking,https://lu.ma/u0gki98h,2026-08-06T21:00:00.000Z,New York,tech,2026-07-11
C2FM Member Speed Networking,https://lu.ma/iwkle77i,2026-08-06T21:30:00.000Z,New York,tech,2026-07-11
NYC Tech Ladies Meetup,https://lu.ma/TechLadiesxPepsiNYC-Aug,2026-08-07T13:30:00.000Z,New York,tech,2026-07-11
Checkout - The Travel & Hospitality Hackathon | Powered by Lovable,https://lu.ma/s7v4kw23,2026-08-08T14:00:00.000Z,New York,tech,2026-07-11
West Village Pizza Crawl: Summer 2026 Edition,https://lu.ma/31a8s679,2026-08-08T20:30:00.000Z,New York,tech,2026-07-11
Assets & Access NYC @ Pubkey,https://lu.ma/newyorkaugust,2026-08-11T23:00:00.000Z,New York,tech,2026-07-11
Women in Tech 2026 Cohort Showcase,https://lu.ma/532crftb,2026-08-12T21:30:00.000Z,New York,tech,2026-07-11
NYC Commerce Club August Mixer,https://lu.ma/august26,2026-08-12T22:30:00.000Z,New York,tech,2026-07-11
Organizing the Un-organizable: How Digital Tech Reshapes Artistic Legacy,https://lu.ma/ipomfww8,2026-08-13T23:00:00.000Z,New York,tech,2026-07-11
"Stamford, CT - Startup Pitch Workshop",https://lu.ma/pitchworkshopsct,2026-08-14T13:30:00.000Z,New York,tech,2026-07-11
☀️🧑‍🏫 August Design Talks at BrainStation 🤓🗽,https://lu.ma/eajuy1bm,2026-08-17T22:30:00.000Z,New York,tech,2026-07-11
NYC Apache Iceberg™ Community Meetup,https://lu.ma/t3z5q5s8,2026-08-20T18:00:00.000Z,New York,tech,2026-07-11
"Health2Tech NYC, August 20 2026",https://lu.ma/sqzwu8qa,2026-08-20T21:30:00.000Z,New York,tech,2026-07-11
Tech Social | Supermoon & Spring Place | NYC,https://lu.ma/u9l1i3or,2026-08-20T21:30:00.000Z,New York,tech,2026-07-11
Leopard.FYI NYC 🗽 End of Summer Happy Hour 🥂 with Anrok 💜 🧮,https://lu.ma/leopard-summer-2026-happy-hour-nyc-anrok,2026-08-20T22:00:00.000Z,New York,tech,2026-07-11
DialedIn N.Y.C. | A CreateHER Fest Tech Series,https://lu.ma/cixy2ktj,2026-08-25T22:00:00.000Z,New York,tech,2026-07-11
Trusted Publishing — Eliminating Credentials from Your Release Workflow,https://lu.ma/5mwalp6p,2026-08-26T22:00:00.000Z,New York,tech,2026-07-11
ASRC CAT x HB x Activate NY August Innovators Social,https://lu.ma/xqh8kmkc,2026-08-27T20:00:00.000Z,New York,tech,2026-07-11
Biotech XYZ Inaugural NYC Career Fair,https://lu.ma/ia5wr0mm,2026-08-28T20:00:00.000Z,New York,tech,2026-07-11
FFF NYC x Inc. Magazine @ Ramp HQ,https://lu.ma/FFFNY,2026-09-01T21:00:00.000Z,New York,tech,2026-07-11
Girlies in Tech Dinner pt. 11 <3 | NYC Edition | NoMad,https://lu.ma/i3whlzeq,2026-09-02T23:00:00.000Z,New York,tech,2026-07-11
Assets & Access NYC @ Pubkey,https://lu.ma/newyorkseptember,2026-09-08T22:00:00.000Z,New York,tech,2026-07-11
Social & Digital for Creatives - even without budget or followers | Janie Ho,https://lu.ma/nc03nz4a,2026-09-09T22:00:00.000Z,New York,tech,2026-07-11
MuniTech 2026: NYC,https://lu.ma/1yplr242,2026-09-16T17:30:00.000Z,New York,tech,2026-07-11
Sustainable Design Impact Hub: Fashion x Deep Tech,https://lu.ma/upsdshbs,2026-09-17T13:00:00.000Z,New York,tech,2026-07-11
Wallet Max Emerald Summit and Awards,https://lu.ma/EmeraldSummitWM26,2026-09-18T13:00:00.000Z,New York,tech,2026-07-11
[Official] Family Offices & Investors Summit - Climate Week NYC (+LPs/GPs Matchmaking),https://lu.ma/4tgu4cmw,2026-09-23T18:00:00.000Z,New York,tech,2026-07-11
"Nuclear Symposium 2026 (Sep 23-24, NYC Climate Week)",https://lu.ma/6feu0wb0,2026-09-23T19:00:00.000Z,New York,tech,2026-07-11
"Private Upstate Founders Dinner: NYC, Climate Edition",https://lu.ma/lli6upfa,2026-09-23T21:30:00.000Z,New York,tech,2026-07-11
"Entrepreneurs Roundtable 218 - New York City’s Longest-Running Startup Event Series, Since 2007",https://lu.ma/eg68zyho,2026-10-06T22:00:00.000Z,New York,tech,2026-07-11
Assets & Access NYC @ Pubkey,https://lu.ma/newyorkoctober,2026-10-13T22:00:00.000Z,New York,tech,2026-07-11
MENA Rising NYC 2026 by Viaka,https://lu.ma/36f96t60,2026-10-14T12:00:00.000Z,New York,tech,2026-07-11
The Annual Womansplain Summit 2026,https://lu.ma/7bxd1137,2026-10-16T13:00:00.000Z,New York,tech,2026-07-11
Squarespace Circle Day 2026 (In-Person),https://lu.ma/circle-day-2026-in-person,2026-10-21T13:00:00.000Z,New York,tech,2026-07-11
ASRC CAT x HB x JPM October Innovators Social,https://lu.ma/mg1gelkm,2026-10-22T20:00:00.000Z,New York,tech,2026-07-11
Building Cultural Institutions for What Comes Next,https://lu.ma/xkadyzyk,2026-10-22T23:00:00.000Z,New York,tech,2026-07-11
The Outliers Summit (Nov 5 & 6),https://lu.ma/2026,2026-11-05T14:00:00.000Z,New York,tech,2026-07-11
SprintRay Midas World Tour - New York City,https://lu.ma/434ou76c,2026-11-06T13:30:00.000Z,New York,tech,2026-07-11
NY(SKI): Founder & Friends Ski Retreat (Volume 3),https://lu.ma/nyski3,2027-02-01T11:30:00.000Z,New York,tech,2026-07-11
InsurTech 2027 Spring Conference,https://lu.ma/insurtechspring2027,2027-04-05T12:30:00.000Z,New York,tech,2026-07-11
Rare Build Hackathon - From Idea to Business in 10 Hours,https://lu.ma/whe8e3ip,2026-07-11T08:00:00.000Z,London,tech,2026-07-11
London Community Meetup,https://lu.ma/getmoxie-u1u3,2026-07-12T10:00:00.000Z,London,tech,2026-07-11
HackWimbledon July 2026 #1,https://lu.ma/2kv486ai,2026-07-12T11:00:00.000Z,London,tech,2026-07-11
Audacity lab: Improv Workshop For Women Founders,https://lu.ma/n6etyp2u,2026-07-12T17:00:00.000Z,London,tech,2026-07-11
EIA London 2026 — Opening Day,https://lu.ma/0yijvpop,2026-07-13T08:30:00.000Z,London,tech,2026-07-11
Building Defensible Companies: Episode 3: From Idea-Exit In 4 Years. Christopher Dell: Founder Locale,https://lu.ma/79sb8w70,2026-07-13T17:00:00.000Z,London,tech,2026-07-11
Campaign Lab Summer Hack Night!,https://lu.ma/0jgxtvhs,2026-07-13T18:00:00.000Z,London,tech,2026-07-11
VCRunClub #59,https://lu.ma/r08jy5gz,2026-07-14T06:30:00.000Z,London,tech,2026-07-11
Soapbox Sessions: VC Community Builders Brekkie,https://lu.ma/zzpgkbpe,2026-07-14T07:00:00.000Z,London,tech,2026-07-11
Build a reputation that sells itself: which media move will actually make you money?,https://lu.ma/xu5lvgz2,2026-07-14T07:30:00.000Z,London,tech,2026-07-11
Solo Builders LDN: Coworking Session Vol. 1,https://lu.ma/4z485m8m,2026-07-14T08:30:00.000Z,London,tech,2026-07-11
The Modern SME Economy. Finally Legible,https://lu.ma/wrlo38vr,2026-07-14T16:00:00.000Z,London,tech,2026-07-11
From Side Hustle to Startup,https://lu.ma/erg0f8nq,2026-07-14T16:30:00.000Z,London,tech,2026-07-11
Do I even need ops yet?,https://lu.ma/doievenneedopsyet,2026-07-14T17:00:00.000Z,London,tech,2026-07-11
The Bridge By Wavelength,https://lu.ma/7j9e7oh7,2026-07-14T17:00:00.000Z,London,tech,2026-07-11
"Rooftop Edition | Founders, Entrepreneurs, Investors & Professionals",https://lu.ma/ntl-bif0,2026-07-14T17:30:00.000Z,London,tech,2026-07-11
Turks in Tech UK - 14 July 2026,https://lu.ma/ilob18ch,2026-07-14T18:00:00.000Z,London,tech,2026-07-11
Hitting the Right Note in Every Market - A Breakfast With LILT,https://lu.ma/v17ydpyi,2026-07-15T07:30:00.000Z,London,tech,2026-07-11
VC Breakfast @ Eurazeo Venture,https://lu.ma/svhqtosi,2026-07-15T07:45:00.000Z,London,tech,2026-07-11
App Growth Breakfast @ London,https://lu.ma/a6aykuoe,2026-07-15T08:00:00.000Z,London,tech,2026-07-11
🧘‍♀️ Yoga & Salad Morning [Goswell Road],https://lu.ma/hfxvh139,2026-07-15T10:00:00.000Z,London,tech,2026-07-11
"Women at the Table, by Women in Ecommerce",https://lu.ma/zqx21ghe,2026-07-15T11:00:00.000Z,London,tech,2026-07-11
Bridging the Landlord-Tenant Divide with Smart Building Technology,https://lu.ma/f8gchrq1,2026-07-15T14:30:00.000Z,London,tech,2026-07-11
Brighteye's Founder Studio Demo Day,https://lu.ma/8jwsojx6,2026-07-15T15:30:00.000Z,London,tech,2026-07-11
Ledgy’s EC/DC Launch Party,https://lu.ma/c2s07o2y,2026-07-15T15:30:00.000Z,London,tech,2026-07-11
Global Dementia Innovation Mixer,https://lu.ma/cabhi-x4cg,2026-07-15T16:00:00.000Z,London,tech,2026-07-11
LTL 24: Life After Being a CTO,https://lu.ma/uykj3wmd,2026-07-15T16:30:00.000Z,London,tech,2026-07-11
Dinner at Ember Yard,https://lu.ma/2e73crhd,2026-07-15T17:00:00.000Z,London,tech,2026-07-11
"The Android Circuit: Seventh Stop, St. Paul’s",https://lu.ma/omcz1zwi,2026-07-15T17:00:00.000Z,London,tech,2026-07-11
The AVT Academy: the summer meet-up,https://lu.ma/6phwk6sy,2026-07-15T17:00:00.000Z,London,tech,2026-07-11
FFR Fundraising Meetup,https://lu.ma/8xl1xngc,2026-07-16T08:00:00.000Z,London,tech,2026-07-11
The Fair Fight Coalition: Private soft launch,https://lu.ma/enki-sp2m,2026-07-16T08:00:00.000Z,London,tech,2026-07-11
"Founders Coworking: Builders, Makers & Solo-preneurs - Kings Cross London - 25 Spaces ONLY",https://lu.ma/c2c5qaip,2026-07-16T08:45:00.000Z,London,tech,2026-07-11
Intentionally creating & closing ICP deals | Pipeline and Pints Series Episode 3,https://lu.ma/hphslynz,2026-07-16T16:00:00.000Z,London,tech,2026-07-11
POTATO - Summer / Bday Party,https://lu.ma/gnizwp57,2026-07-16T16:00:00.000Z,London,tech,2026-07-11
"Autonomous Vehicles: Technology, Policy and Deployment @ IDEALondon",https://lu.ma/9bxr2bxi,2026-07-16T16:30:00.000Z,London,tech,2026-07-11
How Community is Redefining What's Possible in STEM,https://lu.ma/qs7dv2g3,2026-07-16T17:00:00.000Z,London,tech,2026-07-11
Weekly football 5-aside by Granola!,https://lu.ma/zs2xgnnr,2026-07-16T17:20:00.000Z,London,tech,2026-07-11
❤️‍🩹 Fail Forward: Founders' Fuckups Night,https://lu.ma/tower-d89t,2026-07-16T17:30:00.000Z,London,tech,2026-07-11
Userpilot's Summer Rooftop BBQ: London Edition,https://lu.ma/London-happy-hour,2026-07-16T17:30:00.000Z,London,tech,2026-07-11
FOUNDERS UK Community Meetup,https://lu.ma/zck2n6t0,2026-07-16T18:00:00.000Z,London,tech,2026-07-11
London Fintech Drinks #1,https://lu.ma/fy0kjbqc,2026-07-16T18:00:00.000Z,London,tech,2026-07-11
Member Drinks Social,https://lu.ma/kbpn82hj,2026-07-16T18:00:00.000Z,London,tech,2026-07-11
SUMMER LOUNGE - The $124 Trillion Wealth Transfer,https://lu.ma/sxx3uun9,2026-07-17T07:30:00.000Z,London,tech,2026-07-11
The Founder's Table : Breakfast Club,https://lu.ma/rk2ms6ez,2026-07-17T08:00:00.000Z,London,tech,2026-07-11
Accenture Insight Day,https://lu.ma/nrugku3y,2026-07-17T09:00:00.000Z,London,tech,2026-07-11
ANTLER NEXT-GEN: Founder Fridays,https://lu.ma/ff_1,2026-07-17T09:00:00.000Z,London,tech,2026-07-11
MVP Showcase,https://lu.ma/i7z1ompl,2026-07-17T16:45:00.000Z,London,tech,2026-07-11
Founders Rooftop Party,https://lu.ma/mrt9iebm,2026-07-17T17:00:00.000Z,London,tech,2026-07-11
Founders Running Club :: London,https://lu.ma/eia7vpcq,2026-07-18T08:30:00.000Z,London,tech,2026-07-11
London Health/Bio Coffee Club,https://lu.ma/gqtn269o,2026-07-18T10:00:00.000Z,London,tech,2026-07-11
Food And UX Picnic,https://lu.ma/3ec751v0,2026-07-18T14:00:00.000Z,London,tech,2026-07-11
Founders Football Tournament ⚽,https://lu.ma/ae6gwfnf,2026-07-18T15:00:00.000Z,London,tech,2026-07-11
AMA @sugaroverflow - 21 June 2026,https://lu.ma/fs0lxiag,2026-07-19T11:00:00.000Z,London,tech,2026-07-11
FoundHers Group Ride🚴‍♀️,https://lu.ma/309036el,2026-07-19T13:00:00.000Z,London,tech,2026-07-11
UX in the Wild: Summer Picnic,https://lu.ma/vx737sk6,2026-07-19T13:00:00.000Z,London,tech,2026-07-11
Meet nTop at Farnborough International Airshow,https://lu.ma/1zd9t6kd,2026-07-20T09:00:00.000Z,London,tech,2026-07-11
Seraphim Space Lunch: Farnborough Edition,https://lu.ma/SeraphimFarnborough,2026-07-20T11:15:00.000Z,London,tech,2026-07-11
Soapbox Labs: Preparing for Exit with Sage,https://lu.ma/z97wwji1,2026-07-21T07:00:00.000Z,London,tech,2026-07-11
Computer Science Innovation Challenge SHOWCASE,https://lu.ma/ihr8j5uc,2026-07-21T15:00:00.000Z,London,tech,2026-07-11
Carbon13 Climatetech SEIS Fund X,https://lu.ma/oggk4s52,2026-07-21T17:00:00.000Z,London,tech,2026-07-11
Founder Pitch Relay & Networking,https://lu.ma/miw6hqgr,2026-07-21T17:00:00.000Z,London,tech,2026-07-11
Oasis International Meetup: Summer Edition,https://lu.ma/a3fd54gl,2026-07-21T17:00:00.000Z,London,tech,2026-07-11
"Garden Networking Night for Founders, Investors, Tech & Business Professionals",https://lu.ma/ntl-tyf1,2026-07-21T17:30:00.000Z,London,tech,2026-07-11
Graphics programming with GLSL shaders [c3s meetup #12],https://lu.ma/qpjqjy8u,2026-07-21T17:30:00.000Z,London,tech,2026-07-11
Patent Pending Party - LONDON,https://lu.ma/au61q3ty,2026-07-21T17:30:00.000Z,London,tech,2026-07-11
On x London Startups Operator RunClub & Social,https://lu.ma/0q3l7ij3,2026-07-21T18:00:00.000Z,London,tech,2026-07-11
Beautiful Souls & Co | Summer Social Picnic,https://lu.ma/6bzg17r9,2026-07-22T16:00:00.000Z,London,tech,2026-07-11
PEF London: Pitch & Golf Event,https://lu.ma/qrb04rph,2026-07-22T16:30:00.000Z,London,tech,2026-07-11
Capital & Castling: Chess Night for the Startup Community,https://lu.ma/kh21ppzt,2026-07-22T17:00:00.000Z,London,tech,2026-07-11
Exclusive Summer Drinks Reception,https://lu.ma/onkld9ko,2026-07-22T17:00:00.000Z,London,tech,2026-07-11
Founder Fireside Chat with Michael Moszynski,https://lu.ma/a1kx15iz,2026-07-22T17:00:00.000Z,London,tech,2026-07-11
Invest in California Program and Networking Reception,https://lu.ma/blfhr6lu,2026-07-22T17:00:00.000Z,London,tech,2026-07-11
London Tech Boardgames Night · TechGames x Sigma x Deel,https://lu.ma/4mxutx5q,2026-07-22T17:00:00.000Z,London,tech,2026-07-11
Lychee's Startup Games Night,https://lu.ma/gip1r4d4,2026-07-22T17:00:00.000Z,London,tech,2026-07-11
Turing Fest Founder Social - London,https://lu.ma/crhif9pu,2026-07-22T17:00:00.000Z,London,tech,2026-07-11
Women in tech: Engineering dinner,https://lu.ma/qhqh4pcy,2026-07-22T17:00:00.000Z,London,tech,2026-07-11
After Hours Salon - SUMMER PICNIC,https://lu.ma/dy3x7ra5,2026-07-22T17:30:00.000Z,London,tech,2026-07-11
Founder Nation: Padel Social - London,https://lu.ma/2ilyqjz0,2026-07-22T18:00:00.000Z,London,tech,2026-07-11
Founder Nation: Breakie @ The Savoy,https://lu.ma/nm3hbo6b,2026-07-23T07:00:00.000Z,London,tech,2026-07-11
What Founders Miss in Term Sheets,https://lu.ma/y93sn8bh,2026-07-23T09:00:00.000Z,London,tech,2026-07-11
"9 to Wine: After-work Social with Music, Food and Drinks",https://lu.ma/41hssh7n,2026-07-23T16:30:00.000Z,London,tech,2026-07-11
APAC Founders × VCs — Closed-Door Roundtable,https://lu.ma/d3w5p44g,2026-07-23T17:00:00.000Z,London,tech,2026-07-11
Arva AI Office Warming,https://lu.ma/fyjmknew,2026-07-23T17:00:00.000Z,London,tech,2026-07-11
Cloud Native Media #22,https://lu.ma/mbvfiwxi,2026-07-23T17:00:00.000Z,London,tech,2026-07-11
Fundraising Without the Guesswork,https://lu.ma/wxncw43e,2026-07-23T17:00:00.000Z,London,tech,2026-07-11
Press Released,https://lu.ma/xkxncvpd,2026-07-23T17:30:00.000Z,London,tech,2026-07-11
Sweat & Scale : Women's Sauna Series,https://lu.ma/odudj0q5,2026-07-24T07:30:00.000Z,London,tech,2026-07-11
Healthcare UX Meetup 24 July,https://lu.ma/la2uyjle,2026-07-24T16:00:00.000Z,London,tech,2026-07-11
Pints & Pipelines — Bioinformatics Pub Night,https://lu.ma/vtjci5wf,2026-07-24T16:30:00.000Z,London,tech,2026-07-11
UK 5050 Summer Party,https://lu.ma/6e1k0mj6,2026-07-24T17:00:00.000Z,London,tech,2026-07-11
The Startup Stroll,https://lu.ma/tnhnd20g,2026-07-25T09:00:00.000Z,London,tech,2026-07-11
Audio Buffer London,https://lu.ma/d5ow2dyn,2026-07-27T15:00:00.000Z,London,tech,2026-07-11
Campaign Lab Summer Hack Night!,https://lu.ma/zuc4ugqk,2026-07-27T18:00:00.000Z,London,tech,2026-07-11
London Fintech Breakfast,https://lu.ma/vwhci5jz,2026-07-28T08:30:00.000Z,London,tech,2026-07-11
Quantum Networking Strategy and Testbeds Event,https://lu.ma/et10jkz1,2026-07-28T09:30:00.000Z,London,tech,2026-07-11
Founders & Funders: LON VC Reverse Pitch,https://lu.ma/fnfxlondon0726,2026-07-28T16:00:00.000Z,London,tech,2026-07-11
Scaling Across Borders: The Cash-Burning Mistakes of International Expansion & Growth,https://lu.ma/upcqbm6t,2026-07-28T16:30:00.000Z,London,tech,2026-07-11
The Ownership Equation,https://lu.ma/i0zl9u8s,2026-07-28T16:45:00.000Z,London,tech,2026-07-11
Black in Tech UK's - Recruiter Tea,https://lu.ma/u8hvo2vo,2026-07-28T17:00:00.000Z,London,tech,2026-07-11
Hacker News London Meetup #9,https://lu.ma/009jyd75,2026-07-28T17:00:00.000Z,London,tech,2026-07-11
London Summer Party,https://lu.ma/wg50hf3f,2026-07-28T17:00:00.000Z,London,tech,2026-07-11
"Finance, Banking, Investments & Fintech for Startups & Professionals",https://lu.ma/ntl-fy0e,2026-07-28T17:30:00.000Z,London,tech,2026-07-11
"Startup Funding & Networking: VCs, Angels & Founders",https://lu.ma/ntl-1q03,2026-07-28T17:30:00.000Z,London,tech,2026-07-11
Airtable London Meetup: BYOB (Bring your own build),https://lu.ma/airtable-community-london-builder-07-26,2026-07-29T16:30:00.000Z,London,tech,2026-07-11
One Knight at the Pub July 2026,https://lu.ma/66rq0u5e,2026-07-29T17:00:00.000Z,London,tech,2026-07-11
Sonura Sessions: Beatmaxxing,https://lu.ma/rmkjgwk7,2026-07-29T17:00:00.000Z,London,tech,2026-07-11
TransformGov Talks: July 2026,https://lu.ma/5ux09nfv,2026-07-29T17:00:00.000Z,London,tech,2026-07-11
UK OSINT Community: Unplugged,https://lu.ma/v41w8xxr,2026-07-29T17:00:00.000Z,London,tech,2026-07-11
Women at the Table Series | London,https://lu.ma/ds47t70t,2026-07-29T17:00:00.000Z,London,tech,2026-07-11
INSURTECH RUN CLUB - JULY EDITION,https://lu.ma/quhovu27,2026-07-30T11:30:00.000Z,London,tech,2026-07-11
Under 35s.Media London Launch,https://lu.ma/itze932s,2026-07-30T17:00:00.000Z,London,tech,2026-07-11
STUDIO DIAL Launch Party,https://lu.ma/zarsjqes,2026-07-30T17:30:00.000Z,London,tech,2026-07-11
SUMMER LOUNGE - The $1 Trillion Women's Health Opportunity,https://lu.ma/qk94xbrn,2026-07-31T07:30:00.000Z,London,tech,2026-07-11
🍦 Creator/Founder Meetup (London),https://lu.ma/fpaow56e,2026-08-01T16:00:00.000Z,London,tech,2026-07-11
"Dress the role, own the room for Health innovators",https://lu.ma/o6a1iejm,2026-08-02T12:30:00.000Z,London,tech,2026-07-11
CDT Maker Club August Takeover,https://lu.ma/n8i0l9y5,2026-08-03T09:00:00.000Z,London,tech,2026-07-11
Campaign Lab Summer Hack Night!,https://lu.ma/zu5tcd8r,2026-08-03T18:00:00.000Z,London,tech,2026-07-11
Built to Last: Ensuring Longevity for Your CVC,https://lu.ma/vs788e20,2026-08-04T07:00:00.000Z,London,tech,2026-07-11
"Health2Tech London August 4, 2026",https://lu.ma/6dwy04dd,2026-08-04T16:30:00.000Z,London,tech,2026-07-11
Founder Circle: In The GenDen,https://lu.ma/1fkwbzyp,2026-08-04T17:00:00.000Z,London,tech,2026-07-11
Lab Automation with Opentrons,https://lu.ma/20t2idnb,2026-08-04T17:00:00.000Z,London,tech,2026-07-11
The Recipe for Fearless Impact- Just Eat x Colorintech,https://lu.ma/2cmpjmso,2026-08-06T14:30:00.000Z,London,tech,2026-07-11
The Startup Stroll,https://lu.ma/7h8sbenr,2026-08-15T09:00:00.000Z,London,tech,2026-07-11
Tools for Live-coding Music,https://lu.ma/iddir14g,2026-08-15T10:00:00.000Z,London,tech,2026-07-11
"Yuh Zimi: Innovative Materials for Makers Talk, Q&A and Mixer with @pulpatronics",https://lu.ma/v6prm0wj,2026-08-19T18:00:00.000Z,London,tech,2026-07-11
INSURTECH RUN CLUB - AUGUST EARN YOUR BEERS EDITION 🍻,https://lu.ma/o3inx9bj,2026-08-20T16:30:00.000Z,London,tech,2026-07-11
Closing the Summer Round: Rooftop Evening,https://lu.ma/wy6b0yed,2026-08-20T17:00:00.000Z,London,tech,2026-07-11
"Hult Prize 2026: Investor Demo Day at Google HQ, London",https://lu.ma/5ctooa1p,2026-08-27T09:00:00.000Z,London,tech,2026-07-11
Off the Grid London Kicker: Future Capital,https://lu.ma/pr1s52py,2026-09-02T16:00:00.000Z,London,tech,2026-07-11
"Aperture Sessions London, sponsored by Paddle",https://lu.ma/8ipmk7uw,2026-09-02T17:30:00.000Z,London,tech,2026-07-11
Halkin for Startups - Roof Terrace Party,https://lu.ma/d49f3aht,2026-09-03T17:00:00.000Z,London,tech,2026-07-11
PMOS:,https://lu.ma/utec5s8z,2026-09-04T07:30:00.000Z,London,tech,2026-07-11
The Startup Stroll,https://lu.ma/w1055oxw,2026-09-05T09:00:00.000Z,London,tech,2026-07-11
Crazy Golf & Drinks - Invictus,https://lu.ma/akjrcc1p,2026-09-06T15:00:00.000Z,London,tech,2026-07-11
"Startup Roadshow: London edition, hosted by Barclays Eagle Labs & SeedLegals",https://lu.ma/vlo3p4fu,2026-09-08T16:30:00.000Z,London,tech,2026-07-11
Designing the Modern Real Estate Tech Stack: Unifying Building Operations to Drive Portfolio Performance - Roundtable,https://lu.ma/svim0cfs,2026-09-09T08:15:00.000Z,London,tech,2026-07-11
"Managing Energy, Cost, and Compliance Across Residential Portfolios at Scale - Roundtable",https://lu.ma/cjq3q112,2026-09-09T08:15:00.000Z,London,tech,2026-07-11
Protecting Residential Margins through Technology-Led Process Automation - Roundtable,https://lu.ma/2vajikba,2026-09-09T08:15:00.000Z,London,tech,2026-07-11
The Workplace Data Divide: Turning Retrofit and New-Build Metrics into Occupant Value - Roundtable,https://lu.ma/anxqge2c,2026-09-09T08:15:00.000Z,London,tech,2026-07-11
Retrofitting Commercial Portfolios: Translating Capex into Asset Value - Roundtable,https://lu.ma/whl95aky,2026-09-09T10:00:00.000Z,London,tech,2026-07-11
Governed by Design: How Institutional Real Estate Teams Are Replacing Manual Reporting with Structured Intelligence - Roundtable,https://lu.ma/o4l6g67q,2026-09-09T12:30:00.000Z,London,tech,2026-07-11
"Reshaping Real Estate Portfolios: The Rise of Energy, Data Centres & New Assets - Roundtable",https://lu.ma/oed2japp,2026-09-09T12:30:00.000Z,London,tech,2026-07-11
CTA 5 Year Anniversary,https://lu.ma/nzintapu,2026-09-09T13:30:00.000Z,London,tech,2026-07-11
Data-Driven Strategies for Sustaining and Extending Asset Lifecycles - Roundtable,https://lu.ma/bpdvi2ex,2026-09-09T14:15:00.000Z,London,tech,2026-07-11
From Data to Decisions - Powering the Modern Real Estate Firm - Roundtable,https://lu.ma/qbzz7di0,2026-09-09T14:15:00.000Z,London,tech,2026-07-11
Leveraging Energy Data to Achieve Net Zero in Real Estate - Roundtable,https://lu.ma/rzoru1m8,2026-09-09T14:15:00.000Z,London,tech,2026-07-11
Greentech Masterclass launch,https://lu.ma/rlxa493o,2026-09-09T15:30:00.000Z,London,tech,2026-07-11
Building Scalable Operating Models for Pan-European Living - Roundtable,https://lu.ma/vstfbqtg,2026-09-10T08:15:00.000Z,London,tech,2026-07-11
The Capital Magnet: Why Data Quality is the New Currency of Real Estate - Roundtable,https://lu.ma/9clhtqbd,2026-09-10T12:30:00.000Z,London,tech,2026-07-11
Asset Intelligence at Scale: Modernising Portfolio Maintenance - Roundtable,https://lu.ma/lqmekcl7,2026-09-10T14:15:00.000Z,London,tech,2026-07-11
The Connected Estate: Turning Asset Intelligence into Portfolio Performance - Roundtable,https://lu.ma/e87qr468,2026-09-10T14:15:00.000Z,London,tech,2026-07-11
GeoCyclone: Cyber & Signals Intelligence - 10 September 26 (General Sign-Up),https://lu.ma/gmanshak,2026-09-10T17:00:00.000Z,London,tech,2026-07-11
GeoCyclone: Cyber & Signals Intelligence - 10 September 26 (Student Sign-Up),https://lu.ma/ylwd7s3w,2026-09-10T17:00:00.000Z,London,tech,2026-07-11
EmpowerHER - Breakfast September 2026,https://lu.ma/x49v1smw,2026-09-15T07:30:00.000Z,London,tech,2026-07-11
The Future of Ingredients | London Pre-FFT Conference Evening,https://lu.ma/1wfsi6sv,2026-09-23T14:30:00.000Z,London,tech,2026-07-11
Laravel London // September Meetup,https://lu.ma/2xui0w94,2026-09-23T17:00:00.000Z,London,tech,2026-07-11
SREday London 2026 Q3,https://lu.ma/sreday-2026-london-q3,2026-09-24T08:00:00.000Z,London,tech,2026-07-11
Water Dragons Alumni Showcase,https://lu.ma/y8nvthi9,2026-09-24T14:00:00.000Z,London,tech,2026-07-11
Building Defensible Companies: Episode 1: Craig Donaldson - Founder Metro Bank,https://lu.ma/i3f7nqdb,2026-10-06T17:00:00.000Z,London,tech,2026-07-11
Cyberscape 2026: NCFA x KTS,https://lu.ma/83kvctbn,2026-10-17T08:30:00.000Z,London,tech,2026-07-11
SEV0 - The reliability conference (LDN),https://lu.ma/uxbo46sp,2026-10-20T07:30:00.000Z,London,tech,2026-07-11
Defence Disrupted,https://lu.ma/6txx73g9,2026-10-20T08:00:00.000Z,London,tech,2026-07-11
Typelevel Open Source Hack London,https://lu.ma/vzp35rp7,2026-10-24T09:00:00.000Z,London,tech,2026-07-11
Built by Few: The Founder Summit by Connect,https://lu.ma/phtg8nap,2026-11-03T10:00:00.000Z,London,tech,2026-07-11
STIQ ROBOTICS evening networking event (#12),https://lu.ma/rmyy6bgl,2026-11-18T17:30:00.000Z,London,tech,2026-07-11
Pride in FinTech 2026 | Celebratory Event,https://lu.ma/2wqgpvv2,2026-12-03T17:30:00.000Z,London,tech,2026-07-11
Endorphins & Exchanges – Founders Co-work & Run,https://lu.ma/uhxyvx7r,2026-07-13T07:00:00.000Z,Berlin,tech,2026-07-11
Meet the Machines,https://lu.ma/3pmdhqrq,2026-07-13T16:00:00.000Z,Berlin,tech,2026-07-11
"NLND Open Day: Tour, Co-working, Drinks + DJ",https://lu.ma/nlnd-open-day-0726,2026-07-14T07:00:00.000Z,Berlin,tech,2026-07-11
SHE/THEY BER Co-Working @TheDelta,https://lu.ma/m0u7lrcs,2026-07-14T07:30:00.000Z,Berlin,tech,2026-07-11
BERLIN QUANTUM BarBQ July 2026,https://lu.ma/3wdhm3uu,2026-07-14T15:00:00.000Z,Berlin,tech,2026-07-11
Qonto x The Delta Semifinal World Cup Rooftop Viewing,https://lu.ma/mjxcr8rl,2026-07-14T15:00:00.000Z,Berlin,tech,2026-07-11
Young Builders Night,https://lu.ma/4bufplr4,2026-07-14T16:00:00.000Z,Berlin,tech,2026-07-11
Masterclass: Mastering Venture Capital Fundraising,https://lu.ma/pcgjw7o9,2026-07-15T14:00:00.000Z,Berlin,tech,2026-07-11
Slay Your Pitch: Pitch Lab & Pizza,https://lu.ma/0fvqvwnn,2026-07-15T16:00:00.000Z,Berlin,tech,2026-07-11
GTM Roadshow: n8n Fest lunch,https://lu.ma/apify-n8n-fest,2026-07-16T09:00:00.000Z,Berlin,tech,2026-07-11
n8n Fest 2026,https://lu.ma/n8n-fest-2026,2026-07-16T15:00:00.000Z,Berlin,tech,2026-07-11
All It Takes Is One Opportunity Strong&Proud,https://lu.ma/afoo8x74,2026-07-16T16:00:00.000Z,Berlin,tech,2026-07-11
ART-SCI+ NODES (Community Event) @ Berlin,https://lu.ma/9853z03w,2026-07-16T16:00:00.000Z,Berlin,tech,2026-07-11
Nikita Fahrenholz - Gründerszene x The Delta,https://lu.ma/j11vihq7,2026-07-16T16:00:00.000Z,Berlin,tech,2026-07-11
GTM Garage | Inside Dash0's GTM Engine,https://lu.ma/gtm-garage,2026-07-16T16:30:00.000Z,Berlin,tech,2026-07-11
Maker Basics: Laser Cutting,https://lu.ma/8l8l6ngi,2026-07-17T12:00:00.000Z,Berlin,tech,2026-07-11
Summer get-together in Mitte — Handpicked Berlin × Berlin Events Weekly,https://lu.ma/summer-get-together,2026-07-17T16:30:00.000Z,Berlin,tech,2026-07-11
Summer Season: Founders Running Club :: Berlin 🏃‍♀️🏃‍♂️,https://lu.ma/ad9osgf1,2026-07-18T07:00:00.000Z,Berlin,tech,2026-07-11
Entract Beach Volleyball,https://lu.ma/97dyoyim,2026-07-18T11:00:00.000Z,Berlin,tech,2026-07-11
Developer Impact Days 2026 (Event 1 of 3),https://lu.ma/mqyltn2z,2026-07-21T11:00:00.000Z,Berlin,tech,2026-07-11
Gæmz #72 in Berlin,https://lu.ma/cl55f1lc,2026-07-21T17:00:00.000Z,Berlin,tech,2026-07-11
Startups Support & Mind Clarity Group | Week's Topic: 12 Rules for Life + Reflections & Meditations,https://lu.ma/c34qnuwx,2026-07-21T17:30:00.000Z,Berlin,tech,2026-07-11
Grace Coworking Day,https://lu.ma/cc5315z1,2026-07-22T07:00:00.000Z,Berlin,tech,2026-07-11
Future Female Founders Meetup (AFM #16),https://lu.ma/vfxzewnt,2026-07-22T16:00:00.000Z,Berlin,tech,2026-07-11
QueerNext Co-Working Day @ CIC (Pride Edition) 🌈,https://lu.ma/rm475uhn,2026-07-23T07:00:00.000Z,Berlin,tech,2026-07-11
Maker Basics: CNC Milling,https://lu.ma/fthtkkw7,2026-07-23T15:00:00.000Z,Berlin,tech,2026-07-11
Proof of Paddle: Ping Pong & Vibes,https://lu.ma/w5y8581s,2026-07-23T15:00:00.000Z,Berlin,tech,2026-07-11
Growth Sessions by iubenda | Berlin 23.7,https://lu.ma/atojv3do,2026-07-23T16:00:00.000Z,Berlin,tech,2026-07-11
SEO Stammtisch AS Dachterrasse,https://lu.ma/7ivwsnlj,2026-07-23T16:00:00.000Z,Berlin,tech,2026-07-11
DroneAid Berlin Workshop - 25 July 2026,https://lu.ma/d6e5se2m,2026-07-25T10:00:00.000Z,Berlin,tech,2026-07-11
Start Up Picnic,https://lu.ma/wr5lxm5k,2026-07-26T12:00:00.000Z,Berlin,tech,2026-07-11
R&D Social Run | 5k Innovation Loop,https://lu.ma/jazvtnl8,2026-07-27T05:00:00.000Z,Berlin,tech,2026-07-11
STACKIT UG Berlin // July 2026,https://lu.ma/kfc5j006,2026-07-28T15:30:00.000Z,Berlin,tech,2026-07-11
4WARD's Berlin Climate & Sustainability Networking Meetup,https://lu.ma/9se2jej9,2026-07-28T16:30:00.000Z,Berlin,tech,2026-07-11
CTO Craft Mixers: Berlin,https://lu.ma/cj9l61ke,2026-07-29T16:00:00.000Z,Berlin,tech,2026-07-11
FeedForward - Berlin,https://lu.ma/qqhjkh1y,2026-07-30T14:45:00.000Z,Berlin,tech,2026-07-11
Maker Basics: Soldering & Electronics,https://lu.ma/1e3ik397,2026-08-03T14:00:00.000Z,Berlin,tech,2026-07-11
Week 13 — Final Session 🎓 Flipped Classroom 🎯 / Course Wrap-Up,https://lu.ma/cnr1acxb,2026-08-05T11:00:00.000Z,Berlin,tech,2026-07-11
SummerUP – One Week of Non-Stop Building and Selling | Sell before you Build,https://lu.ma/hry7utmj,2026-08-07T07:30:00.000Z,Berlin,tech,2026-07-11
Maker Basics: 3D Printing,https://lu.ma/n92fj9bl,2026-08-11T11:30:00.000Z,Berlin,tech,2026-07-11
Maker Basics: Laser Cutting,https://lu.ma/denucwav,2026-08-14T12:00:00.000Z,Berlin,tech,2026-07-11
"Visibility, Community & Authenticity: Building Your Brand & Showing Up Fully",https://lu.ma/bukqrg85,2026-08-22T10:00:00.000Z,Berlin,tech,2026-07-11
To Customer Value and Beyond by addressable value,https://lu.ma/3l8jkvoe,2026-08-27T16:00:00.000Z,Berlin,tech,2026-07-11
Developer Impact Days 2026 (Hybrid Event 2 of 3) | Berlin,https://lu.ma/961y6e4n,2026-09-02T11:00:00.000Z,Berlin,tech,2026-07-11
Berlin Founders Meetup (powered by Holvi),https://lu.ma/7tyfkril,2026-09-03T15:30:00.000Z,Berlin,tech,2026-07-11
Meet the Open Home Foundation team - IFA 2026,https://lu.ma/6f8seuhh,2026-09-06T17:00:00.000Z,Berlin,tech,2026-07-11
Eine Tour hinter verschlossene Türen (DE),https://lu.ma/svzsndwi,2026-09-17T14:00:00.000Z,Berlin,tech,2026-07-11
🇩🇪 Product Management Breakfast | Product People,https://lu.ma/0kplybr2,2026-09-18T07:30:00.000Z,Berlin,tech,2026-07-11
Eine Tour hinter verschlossene Türen (DE),https://lu.ma/k2757t0c,2026-09-24T14:00:00.000Z,Berlin,tech,2026-07-11
The New Human (in Berlin),https://lu.ma/yxivzn37,2026-09-25T16:00:00.000Z,Berlin,tech,2026-07-11
A tour behind closed doors (EN),https://lu.ma/lzuj9vg0,2026-10-01T14:00:00.000Z,Berlin,tech,2026-07-11
Foundacious #2: Berlin,https://lu.ma/ta1vimfn,2026-10-05T15:30:00.000Z,Berlin,tech,2026-07-11
AGETECHX 2026,https://lu.ma/agetechx-berlin,2026-10-05T16:30:00.000Z,Berlin,tech,2026-07-11
Typelevel Traverses Berlin,https://lu.ma/iyv37emv,2026-10-14T07:00:00.000Z,Berlin,tech,2026-07-11
Developer Impact Days 2026 (Event 3 of 3),https://lu.ma/kio4k44t,2026-10-22T11:00:00.000Z,Berlin,tech,2026-07-11
La French Tech in Germany Awards,https://lu.ma/wshovvap,2026-11-19T16:30:00.000Z,Berlin,tech,2026-07-11
SHE/THEY Berlin – Xmas Coworking @The Delta Campus,https://lu.ma/5f7t4h3u,2026-12-01T08:30:00.000Z,Berlin,tech,2026-07-11
START Sprint Demo Day: Meet the Next STARTies,https://lu.ma/oduz78r8,2026-07-11T23:00:00.000Z,Lima,tech,2026-07-11
Aniversario Amaya PR 🌟,https://lu.ma/b2fef18b,2026-07-14T23:30:00.000Z,Lima,tech,2026-07-11
"TALLER DE DIFUSIÓN DE RESULTADOS SUP 12G ""MASTERFIVE""",https://lu.ma/fz5eefom,2026-07-15T21:30:00.000Z,Lima,tech,2026-07-11
Creative Night x Takenos,https://lu.ma/uqq3fwc2,2026-07-15T23:00:00.000Z,Lima,tech,2026-07-11
Bioincuba x Primer Round,https://lu.ma/7cbpv0yp,2026-07-17T00:00:00.000Z,Lima,tech,2026-07-11
I Encuentro de Gestores Tecnológicos y Brokers Científicos 2026 | Presencial,https://lu.ma/6wynqtf0,2026-07-18T13:00:00.000Z,Lima,tech,2026-07-11
"Future Banking & Financial Services Day - New Techs , New Business & New Treats",https://lu.ma/ap2qerz5,2026-08-12T13:00:00.000Z,Lima,tech,2026-07-11
XII VILLATRÓNICA UNFV,https://lu.ma/e6yefhr9,2026-09-11T16:00:00.000Z,Lima,tech,2026-07-11
IV ROBOTMANÍA UPC,https://lu.ma/t6kreqmq,2026-10-02T16:00:00.000Z,Lima,tech,2026-07-11
Pre-Registro | Peru Venture Capital Conference 2026 [Muy pronto venta de entradas],https://lu.ma/bdhxlram,2026-10-15T13:00:00.000Z,Lima,tech,2026-07-11
Poker School & Novice Tourney (founder only),https://lu.ma/tqe0hpl8,2026-07-14T21:00:00.000Z,Austin,tech,2026-07-11
Scrappy Startups Meetup #5,https://lu.ma/91ibg99t,2026-07-14T23:00:00.000Z,Austin,tech,2026-07-11
Antler's Summer Bash and Hot Ones Challenge with Rho!,https://lu.ma/antlerus-jm6b,2026-07-15T22:00:00.000Z,Austin,tech,2026-07-11
Influence & Innovation Accelerator: Demo Day,https://lu.ma/thw0pk99,2026-07-16T18:00:00.000Z,Austin,tech,2026-07-11
LAUNCH PAD,https://lu.ma/ykwfywxt,2026-07-16T22:00:00.000Z,Austin,tech,2026-07-11
Austin Female Founders & Friends,https://lu.ma/rzwawqmn,2026-07-17T13:30:00.000Z,Austin,tech,2026-07-11
Your Startup Sucks | Live Pitch Comedy Show,https://lu.ma/wrc9wcd7,2026-07-17T23:30:00.000Z,Austin,tech,2026-07-11
Founders Running Club,https://lu.ma/kyucmljf,2026-07-18T13:00:00.000Z,Austin,tech,2026-07-11
Startup Cafe,https://lu.ma/kx05ghbn,2026-07-18T15:00:00.000Z,Austin,tech,2026-07-11
Authentic Relating for Founders and Friends,https://lu.ma/n5oso459,2026-07-20T23:00:00.000Z,Austin,tech,2026-07-11
🎉 FIESTA,https://lu.ma/h4g1u43y,2026-07-21T22:30:00.000Z,Austin,tech,2026-07-11
Out in Tech Austin: July Mixer,https://lu.ma/48mstmco,2026-07-22T00:00:00.000Z,Austin,tech,2026-07-11
🍔 Austin Founder Meetup,https://lu.ma/emeijbmn,2026-07-22T23:00:00.000Z,Austin,tech,2026-07-11
OFFTRACK hosted by TRACKRAT,https://lu.ma/dmb7o78s,2026-07-22T23:30:00.000Z,Austin,tech,2026-07-11
Austin International Founders Meetup (Vol. 07),https://lu.ma/p9sqna3h,2026-07-23T23:30:00.000Z,Austin,tech,2026-07-11
Fridge Fire!  Sauna Happy Hour (founders),https://lu.ma/dduqmvnl,2026-07-24T22:00:00.000Z,Austin,tech,2026-07-11
Energy Hackathon: Solving Austin's Electricity Emissions Challenges,https://lu.ma/y641v96f,2026-07-24T23:00:00.000Z,Austin,tech,2026-07-11
"🎛️ Your One‑Person Operations Hub – Build a Lean, Professional Tech Stack That Runs Your Business 🧩",https://lu.ma/zl94ay1h,2026-07-27T23:00:00.000Z,Austin,tech,2026-07-11
Austin Fintech Social,https://lu.ma/dmlh7j5j,2026-07-29T22:30:00.000Z,Austin,tech,2026-07-11
CISO Strategy Salon - Austin,https://lu.ma/no9f4av3,2026-07-29T22:30:00.000Z,Austin,tech,2026-07-11
Austin: The Social Commerce Table,https://lu.ma/danho7o1,2026-07-29T23:30:00.000Z,Austin,tech,2026-07-11
"Austin Capital & Property Founder Dinner on Wed, Jul 29",https://lu.ma/ukr43xzg,2026-07-30T00:00:00.000Z,Austin,tech,2026-07-11
"Austin Growth & Creative Founder Dinner on Wed, Jul 29",https://lu.ma/g36m2jmd,2026-07-30T00:00:00.000Z,Austin,tech,2026-07-11
"Austin Hard Tech & Ops Founder Dinner on Wed, Jul 29",https://lu.ma/e6mw880s,2026-07-30T00:00:00.000Z,Austin,tech,2026-07-11
Remix Austin August,https://lu.ma/pq9bg742,2026-08-05T23:30:00.000Z,Austin,tech,2026-07-11
Raid the Fridge! Summer Happy Hour (open),https://lu.ma/jdnj1dl9,2026-08-06T21:30:00.000Z,Austin,tech,2026-07-11
Supercollider Reboot,https://lu.ma/r6va1613,2026-08-06T23:00:00.000Z,Austin,tech,2026-07-11
TEDxSouthCongress - Monthly Circle,https://lu.ma/kujd7ewv,2026-08-06T23:00:00.000Z,Austin,tech,2026-07-11
Austin Startup Connections,https://lu.ma/k8gdsiad,2026-08-12T23:00:00.000Z,Austin,tech,2026-07-11
DoN Private Capital Forum Networking and Happy Hour,https://lu.ma/eqivg50y,2026-08-13T22:00:00.000Z,Austin,tech,2026-07-11
Texas Futures Nuclear Innovation Showcase,https://lu.ma/5opyb7ji,2026-08-20T21:00:00.000Z,Austin,tech,2026-07-11
Distiller Series: Still Austin Founder Story (founders),https://lu.ma/m2qrdtev,2026-08-20T22:00:00.000Z,Austin,tech,2026-07-11
Rack in the Saddle,https://lu.ma/rack-in-the-saddle,2026-08-25T00:00:00.000Z,Austin,tech,2026-07-11
Plug and Play Summer Expo,https://lu.ma/b3ulm7fv,2026-08-26T14:00:00.000Z,Austin,tech,2026-07-11
"""Earn Your Exit"" Startup Leaders Night",https://lu.ma/em90yqwd,2026-08-26T23:00:00.000Z,Austin,tech,2026-07-11
Netwar Con: A Psyops Hackathon,https://lu.ma/psyop-hackathon,2026-09-04T22:00:00.000Z,Austin,tech,2026-07-11
Texas Venture Fest: Georgetown 2026,https://lu.ma/texas-venture-fest-georgetown-2026,2026-10-01T16:30:00.000Z,Austin,tech,2026-07-11
Texas Venture Fest: Austin 2026,https://lu.ma/texas-venture-fest-austin-2026,2026-10-01T22:00:00.000Z,Austin,tech,2026-07-11
Austin MedTech Connect Summit 2026,https://lu.ma/0xacnx92,2026-11-12T15:00:00.000Z,Austin,tech,2026-07-11
🇺🇸 America House: Startup & Tech Ecosystem Leaders Gather From Across the United States 2027,https://lu.ma/america-house-austin-2027,2027-03-12T20:00:00.000Z,Austin,tech,2026-07-11
AI for Social Good: Hack with MLH & DigitalOcean,https://lu.ma/MLHandDO,2026-07-11T01:00:00.000Z,San Francisco,ai,2026-07-11
The Computer Use Agents Hackathon by H Company,https://lu.ma/1zwlnq89,2026-07-11T15:30:00.000Z,San Francisco,ai,2026-07-11
AI for Education Hackathon @Stanford,https://lu.ma/beta-19of,2026-07-11T16:00:00.000Z,San Francisco,ai,2026-07-11
🧬 Rewiring Biology Hackathon by Owkin,https://lu.ma/4s2r63rg,2026-07-11T16:00:00.000Z,San Francisco,ai,2026-07-11
The Pink Screen IRL: Vibe Lab,https://lu.ma/pink-screen,2026-07-11T17:00:00.000Z,San Francisco,ai,2026-07-11
World's Largest Hermes Buildathon | SF 🇺🇸,https://lu.ma/hermesbuildathonSF,2026-07-11T17:00:00.000Z,San Francisco,ai,2026-07-11
"World's Largest Hermes Buildathon, SF",https://lu.ma/hermessf,2026-07-11T17:00:00.000Z,San Francisco,ai,2026-07-11
The AI Trust: Compliance as Competitive Advantage,https://lu.ma/vdo7fs2d,2026-07-11T18:00:00.000Z,San Francisco,ai,2026-07-11
STOP AI - Protest & March,https://lu.ma/qpw1lg0g,2026-07-11T19:00:00.000Z,San Francisco,ai,2026-07-11
Lunch Talk #3: AI Course Introduction,https://lu.ma/x6qnmdql,2026-07-11T19:15:00.000Z,San Francisco,ai,2026-07-11
Robotics & World Models Reading Club 17: Soft Tactile-Centric Multimodal Intelligence Toward Safe and Dexterous Manipulation. SF 07/11,https://lu.ma/e53zawq2,2026-07-11T21:00:00.000Z,San Francisco,ai,2026-07-11
局部对齐 Local Alignment · AI×软硬件×桌游Mix聚会,https://lu.ma/4h3rh9ic,2026-07-11T21:00:00.000Z,San Francisco,ai,2026-07-11
Top AI Researchers Roundtable & BBQ Party in Los Altos Hills,https://lu.ma/77oji59e,2026-07-11T22:00:00.000Z,San Francisco,ai,2026-07-11
Founders Demo Day @ Corgi Cafe,https://lu.ma/td42xz48,2026-07-11T23:00:00.000Z,San Francisco,ai,2026-07-11
⚽️World Cup 3D Print Workshop by Tripo⚽️,https://lu.ma/vd0tv27h,2026-07-11T23:00:00.000Z,San Francisco,ai,2026-07-11
Personal Branding Workshop in AI Era,https://lu.ma/c5jsuj9k,2026-07-12T06:30:00.000Z,San Francisco,ai,2026-07-11
Humanity & AGI Summit 2026：Robotics for Future Civilization @ Stanford Faculty Club,https://lu.ma/wkolq6uc,2026-07-12T15:00:00.000Z,San Francisco,ai,2026-07-11
AI Coffee Chat｜创业方向交流局（Mandarin only）,https://lu.ma/18uezpri,2026-07-12T16:30:00.000Z,San Francisco,ai,2026-07-11
AI Founders Morning at Top Golf,https://lu.ma/pess2yha,2026-07-12T16:45:00.000Z,San Francisco,ai,2026-07-11
hahahack | a hackathon for absurd + fun things w/ Codex,https://lu.ma/hahahack,2026-07-12T17:00:00.000Z,San Francisco,ai,2026-07-11
Coffee with Founders: Help Your Business Sell More with AI,https://lu.ma/fj9rc97i,2026-07-12T20:00:00.000Z,San Francisco,ai,2026-07-11
Breaking Models AI Security,https://lu.ma/avgom3cr,2026-07-12T21:30:00.000Z,San Francisco,ai,2026-07-11
Mixture of Models: Biotech & Drug Discovery,https://lu.ma/2kqkilgd,2026-07-13T00:00:00.000Z,San Francisco,ai,2026-07-11
Off Season II × Canopy Party!,https://lu.ma/fbrdwamb,2026-07-13T02:00:00.000Z,San Francisco,ai,2026-07-11
Bay Builders Hackathon,https://lu.ma/qk34mnuv,2026-07-13T16:30:00.000Z,San Francisco,ai,2026-07-11
AI Workshop: Getting Started with OpenClaw,https://lu.ma/july-openclaw-workshop,2026-07-13T20:00:00.000Z,San Francisco,ai,2026-07-11
Builders' Night with support from OpenAI,https://lu.ma/u23xrvh6,2026-07-13T23:00:00.000Z,San Francisco,ai,2026-07-11
Post-Labor Research Deep Dive!,https://lu.ma/5fznmtj3,2026-07-14T00:30:00.000Z,San Francisco,ai,2026-07-11
AXGO (AX Global Olympiad) Seoul International 2026,https://lu.ma/AXGO,2026-07-14T01:00:00.000Z,San Francisco,ai,2026-07-11
Holo AI Night w/ NVIDIA & Black Forest Labs,https://lu.ma/o5xmousw,2026-07-14T01:00:00.000Z,San Francisco,ai,2026-07-11
"9030 club reading ""Qwen Agent World"": #60 - ML Paper Reading Group",https://lu.ma/a17esobq,2026-07-14T02:00:00.000Z,San Francisco,ai,2026-07-11
VB Transform 2026,https://lu.ma/92nbdnnx,2026-07-14T15:00:00.000Z,San Francisco,ai,2026-07-11
A Case for Boring AI Companies,https://lu.ma/rp7czm1g,2026-07-15T00:00:00.000Z,San Francisco,ai,2026-07-11
AI & Tech Networking in Palo Alto,https://lu.ma/4g1yi10u,2026-07-15T00:00:00.000Z,San Francisco,ai,2026-07-11
Applied Frontier #1: Loop Engineering | Frontier Labs,https://lu.ma/ga59rkpa,2026-07-15T00:00:00.000Z,San Francisco,ai,2026-07-11
EchoHer Vibe Coding #3 Multi-Agent AI Workshop (In Person & Virtual),https://lu.ma/ljzo0kqh,2026-07-15T00:00:00.000Z,San Francisco,ai,2026-07-11
Jordan Innovation Day,https://lu.ma/qf540u7c,2026-07-15T00:00:00.000Z,San Francisco,ai,2026-07-11
Techo Whimzy: AI Experiments with Safinaz Elhadary,https://lu.ma/cyo4yn50,2026-07-15T00:00:00.000Z,San Francisco,ai,2026-07-11
"Agent Data Demo Night: Live Web Data, Memory, Identity & Actions",https://lu.ma/the-agent-stack-jul14-2026,2026-07-15T00:30:00.000Z,San Francisco,ai,2026-07-11
AI Infra Sellers Meetup #4,https://lu.ma/mtkqj9q2,2026-07-15T00:30:00.000Z,San Francisco,ai,2026-07-11
Rethinking Token Economics: A Conversation with Deedy Das (Menlo Ventures) & Shashank Goyal (OpenRouter),https://lu.ma/openro-kwy3,2026-07-15T00:30:00.000Z,San Francisco,ai,2026-07-11
SF Finance Leaders Dinner w/ Rillet,https://lu.ma/rillet-iium,2026-07-15T00:30:00.000Z,San Francisco,ai,2026-07-11
The Next Big AI Wave - Business Tsunami,https://lu.ma/9sug5yrf,2026-07-15T00:30:00.000Z,San Francisco,ai,2026-07-11
AI Tech & Startup Night — San Francisco,https://lu.ma/wmreb8qa,2026-07-15T01:00:00.000Z,San Francisco,ai,2026-07-11
Building the AI-Native Enterprise Frontend,https://lu.ma/bsucmzqq,2026-07-15T01:00:00.000Z,San Francisco,ai,2026-07-11
ISC2 Silicon Valley - July 2026 Chapter Meeting,https://lu.ma/t17qte5z,2026-07-15T01:00:00.000Z,San Francisco,ai,2026-07-11
NORDIC FOUNDERS NIGHT 📍SF,https://lu.ma/a88g831c,2026-07-15T01:00:00.000Z,San Francisco,ai,2026-07-11
"Show & Tell: AI for GTM @Notion with Baseten, Cognition and Samsara",https://lu.ma/b8ie1m1s,2026-07-15T01:00:00.000Z,San Francisco,ai,2026-07-11
VC Networking: Pitch Day — San Francisco,https://lu.ma/x87ip8g0,2026-07-15T01:00:00.000Z,San Francisco,ai,2026-07-11
Founders & CMOs Full-Funnel Growth Roundtable (Series A+) w/ Growing Pies,https://lu.ma/0iero8co,2026-07-15T01:30:00.000Z,San Francisco,ai,2026-07-11
AI Philosophy Nights: Indifferent Intelligence,https://lu.ma/4esilsg5,2026-07-15T01:30:00.000Z,San Francisco,ai,2026-07-11
late night creating cafe w/ Krea,https://lu.ma/Kreacafe,2026-07-15T02:00:00.000Z,San Francisco,ai,2026-07-11
Off the Record: A GTM Leader Private Dinner by Women in AI,https://lu.ma/hatvvbf6,2026-07-15T02:00:00.000Z,San Francisco,ai,2026-07-11
VB Transform- Private Dinner,https://lu.ma/gfecb0bq,2026-07-15T02:00:00.000Z,San Francisco,ai,2026-07-11
Agents & Bagels: Weekly breakfast meet up for agent builders,https://lu.ma/yvxnn28l,2026-07-15T15:00:00.000Z,San Francisco,ai,2026-07-11
"AI & OJ: The HR & TA Leaders Breakfast - July, SF",https://lu.ma/ai-3cie,2026-07-15T15:45:00.000Z,San Francisco,ai,2026-07-11
Build Your First AI Agent Workshop,https://lu.ma/filament-z5wq,2026-07-15T17:00:00.000Z,San Francisco,ai,2026-07-11
Women in AI Breakfast + Panel,https://lu.ma/d0fq1mo8,2026-07-15T17:00:00.000Z,San Francisco,ai,2026-07-11
Women Working Together - AI CoWork Day Edition,https://lu.ma/5c7mctsi,2026-07-15T17:00:00.000Z,San Francisco,ai,2026-07-11
Claude Code & Coffee @ Corgi Cafe,https://lu.ma/5t639fsg,2026-07-15T20:00:00.000Z,San Francisco,ai,2026-07-11
Reading Group (+🧋): Senior SWE-Bench,https://lu.ma/3lr5j0oh,2026-07-15T23:00:00.000Z,San Francisco,ai,2026-07-11
AI Lakehouse Meetup - Bay Area,https://lu.ma/n8aycq3j,2026-07-16T00:00:00.000Z,San Francisco,ai,2026-07-11
AWS Agentic AI Showcase Extended - Agentic AI in Production with with MongoDB Mastra,https://lu.ma/8jn7nznr,2026-07-16T00:00:00.000Z,San Francisco,ai,2026-07-11
Battle Bots Hack Night & Watch Party (w/ OpenAI Codex),https://lu.ma/battle-bots-hack-night-jul15-2026,2026-07-16T00:00:00.000Z,San Francisco,ai,2026-07-11
"What we learned from OAI and Molecule.one's ""Near-Autonomous AI"" Discovery of OAI-M1-03",https://lu.ma/h0j19bqk,2026-07-16T00:00:00.000Z,San Francisco,ai,2026-07-11
제19차 KPAI 포럼 - AI 시대의 보안: 창과 방패의 진화,https://lu.ma/no5150wu,2026-07-16T00:30:00.000Z,San Francisco,ai,2026-07-11
Bay Area Frontier Research Club #14 | Stanford University (dinner + paper discussion),https://lu.ma/zgn7y16t,2026-07-16T00:30:00.000Z,San Francisco,ai,2026-07-11
Break My AI 2.0,https://lu.ma/mc1nhwan,2026-07-16T00:30:00.000Z,San Francisco,ai,2026-07-11
Healthcare AI Dinner (Redpoint x GC x Comma Capital),https://lu.ma/jyz2qey3,2026-07-16T00:30:00.000Z,San Francisco,ai,2026-07-11
The trouble with tokens: A dinner on the ROI on AI,https://lu.ma/ql46dwes,2026-07-16T00:30:00.000Z,San Francisco,ai,2026-07-11
Agentic Operations for Founders: A dinner on what to automate next,https://lu.ma/vw0wvb4l,2026-07-16T01:00:00.000Z,San Francisco,ai,2026-07-11
AI 101 Series - The Agent That Runs Your Funnel While You Sleep,https://lu.ma/hv8d4gbe,2026-07-16T01:00:00.000Z,San Francisco,ai,2026-07-11
AI Healthtech Night,https://lu.ma/vbiuw1js,2026-07-16T01:00:00.000Z,San Francisco,ai,2026-07-11
AI & Robotics Leaders Dinner with Pond,https://lu.ma/mecqc00j,2026-07-16T01:00:00.000Z,San Francisco,ai,2026-07-11
Battle of the Paddles: AI Builders Edition,https://lu.ma/j7v7qeem,2026-07-16T01:00:00.000Z,San Francisco,ai,2026-07-11
Beyond Black-Box AI for Drug Discovery: What to do when frontier AI models fail?,https://lu.ma/x8b3kpok,2026-07-16T01:00:00.000Z,San Francisco,ai,2026-07-11
Break bread with Breakout | CMO Dinner,https://lu.ma/9abzg6qg,2026-07-16T01:00:00.000Z,San Francisco,ai,2026-07-11
Figma Field Days: SF Artist Talks,https://lu.ma/3l880l6z,2026-07-16T01:00:00.000Z,San Francisco,ai,2026-07-11
Fonzi's July Tech Talk,https://lu.ma/jrs8v2ms,2026-07-16T01:00:00.000Z,San Francisco,ai,2026-07-11
Inside Ramp's AI Stack: Building an AI-Native Company,https://lu.ma/enrich-3zc0,2026-07-16T01:00:00.000Z,San Francisco,ai,2026-07-11
Lightning AI Demo Night,https://lu.ma/aoj7dke6,2026-07-16T01:00:00.000Z,San Francisco,ai,2026-07-11
Room 52 @ The Pro: Founders vs. Comedians,https://lu.ma/huzuu88y,2026-07-16T01:00:00.000Z,San Francisco,ai,2026-07-11
"Women + AI: An SF Dinner Party Series, Mom Edition",https://lu.ma/i9lghy63,2026-07-16T01:00:00.000Z,San Francisco,ai,2026-07-11
"Agent Builders Breakfast - Founders & Builders in SOMA, SF",https://lu.ma/tuxqmxlu,2026-07-16T15:00:00.000Z,San Francisco,ai,2026-07-11
Workshop: Mastering AI Observability,https://lu.ma/ai_workshop_sf,2026-07-16T22:00:00.000Z,San Francisco,ai,2026-07-11
Agentic Commerce (un)Conference,https://lu.ma/i3y4x429,2026-07-17T00:00:00.000Z,San Francisco,ai,2026-07-11
CoCo Labs + Summit Encore Bay Area Meetup | July 16 @ 5PM PDT,https://lu.ma/p1oaik8y,2026-07-17T00:00:00.000Z,San Francisco,ai,2026-07-11
Find the Revenue Moments in Your AI Product🍗🍺Seamate Crazy Thursday,https://lu.ma/86og7yme,2026-07-17T00:00:00.000Z,San Francisco,ai,2026-07-11
Mahjong Party for AI Builders,https://lu.ma/agr7hntb,2026-07-17T00:00:00.000Z,San Francisco,ai,2026-07-11
Product Development in the Age of AI (1st session),https://lu.ma/75g7qyoj,2026-07-17T00:00:00.000Z,San Francisco,ai,2026-07-11
Qualcomm Arduino Uno Q Hack Night,https://lu.ma/qualcomm-arduino-hack-night-jul16,2026-07-17T00:00:00.000Z,San Francisco,ai,2026-07-11
The Path to Autonomous Organizations: Obstacles and Possibilities,https://lu.ma/2lur4bzw,2026-07-17T00:00:00.000Z,San Francisco,ai,2026-07-11
"Bits in Bio Discussion: Genomics, Dx, and Data",https://lu.ma/8bkuhv4x,2026-07-17T00:30:00.000Z,San Francisco,ai,2026-07-11
"Design Meetup x Google Sunnyvale, CA: At Scale",https://lu.ma/b6gce78l,2026-07-17T00:30:00.000Z,San Francisco,ai,2026-07-11
Dovetail Sun's Out: SF launch party,https://lu.ma/y45mbic8,2026-07-17T00:30:00.000Z,San Francisco,ai,2026-07-11
ElevenLabs x Sauna Hack Night,https://lu.ma/elevenlabs-sauna-jul16,2026-07-17T00:30:00.000Z,San Francisco,ai,2026-07-11
"Generating Revenue for SaaS, AI or Fintech Startups and Platforms with AI & Agentics",https://lu.ma/angellaunchjuly16,2026-07-17T00:30:00.000Z,San Francisco,ai,2026-07-11
Member Happy Hour - San Francisco,https://lu.ma/aisnack-6u0m,2026-07-17T00:30:00.000Z,San Francisco,ai,2026-07-11
Physical AI Builders Night - 🤖 Robotics & Embodied AI,https://lu.ma/lb0cubd5,2026-07-17T00:30:00.000Z,San Francisco,ai,2026-07-11
AI x Biosecurity — LatchBio Benchmark Launch,https://lu.ma/4s00vb76,2026-07-17T01:00:00.000Z,San Francisco,ai,2026-07-11
AI Dinner @ Shepherd,https://lu.ma/q22x5anb,2026-07-17T01:00:00.000Z,San Francisco,ai,2026-07-11
AI-native service businesses – Happy Hour,https://lu.ma/8wcalo19,2026-07-17T01:00:00.000Z,San Francisco,ai,2026-07-11
Clinical Informatics Mixer,https://lu.ma/LSE2607,2026-07-17T01:00:00.000Z,San Francisco,ai,2026-07-11
Forward Deployed Engineering Dinner @ Cotogna,https://lu.ma/1bnlz2zn,2026-07-17T01:00:00.000Z,San Francisco,ai,2026-07-11
Founders running on Agent Armies: Meet-up by Mindra,https://lu.ma/q1nkba1z,2026-07-17T01:00:00.000Z,San Francisco,ai,2026-07-11
Cruise & Connect with DuploCloud,https://lu.ma/8dq3plei,2026-07-17T01:30:00.000Z,San Francisco,ai,2026-07-11
Female Founder Dinner,https://lu.ma/co1h6sxg,2026-07-17T01:30:00.000Z,San Francisco,ai,2026-07-11
AI Luminary Dinner,https://lu.ma/x0jwt71o,2026-07-17T02:30:00.000Z,San Francisco,ai,2026-07-11
AI x Crypto Expo 2026 - 10-Day Innovation Series,https://lu.ma/ai-crypto-expo,2026-07-17T16:00:00.000Z,San Francisco,ai,2026-07-11
GTLC Bay Area Chinese Tech Leaders Summit,https://lu.ma/oym92m2s,2026-07-17T16:00:00.000Z,San Francisco,ai,2026-07-11
Loop Engineering Hackathon,https://lu.ma/loophack,2026-07-17T16:30:00.000Z,San Francisco,ai,2026-07-11
StarOS Presents BuildDeployWin: Hands-On AI Coding Workshop,https://lu.ma/gu9j7qkl,2026-07-17T21:00:00.000Z,San Francisco,ai,2026-07-11
"Stanford OpenLab Seminar with Travis Oliphant, Creator of NumPy and SciPy and Co-Founder of Anaconda, NumFOCUS and OpenTeams",https://lu.ma/sspsb4ej,2026-07-17T23:00:00.000Z,San Francisco,ai,2026-07-11
Gemini vs Claude Fable,https://lu.ma/geminimeetup,2026-07-18T00:00:00.000Z,San Francisco,ai,2026-07-11
Ra's Circle · Edition I,https://lu.ma/qlnkwswu,2026-07-18T00:00:00.000Z,San Francisco,ai,2026-07-11
Bouncer 2.0: Take back your feed,https://lu.ma/Bouncer1,2026-07-18T00:30:00.000Z,San Francisco,ai,2026-07-11
Dimensional Open House,https://lu.ma/dn72ypdy,2026-07-18T00:30:00.000Z,San Francisco,ai,2026-07-11
Embodied Metal Hackathon,https://lu.ma/embodied-metal,2026-07-18T00:30:00.000Z,San Francisco,ai,2026-07-11
"Rooftop Agent Mixer - Voice, Video & Analytics",https://lu.ma/kbxyoi8h,2026-07-18T01:00:00.000Z,San Francisco,ai,2026-07-11
Sip & Munch AI Demo Night,https://lu.ma/xtrace-exog,2026-07-18T01:00:00.000Z,San Francisco,ai,2026-07-11
"AGI Summit 2026 | Where AGI Converges · July 18–19 · Palace of Fine Arts, San Francisco",https://lu.ma/agisummit2026,2026-07-18T15:00:00.000Z,San Francisco,ai,2026-07-11
"DeepLearning.AI Voice AI Hackathon: The Complete Trip, powered by Sabre and Vocal Bridge",https://lu.ma/fmypremp,2026-07-18T15:00:00.000Z,San Francisco,ai,2026-07-11
San Francisco Hub - Hacknation Global AI Hackathon,https://lu.ma/t5iktvzy,2026-07-18T15:30:00.000Z,San Francisco,ai,2026-07-11
Stanford Hub - Hacknation Global AI Hackathon,https://lu.ma/i8qlko60,2026-07-18T15:30:00.000Z,San Francisco,ai,2026-07-11
Agents Hack Day at Bright Data,https://lu.ma/ai-hack-day-bright-data-jul18-2026,2026-07-18T16:30:00.000Z,San Francisco,ai,2026-07-11
AGI Summit 2026 Hackathon,https://lu.ma/genaihackathon,2026-07-18T17:00:00.000Z,San Francisco,ai,2026-07-11
Build Beautifully: Beginner Claude Code Workshop 1 for Women,https://lu.ma/kbs5hvvi,2026-07-18T22:30:00.000Z,San Francisco,ai,2026-07-11
Stanford x DeepMind Hackathon: Build. Ship. Win up to $5M in Seed Funding*,https://lu.ma/e51fygtm,2026-07-19T17:00:00.000Z,San Francisco,ai,2026-07-11
Berkeley AI Founders & Builders Happy Hour (East Bay / SF),https://lu.ma/kkguqajp,2026-07-19T20:00:00.000Z,San Francisco,ai,2026-07-11
AI时代的写作 —— 与三位作者面对面的读书分享会,https://lu.ma/y9y3kp75,2026-07-19T22:00:00.000Z,San Francisco,ai,2026-07-11
Cafe Cursor San Francisco: Startup Edition,https://lu.ma/cafe-cursor-sf-startups,2026-07-20T17:00:00.000Z,San Francisco,ai,2026-07-11
How to prompt like a designer.,https://lu.ma/dx7dbdxv,2026-07-21T01:30:00.000Z,San Francisco,ai,2026-07-11
Foundry Live Demo Night,https://lu.ma/rp2vdq1g,2026-07-22T00:00:00.000Z,San Francisco,ai,2026-07-11
"Hands-on training: Building agents with ClickHouse, Langfuse, and LibreChat",https://lu.ma/clickh-9f9d,2026-07-22T00:00:00.000Z,San Francisco,ai,2026-07-11
vLLM x Crusoe Meetup: Production Open Source Inference,https://lu.ma/n2ftxt1s,2026-07-22T00:00:00.000Z,San Francisco,ai,2026-07-11
After Office Conversations: Inside the Call,https://lu.ma/23h70tkf,2026-07-22T00:30:00.000Z,San Francisco,ai,2026-07-11
"Daytona AI Researchers - Stanford, July 2026",https://lu.ma/ai-researchers,2026-07-22T00:30:00.000Z,San Francisco,ai,2026-07-11
Last Mile Agent Hackathon,https://lu.ma/lastmilehackathon,2026-07-22T00:30:00.000Z,San Francisco,ai,2026-07-11
19th San Jose Hardware Meetup @ BigHat Bio | AI/ML in Lab Automation,https://lu.ma/4b27iipd,2026-07-22T01:00:00.000Z,San Francisco,ai,2026-07-11
merge(happy_hour) -> advancing_together,https://lu.ma/zz40nkob,2026-07-22T01:00:00.000Z,San Francisco,ai,2026-07-11
OpenAI Build Week Community Meetup - San Francisco,https://lu.ma/codex-meetup-convex-jul21-2026,2026-07-22T01:00:00.000Z,San Francisco,ai,2026-07-11
HerTable: Tech Safety + Security,https://lu.ma/7d1egap5,2026-07-22T02:00:00.000Z,San Francisco,ai,2026-07-11
ML Suds & Science,https://lu.ma/9w02xctf,2026-07-22T02:00:00.000Z,San Francisco,ai,2026-07-11
Agents & Bagels: Weekly breakfast meet up for agent builders,https://lu.ma/j780i2zs,2026-07-22T15:00:00.000Z,San Francisco,ai,2026-07-11
Coffee Meetup - Palo Alto,https://lu.ma/aisnack-58a4,2026-07-22T17:30:00.000Z,San Francisco,ai,2026-07-11
SF Customer Lunch & Learn: Numeric MCP,https://lu.ma/0rbltpjo,2026-07-22T19:00:00.000Z,San Francisco,ai,2026-07-11
The AI-Fluent Revenue Leader: What It Takes to Win in Today's Market (San Francisco),https://lu.ma/m7hfp5tj,2026-07-22T21:00:00.000Z,San Francisco,ai,2026-07-11
DIU Commercialization Fellowship (DCF) Startup Team Presentations,https://lu.ma/ccgii726,2026-07-22T22:00:00.000Z,San Francisco,ai,2026-07-11
Legacy Lounge × Antler: Building Durable Companies in the Intelligence Era,https://lu.ma/wi990awf,2026-07-22T22:30:00.000Z,San Francisco,ai,2026-07-11
👩‍💻 🌐 👨‍💻 AI Power Hour Climate Hackathon,https://lu.ma/5eqj0h7v,2026-07-22T23:00:00.000Z,San Francisco,ai,2026-07-11
"Dwarkesh Unplugged, presented by WorkOS",https://lu.ma/f28a739d,2026-07-23T00:00:00.000Z,San Francisco,ai,2026-07-11
Omnigent & Multi-Agent Coding Meetup @ Databricks SF,https://lu.ma/omnigent_multi-agent_coding,2026-07-23T00:00:00.000Z,San Francisco,ai,2026-07-11
AI as a Force Multiplier: Scaling Lean Finance Teams Without Adding Headcount,https://lu.ma/kyye2ihx,2026-07-23T00:30:00.000Z,San Francisco,ai,2026-07-11
"Less Stack, More Growth (Building the Ultimate GTM Tech Stack Without the Bloat)",https://lu.ma/ultimategtmtechstack,2026-07-23T00:30:00.000Z,San Francisco,ai,2026-07-11
Summer in SF with Sequoia x BoxGroup,https://lu.ma/7f3qcx3y,2026-07-23T00:30:00.000Z,San Francisco,ai,2026-07-11
AI 101 Series - Roundtable: How Operators Actually Installed AI Into Their Week,https://lu.ma/0z0yuj6s,2026-07-23T01:00:00.000Z,San Francisco,ai,2026-07-11
AI Tech & Startup Night — San Francisco,https://lu.ma/vn6a5anu,2026-07-23T01:00:00.000Z,San Francisco,ai,2026-07-11
Women in AI Policy & Safety Happy Hour,https://lu.ma/kqudwziy,2026-07-23T01:00:00.000Z,San Francisco,ai,2026-07-11
B2B AI Founders Dinner by Arceus,https://lu.ma/9rvpjsa7,2026-07-23T01:30:00.000Z,San Francisco,ai,2026-07-11
engineering serendipity,https://lu.ma/zmrxmgu7,2026-07-23T01:30:00.000Z,San Francisco,ai,2026-07-11
Beyond Slop,https://lu.ma/sloptalk,2026-07-23T02:00:00.000Z,San Francisco,ai,2026-07-11
"AI Bagels w/ Notable, Cognition and Inngest",https://lu.ma/7c4267sm,2026-07-23T15:30:00.000Z,San Francisco,ai,2026-07-11
"Daytona AI GTM Breakfast - SF, July 2026 @Corgi Cafe",https://lu.ma/gtm-breakfast-sf,2026-07-23T16:00:00.000Z,San Francisco,ai,2026-07-11
Founders at Work: Tomorrow & Terraferma,https://lu.ma/mu6w6xp2,2026-07-23T19:00:00.000Z,San Francisco,ai,2026-07-11
Geospatial AI Happy Hour - Round 2,https://lu.ma/df7dei9v,2026-07-23T23:00:00.000Z,San Francisco,ai,2026-07-11
Scrappy AI Founders Play Pickleball (seed to series A),https://lu.ma/0qxd996q,2026-07-23T23:00:00.000Z,San Francisco,ai,2026-07-11
Funding the Founder in the AI Era,https://lu.ma/hrqmttwf,2026-07-23T23:30:00.000Z,San Francisco,ai,2026-07-11
Campfire GTM Happy Hour: Selling AI Into The Office Of The CFO,https://lu.ma/idbfj251,2026-07-24T00:00:00.000Z,San Francisco,ai,2026-07-11
OpenAI Builder Lounge SF with Parallel,https://lu.ma/openai-builderlounge-sf-july23-2026,2026-07-24T00:00:00.000Z,San Francisco,ai,2026-07-11
SF AI Tech Stack Hack Night,https://lu.ma/sf-ai-tech-stack-hack-night-jul23-2026,2026-07-24T00:00:00.000Z,San Francisco,ai,2026-07-11
AI Engineering Leaders Dinner/Networking/Talks,https://lu.ma/otzbqs4u,2026-07-24T00:30:00.000Z,San Francisco,ai,2026-07-11
AI x Growth: Michelin Dinner Series with HyperGrowth Partners,https://lu.ma/growthx-wolfsbane,2026-07-24T00:30:00.000Z,San Francisco,ai,2026-07-11
IT and SecOps Happy Hour Palo Alto,https://lu.ma/consolePA,2026-07-24T00:30:00.000Z,San Francisco,ai,2026-07-11
Tech Talk: The Software Factory Series,https://lu.ma/pqhyyyrx,2026-07-24T00:30:00.000Z,San Francisco,ai,2026-07-11
AI Filmmaking Meetup - San Francisco - Storytelling and Animated Character Development with Andrew Gordon (Curious Refuge Community Meetup),https://lu.ma/nu0sdn7j,2026-07-24T01:00:00.000Z,San Francisco,ai,2026-07-11
Builder Meetup,https://lu.ma/rej9nzui,2026-07-24T01:00:00.000Z,San Francisco,ai,2026-07-11
Disability Inclusion in Tech: Strategies for a new Digital Accessibility Ethics,https://lu.ma/qn23ra0k,2026-07-24T01:00:00.000Z,San Francisco,ai,2026-07-11
Silicon Valley - Agentics Foundation Meetup,https://lu.ma/agentics-silicon-valley,2026-07-24T01:00:00.000Z,San Francisco,ai,2026-07-11
Spec-Driven Development: The Rise of Builder PMs,https://lu.ma/g3qlljpm,2026-07-24T01:00:00.000Z,San Francisco,ai,2026-07-11
"The Future of Talent, Powered by AI by Women in AI and Alma",https://lu.ma/zb6ygblz,2026-07-24T01:00:00.000Z,San Francisco,ai,2026-07-11
"A conversation with Andrew McLuhan & Ruby Justice Thelot | on Signal, Noise, Slop",https://lu.ma/signalslop,2026-07-24T02:00:00.000Z,San Francisco,ai,2026-07-11
How Top Marketers Are Using Agents,https://lu.ma/gumloop-746z,2026-07-24T02:00:00.000Z,San Francisco,ai,2026-07-11
SF Future Tech Society - Cyborgs & Human(oids),https://lu.ma/ysm8xixq,2026-07-24T03:00:00.000Z,San Francisco,ai,2026-07-11
"Daytona HackSprint w/ Braintrust - SF, July 2026",https://lu.ma/hacksprint-sf,2026-07-24T16:00:00.000Z,San Francisco,ai,2026-07-11
Agent Swarms Hackathon,https://lu.ma/swarmhack,2026-07-24T16:30:00.000Z,San Francisco,ai,2026-07-11
You.com Agentic Hackathon @ AWS Builder Loft,https://lu.ma/youdotcom-agentic-hackathon-sf,2026-07-24T17:00:00.000Z,San Francisco,ai,2026-07-11
Part 2: AI Safety Career Fair & Builders Summit,https://lu.ma/ordo572h,2026-07-24T17:30:00.000Z,San Francisco,ai,2026-07-11
Goanna Builders Day - SF,https://lu.ma/3tmk2qs0,2026-07-24T19:00:00.000Z,San Francisco,ai,2026-07-11
"The SMB AI Growth Advantage: How Business Leaders Are Using AI to Drive Revenue, Efficiency, and Smarter Decisions",https://lu.ma/n705nkpg,2026-07-24T19:00:00.000Z,San Francisco,ai,2026-07-11
Women in AI,https://lu.ma/81zvcyad,2026-07-24T19:00:00.000Z,San Francisco,ai,2026-07-11
🏕️🚀 AINative Startup Camp — Build an AI-Native Startup in a Weekend,https://lu.ma/pai-ov79,2026-07-25T00:00:00.000Z,San Francisco,ai,2026-07-11
The Agent Natives Builders Hackathon,https://lu.ma/web-a0-50-agent-native-startups-cb85,2026-07-25T00:00:00.000Z,San Francisco,ai,2026-07-11
"Uncork’s Tasting Table: Women in AI (Foundess, Rho)",https://lu.ma/p8n430io,2026-07-25T00:00:00.000Z,San Francisco,ai,2026-07-11
Scrappy AI Founders (seed to Series B) Fly Fishing in Sierra. Season 1 · Chapter 2,https://lu.ma/xes8dx7i,2026-07-25T01:00:00.000Z,San Francisco,ai,2026-07-11
YC Startup School Founder & Investor Mixer,https://lu.ma/beta-ugt5,2026-07-25T01:00:00.000Z,San Francisco,ai,2026-07-11
Ship 2 Prod | YC AI SUS Black-Tie Yacht Gala,https://lu.ma/ojidqyj8,2026-07-25T02:00:00.000Z,San Francisco,ai,2026-07-11
tasteslop w/ Emily Segal,https://lu.ma/tasteslop,2026-07-25T02:00:00.000Z,San Francisco,ai,2026-07-11
Trajectories: Epoch AI Mixer,https://lu.ma/mtv0ajl9,2026-07-25T02:00:00.000Z,San Francisco,ai,2026-07-11
"AI Bootcamp: Agents in the Enterprise — A Hands-On Build Day for Executives, Leaders and Innovators",https://lu.ma/b6nv7pif,2026-07-25T15:00:00.000Z,San Francisco,ai,2026-07-11
24hr AI for Science World Models Hack @ Zeon Systems,https://lu.ma/avi3l01q,2026-07-25T16:30:00.000Z,San Francisco,ai,2026-07-11
AI时代，我们想成为什么样的人,https://lu.ma/ybwuyxig,2026-07-25T17:00:00.000Z,San Francisco,ai,2026-07-11
Mind Games AI Hackathon + Exclusive Napa Retreat,https://lu.ma/xtrace-e47u,2026-07-25T17:00:00.000Z,San Francisco,ai,2026-07-11
Scalekit Agents in Production Build Day SF,https://lu.ma/xhogf93u,2026-07-25T17:00:00.000Z,San Francisco,ai,2026-07-11
🦾 Self-evolving in the Real World: the Physical AI Edition,https://lu.ma/4tpilrqp,2026-07-25T20:00:00.000Z,San Francisco,ai,2026-07-11
Team-Up #2: Alumni Mix Networking,https://lu.ma/uybqb7be,2026-07-25T20:30:00.000Z,San Francisco,ai,2026-07-11
AI + Drone Innovation Lab,https://lu.ma/jpqtise0,2026-07-25T21:00:00.000Z,San Francisco,ai,2026-07-11
Robotics & World Models Reading Club 20: Agentic Robotics Models (ENPIRE and Cap-X) — Mountain View 07/25,https://lu.ma/5ltk12w5,2026-07-25T21:00:00.000Z,San Francisco,ai,2026-07-11
the Epistemologies of Slop | Art + Tech Exhibition Closing Reception,https://lu.ma/epistemologies,2026-07-25T22:00:00.000Z,San Francisco,ai,2026-07-11
JacHacks San Francisco,https://lu.ma/9x1573sw,2026-07-26T15:00:00.000Z,San Francisco,ai,2026-07-11
Robotics × Physical AI Founder-Investor Summit,https://lu.ma/u8j9b0a6,2026-07-26T21:00:00.000Z,San Francisco,ai,2026-07-11
SF AI Code And Coffee Sunday July 26th!,https://lu.ma/rhbtwo9u,2026-07-26T21:00:00.000Z,San Francisco,ai,2026-07-11
AI for Science World Model Demos @ Zeon Systems,https://lu.ma/5m9yhtzj,2026-07-26T22:30:00.000Z,San Francisco,ai,2026-07-11
AGI-26 Conference,https://lu.ma/AGI-26,2026-07-27T16:00:00.000Z,San Francisco,ai,2026-07-11
Rust AI Begins!,https://lu.ma/ai-zt65,2026-07-28T00:00:00.000Z,San Francisco,ai,2026-07-11
"Enterprise AI at Scale: Talks + AI Agent Workshops, Ft Google, Snowflake, Thoughtspot & Datasaur",https://lu.ma/jul-ai-forum,2026-07-28T22:30:00.000Z,San Francisco,ai,2026-07-11
Robotics Founders & VCs Private Dinner · Palo Alto,https://lu.ma/erkndozn,2026-07-29T00:00:00.000Z,San Francisco,ai,2026-07-11
Agentic AI Meets Go-to-Market: Panel and Mixer for Marketing and Growth Leaders,https://lu.ma/6ysjv11o,2026-07-29T00:30:00.000Z,San Francisco,ai,2026-07-11
"Durable Multimodal AI Meetup with HeyGen, Vapi, and Modal",https://lu.ma/durable-ai-july,2026-07-29T00:30:00.000Z,San Francisco,ai,2026-07-11
RiskCon Bay Area with Oscilar & Mastercard,https://lu.ma/rc-menlo-mc,2026-07-29T00:30:00.000Z,San Francisco,ai,2026-07-11
LangChain SF Meetup: LLM Wikis and Giving Your Agents Memory,https://lu.ma/mylwoabu,2026-07-29T01:00:00.000Z,San Francisco,ai,2026-07-11
MCP Graduation Party,https://lu.ma/ugfl1mn2,2026-07-29T01:00:00.000Z,San Francisco,ai,2026-07-11
MemoryBox Beta Launch 🏓 AI that remembers. A party you won't forget.,https://lu.ma/2gizvh99,2026-07-29T01:00:00.000Z,San Francisco,ai,2026-07-11
The CMO Table: An Executive Salon for Marketing Leaders,https://lu.ma/8eey207v,2026-07-29T23:00:00.000Z,San Francisco,ai,2026-07-11
Marketers for Sustainability | Edition 5,https://lu.ma/9zero-qxgj,2026-07-30T00:00:00.000Z,San Francisco,ai,2026-07-11
Bay Area Frontier Research Club #15 | Embodied AI Track Launch (dinner + paper discussion @ Mission Robotics),https://lu.ma/39h51wb0,2026-07-30T00:30:00.000Z,San Francisco,ai,2026-07-11
Building data agents enterprise can actually trust,https://lu.ma/gmbwqj5a,2026-07-30T00:30:00.000Z,San Francisco,ai,2026-07-11
@Machine Speed: Continuous Compliance for the Agentic Era,https://lu.ma/tt11iz2u,2026-07-30T00:30:00.000Z,San Francisco,ai,2026-07-11
"Telemetry-aware AI agents that act in Slack, Linear, and GitHub, without your production data leaving your cloud",https://lu.ma/zkdv1uoq,2026-07-30T00:30:00.000Z,San Francisco,ai,2026-07-11
AI 101 Series - The Skills Non-Technical People Need to Thrive in the AI Era,https://lu.ma/rcbdsa3s,2026-07-30T01:00:00.000Z,San Francisco,ai,2026-07-11
"Market Smarter, Not Harder: AI-Powered Marketing for Small Business",https://lu.ma/jbhlld0m,2026-07-30T01:00:00.000Z,San Francisco,ai,2026-07-11
Systems Engineering Is Too Slow | R&D Leaders Dinner,https://lu.ma/8zadlrai,2026-07-30T01:00:00.000Z,San Francisco,ai,2026-07-11
"Hardware Founder Dinner with Rho @ Gigascale Capital | AI Infra, Data Centers, and Energy",https://lu.ma/0ws52exx,2026-07-30T01:30:00.000Z,San Francisco,ai,2026-07-11
BASS SBC 2026,https://lu.ma/basssbc2026,2026-07-30T16:00:00.000Z,San Francisco,ai,2026-07-11
AI Campus Safety Summit,https://lu.ma/9ghlwmwk,2026-07-30T17:30:00.000Z,San Francisco,ai,2026-07-11
Hack Night - Can Your Agent-Written Code Survive Production?,https://lu.ma/reboot-agent-code-jul30-2026,2026-07-30T23:30:00.000Z,San Francisco,ai,2026-07-11
☕️ Codex Community Meetup-San Francisco #8,https://lu.ma/h5x0pzw9,2026-07-31T00:00:00.000Z,San Francisco,ai,2026-07-11
Demystifying AI in CX,https://lu.ma/t86xub85,2026-07-31T00:00:00.000Z,San Francisco,ai,2026-07-11
Agents & APIs SF Developer Meetup,https://lu.ma/july-SF-Agents-APIs-meetup,2026-07-31T00:30:00.000Z,San Francisco,ai,2026-07-11
EnterpriseMCP Night Series at Workato,https://lu.ma/unzyev3c,2026-07-31T00:30:00.000Z,San Francisco,ai,2026-07-11
Startup Reality 202: AI in Industries — From Foundation Models to Vertical Moats,https://lu.ma/4g3wb753,2026-07-31T00:30:00.000Z,San Francisco,ai,2026-07-11
Dynamo After Hours,https://lu.ma/JulyDynamoAfterHours,2026-07-31T01:00:00.000Z,San Francisco,ai,2026-07-11
"Finance Leader Dinner at Wayfare Tavern with Vayu, PwC & Abacum",https://lu.ma/buglxp02,2026-07-31T01:00:00.000Z,San Francisco,ai,2026-07-11
From Advising to Building: Making the Move into Growth Strategy,https://lu.ma/gtpyywjl,2026-07-31T01:00:00.000Z,San Francisco,ai,2026-07-11
"Scaling revenue at Stripe and Vercel with Jeanne DeWitt Grosser (COO, Vercel)",https://lu.ma/7h2hjufc,2026-07-31T01:00:00.000Z,San Francisco,ai,2026-07-11
SF Socratic Agentic AI Summit,https://lu.ma/sf-socratic-2.0,2026-07-31T01:00:00.000Z,San Francisco,ai,2026-07-11
Taste: A Physical AI Data Happy Hour,https://lu.ma/ir1t9z73,2026-07-31T01:00:00.000Z,San Francisco,ai,2026-07-11
BlueDot SF Launch,https://lu.ma/bluedot-sf-launch,2026-07-31T02:00:00.000Z,San Francisco,ai,2026-07-11
Mapping the Invisible: The Future of Geospatial Intelligence,https://lu.ma/2d5os4pf,2026-07-31T02:00:00.000Z,San Francisco,ai,2026-07-11
Agentic Builders Hackathon,https://lu.ma/et4cxc1h,2026-07-31T16:30:00.000Z,San Francisco,ai,2026-07-11
Moms Who AI: Open Studio (July),https://lu.ma/1f7vdfje,2026-07-31T22:00:00.000Z,San Francisco,ai,2026-07-11
Unified Control Plane for the Agentic Enterprise,https://lu.ma/uu0hnz52,2026-07-31T23:30:00.000Z,San Francisco,ai,2026-07-11
Agentic AI Summit,https://lu.ma/agentic-ai-summit,2026-08-01T16:00:00.000Z,San Francisco,ai,2026-07-11
InstaService Investor Networking & Lunch Update,https://lu.ma/hen7ps1w,2026-08-01T18:00:00.000Z,San Francisco,ai,2026-07-11
Your AI Videos Don’t Look Like Movies. Let’s Fix That in 14 days,https://lu.ma/djg713gs,2026-08-01T19:30:00.000Z,San Francisco,ai,2026-07-11
Agent Infrastructure Roundtable 2026,https://lu.ma/9k0g4dqj,2026-08-02T01:00:00.000Z,San Francisco,ai,2026-07-11
Silicon Valley AI/Tech Investing Summit---Attend or Pitch,https://lu.ma/angellaunchaugust3,2026-08-03T20:30:00.000Z,San Francisco,ai,2026-07-11
"KSC Founders Pitch Day | Physical AI, Robotics and more",https://lu.ma/jjgph7rm,2026-08-04T23:00:00.000Z,San Francisco,ai,2026-07-11
Built by Agents: How Leading YC Companies are Building AI in Production,https://lu.ma/e2b-2281,2026-08-05T01:00:00.000Z,San Francisco,ai,2026-07-11
Built on Baseten | AI Demo Night,https://lu.ma/b4y2veki,2026-08-05T01:00:00.000Z,San Francisco,ai,2026-07-11
Privy Home: IRL SF,https://lu.ma/x1to4ziz,2026-08-05T18:00:00.000Z,San Francisco,ai,2026-07-11
AI Startup Pitch Competition,https://lu.ma/ai-startup-pitch,2026-08-06T00:00:00.000Z,San Francisco,ai,2026-07-11
“Physical Intelligence and AI Infra” VC Insights• Founder Pitches,https://lu.ma/l56dhiul,2026-08-06T00:30:00.000Z,San Francisco,ai,2026-07-11
Wiki3: Own Your Own AI Workshop,https://lu.ma/csc4m1gt,2026-08-06T01:00:00.000Z,San Francisco,ai,2026-07-11
Cartesia: Building the Future of Voice AI,https://lu.ma/1vz3zp2t,2026-08-06T01:30:00.000Z,San Francisco,ai,2026-07-11
AI & Tech Networking in San Francisco,https://lu.ma/clijjsuo,2026-08-06T02:00:00.000Z,San Francisco,ai,2026-07-11
The Agentic Human (Series A+) w/ HeyNoah,https://lu.ma/vd9f8uvf,2026-08-06T15:00:00.000Z,San Francisco,ai,2026-07-11
Growth Factory Ventures 2026 AGM-San Francisco,https://lu.ma/growth-e6yc,2026-08-06T21:00:00.000Z,San Francisco,ai,2026-07-11
AlphaSignal's Pizza Agent Challenge,https://lu.ma/o0id5abn,2026-08-07T00:30:00.000Z,San Francisco,ai,2026-07-11
"Programmable Biology: AI, Synthetic DNA, and the Future of Therapeutic Discovery",https://lu.ma/7r14kp0k,2026-08-07T00:30:00.000Z,San Francisco,ai,2026-07-11
RIP Pitch Deck Party-San Francisco,https://lu.ma/growth-guzg,2026-08-07T00:30:00.000Z,San Francisco,ai,2026-07-11
SF DEMO NIGHT 🚀 (w/ The AI Collective),https://lu.ma/august-demo-2026,2026-08-07T00:30:00.000Z,San Francisco,ai,2026-07-11
"AI Filmmakers Breakfast with Inkitt Ironblood: Coffee, AI & Cinema",https://lu.ma/o1pkp6yu,2026-08-07T15:00:00.000Z,San Francisco,ai,2026-07-11
Snowflake X Beta Fund Agent & Token Economy Hackathon,https://lu.ma/beta-fdnw,2026-08-07T16:00:00.000Z,San Francisco,ai,2026-07-11
Fire Hacks,https://lu.ma/ep9jjo5u,2026-08-08T15:00:00.000Z,San Francisco,ai,2026-07-11
Silicon Valley Robotics Fair 2026,https://lu.ma/05aqg7b8,2026-08-08T16:30:00.000Z,San Francisco,ai,2026-07-11
AI in GTM - Bets & Tradeoffs,https://lu.ma/revgenius-palo-alto,2026-08-12T00:30:00.000Z,San Francisco,ai,2026-07-11
The New Builder Playbook: Women Leading in the AI Era | .local Build Fest Week,https://lu.ma/ldy62zul,2026-08-13T00:30:00.000Z,San Francisco,ai,2026-07-11
AI Engineers Tech Talk: August,https://lu.ma/kzwpdbs5,2026-08-13T01:00:00.000Z,San Francisco,ai,2026-07-11
MongoDB.local Build Fest: San Francisco,https://lu.ma/30zl4ix9,2026-08-13T16:00:00.000Z,San Francisco,ai,2026-07-11
Austrian MBA students on an innovation learning journey - Community Only,https://lu.ma/austrian-mba-students-on-an-innovation-l,2026-08-13T21:00:00.000Z,San Francisco,ai,2026-07-11
Ditch the Deck SF- AI Show not Tell,https://lu.ma/secf21bn,2026-08-14T01:00:00.000Z,San Francisco,ai,2026-07-11
AI Agent Builder Day,https://lu.ma/oss4ai-jiv6,2026-08-17T16:30:00.000Z,San Francisco,ai,2026-07-11
ModCon 2026,https://lu.ma/modcon,2026-08-18T14:30:00.000Z,San Francisco,ai,2026-07-11
Actuate 26,https://lu.ma/ujlou22c,2026-08-18T15:00:00.000Z,San Francisco,ai,2026-07-11
Supernova 2026,https://lu.ma/cerebrassupernova26,2026-08-18T21:00:00.000Z,San Francisco,ai,2026-07-11
"ALIGN AI Executive Summit, San Francisco",https://lu.ma/align-ai-san-francisco,2026-08-19T16:00:00.000Z,San Francisco,ai,2026-07-11
SardineCon 2026 San Francisco,https://lu.ma/SardineCon2026,2026-08-19T16:30:00.000Z,San Francisco,ai,2026-07-11
AI For Startups - Silicon Valley Entreprenerus,https://lu.ma/kqiro7t3,2026-08-19T22:30:00.000Z,San Francisco,ai,2026-07-11
Wiki3: Own Your Own AI Workshop,https://lu.ma/s8wqrdy9,2026-08-20T01:00:00.000Z,San Francisco,ai,2026-07-11
AI Infrastructure: Talks + AI Agent Workshops,https://lu.ma/aug-ai-forum,2026-08-20T22:30:00.000Z,San Francisco,ai,2026-07-11
"Rooftop Tech Mixer & Demo Night w/ Rootly AI, SVB, Zesty, Echo, Twingate, Inngest, & More!",https://lu.ma/r6o27grm,2026-08-21T00:00:00.000Z,San Francisco,ai,2026-07-11
"Parag Agrawal (founder, Parallel) in conversation with Baseten",https://lu.ma/sy0mt1m4,2026-08-21T01:00:00.000Z,San Francisco,ai,2026-07-11
AI Valley x Pet Zen Dog-a-thon,https://lu.ma/rklrsomo,2026-08-22T16:00:00.000Z,San Francisco,ai,2026-07-11
Create for Good,https://lu.ma/ghnew59o,2026-08-23T00:30:00.000Z,San Francisco,ai,2026-07-11
"How Leading Teams Discover, Observe, and Secure Every Agent in Production",https://lu.ma/trust3ai-snowflake-July15,2026-08-26T00:00:00.000Z,San Francisco,ai,2026-07-11
Step SF 2026: The AI & Tech Startup Festival,https://lu.ma/StepSF26,2026-08-27T16:00:00.000Z,San Francisco,ai,2026-07-11
Rootly AI x Anthropic Executive Dinner (San Francisco),https://lu.ma/2fe2ltao,2026-08-28T01:00:00.000Z,San Francisco,ai,2026-07-11
Find Your SF Twin!,https://lu.ma/2o6rs7no,2026-08-29T08:30:00.000Z,San Francisco,ai,2026-07-11
SuccessLab Executive Forum: Designing the Next Customer Organization,https://lu.ma/css93,2026-09-04T00:00:00.000Z,San Francisco,ai,2026-07-11
AI Hackathon: Sales Copilot AI,https://lu.ma/qzct3ybt,2026-09-05T18:00:00.000Z,San Francisco,ai,2026-07-11
AI Engineers Tech Talk: September,https://lu.ma/veo3ji8n,2026-09-10T01:00:00.000Z,San Francisco,ai,2026-07-11
Vibe Your SaaS: Startup Pitch Competition + VC/Founder Mixer @ Snowflake HQ,https://lu.ma/ahp8g7dp,2026-09-11T00:30:00.000Z,San Francisco,ai,2026-07-11
AI Workshop: Getting Started with OpenClaw,https://lu.ma/sep-openclaw-workshop,2026-09-11T20:00:00.000Z,San Francisco,ai,2026-07-11
IIA @ Silicon Valley,https://lu.ma/1264ontz,2026-09-14T14:00:00.000Z,San Francisco,ai,2026-07-11
Build an AI Startup in One Day,https://lu.ma/oss4ai-fdvg,2026-09-18T16:30:00.000Z,San Francisco,ai,2026-07-11
Graph Exchange: Graph + AI in Production,https://lu.ma/utwyaywv,2026-09-23T00:30:00.000Z,San Francisco,ai,2026-07-11
AI Executive Summit,https://lu.ma/ai_exec_summit_Fall2026,2026-09-27T17:00:00.000Z,San Francisco,ai,2026-07-11
"Media Capital Summit VI Edition by MFG, San Francisco",https://lu.ma/6e0dhgpj,2026-09-29T16:30:00.000Z,San Francisco,ai,2026-07-11
The AI Conference Hack Day 2026,https://lu.ma/ai-conference-hack-day-2026,2026-09-29T16:30:00.000Z,San Francisco,ai,2026-07-11
"GenAI, Vibe Coding and Agentic AI: Talks + AI Agent Workshops",https://lu.ma/sep-ai-forum,2026-09-29T22:30:00.000Z,San Francisco,ai,2026-07-11
AI Assurance & Governance Summit 2026- Stanford,https://lu.ma/96oom6f2,2026-10-01T16:00:00.000Z,San Francisco,ai,2026-07-11
Fault Lines: The Great Debates of the Enterprise AI Stack,https://lu.ma/l7j015m6,2026-10-06T20:00:00.000Z,San Francisco,ai,2026-07-11
AI for Good: Driving AI Transformation with Community Trust,https://lu.ma/wqr8ajcg,2026-10-06T23:00:00.000Z,San Francisco,ai,2026-07-11
"The AI x Marketing Summit, Spring 2026",https://lu.ma/kafnw51f,2026-10-08T20:00:00.000Z,San Francisco,ai,2026-07-11
AI Native Summit - SF TechWeek 2026,https://lu.ma/3t95uj7s,2026-10-09T17:00:00.000Z,San Francisco,ai,2026-07-11
SF Tech Week Agent Day,https://lu.ma/7wn8tsf7,2026-10-09T19:00:00.000Z,San Francisco,ai,2026-07-11
"Human Performance, Capital & Innovation",https://lu.ma/TheSportsEconomy,2026-10-10T00:00:00.000Z,San Francisco,ai,2026-07-11
Silicon Valley Healthtech Summit---Attend or Pitch,https://lu.ma/b527lzdk,2026-10-12T20:30:00.000Z,San Francisco,ai,2026-07-11
"The Future of Work Pitch Night + Open Demos: Worktech, Robotics & Agentic AI",https://lu.ma/qo2dliwb,2026-10-13T00:30:00.000Z,San Francisco,ai,2026-07-11
Zenskar Finance Exchange | San Francisco,https://lu.ma/umrwjutw,2026-10-15T20:00:00.000Z,San Francisco,ai,2026-07-11
NachoThursday: TechCrunch Disrupt SaaS & AI Founder + Investor Happy Hour,https://lu.ma/nachon-9ui9,2026-10-16T00:00:00.000Z,San Francisco,ai,2026-07-11
"Zero Trust for AI: Securing Models, Data, and Autonomous Agents",https://lu.ma/nydm47zd,2026-10-23T00:00:00.000Z,San Francisco,ai,2026-07-11
Global CISO Summit - Bay Area Edition,https://lu.ma/gqhdvdcj,2026-10-24T15:00:00.000Z,San Francisco,ai,2026-07-11
ODSC AI West 2026 | San Francisco/Virtual,https://lu.ma/odsc-ul4x,2026-10-27T16:00:00.000Z,San Francisco,ai,2026-07-11
OSA Con 2026 - The Anti-Hype Conference for Open Source Analytics and AI,https://lu.ma/eis7567t,2026-11-02T17:00:00.000Z,San Francisco,ai,2026-07-11
TechEquity Ai Summit 2026: Talks + AI Agent Workshops,https://lu.ma/ai-summit-2026,2026-11-03T17:00:00.000Z,San Francisco,ai,2026-07-11
ALD 🌁 SF: The Enterprise AI Builders Conference,https://lu.ma/dsssf26,2026-11-05T17:00:00.000Z,San Francisco,ai,2026-07-11
Festiverse 2026: The World’s Biggest Festival Hackathon ($300K+ in Prizes),https://lu.ma/lsa8mrp7,2026-11-07T16:00:00.000Z,San Francisco,ai,2026-07-11
Graph Exchange - Agentic AI Memory,https://lu.ma/js68jbj1,2026-11-19T00:30:00.000Z,San Francisco,ai,2026-07-11
Silicon Valley Healthtech Summit,https://lu.ma/angellaunchjan11,2027-01-11T19:30:00.000Z,San Francisco,ai,2026-07-11
Demand & Expand 2027,https://lu.ma/demandandexpand2027,2027-05-25T15:00:00.000Z,San Francisco,ai,2026-07-11
"Enterprise Agents Hackathon - By Emergence, in partnership with Nebius (NYC)",https://lu.ma/f5smb6kp,2026-07-11T13:00:00.000Z,New York,ai,2026-07-11
AI Healthcare Hack NYC - by Arya Health & Twilio AI Startup Searchlight,https://lu.ma/arya-health-hack,2026-07-11T13:30:00.000Z,New York,ai,2026-07-11
Build Day NYC,https://lu.ma/z6k0qp14,2026-07-11T14:00:00.000Z,New York,ai,2026-07-11
AI Voice Agent hackathon: Supafone.ai,https://lu.ma/ey5fuzqp,2026-07-11T20:00:00.000Z,New York,ai,2026-07-11
RAD Collective Soft Launch Picnic <3,https://lu.ma/8mqj0joe,2026-07-11T20:00:00.000Z,New York,ai,2026-07-11
NYC Walk&Jam: Animate the Whitney,https://lu.ma/xpoz38qc,2026-07-12T16:00:00.000Z,New York,ai,2026-07-11
Context Engineering Guild: July Edition,https://lu.ma/8d4im4ol,2026-07-12T18:00:00.000Z,New York,ai,2026-07-11
Informationbanker Fintech & AI networking walk,https://lu.ma/giy3rils,2026-07-12T19:00:00.000Z,New York,ai,2026-07-11
Creationship Sundays: AI for Creative Good,https://lu.ma/hpki7fh8,2026-07-12T21:00:00.000Z,New York,ai,2026-07-11
"Founders Rooftop Series, AI/Tech (Final event) — Reverse Network Meet",https://lu.ma/staaake-wxlc,2026-07-12T21:30:00.000Z,New York,ai,2026-07-11
Happy Hour with Lovable @ The Lighthouse,https://lu.ma/the-h4fm,2026-07-13T21:00:00.000Z,New York,ai,2026-07-11
Learn to Build with AI,https://lu.ma/v_coding,2026-07-13T21:00:00.000Z,New York,ai,2026-07-11
Legal Tech Meetup with Vibe Space and Jumpstart,https://lu.ma/legaltech-ny,2026-07-14T21:00:00.000Z,New York,ai,2026-07-11
[NoMad] Researchers Only,https://lu.ma/yxa71tha,2026-07-14T21:00:00.000Z,New York,ai,2026-07-11
"Apollo Meetup NYC: Real GTM Insights, Connections & Live AI Builds",https://lu.ma/apollo-meetup-nyc-0726,2026-07-14T21:30:00.000Z,New York,ai,2026-07-11
IGC Pharma Private Investor Briefing - NYC,https://lu.ma/IGCpharmaNYC,2026-07-14T21:30:00.000Z,New York,ai,2026-07-11
Build with AI Meetup,https://lu.ma/8dxvo1rl,2026-07-14T22:30:00.000Z,New York,ai,2026-07-11
Tech and AI Founder Happy Hour Night,https://lu.ma/socialq-qnbx,2026-07-15T20:00:00.000Z,New York,ai,2026-07-11
AI Technology Summit,https://lu.ma/6ogmjqdl,2026-07-15T21:00:00.000Z,New York,ai,2026-07-11
Building Web-Powered AI Apps Without Code: Base44 & Tavily,https://lu.ma/tavily-4mzn,2026-07-15T21:30:00.000Z,New York,ai,2026-07-11
"Hot Startup Summer: AI, Security, & Growth Workshop",https://lu.ma/dk2v7b0r,2026-07-15T21:30:00.000Z,New York,ai,2026-07-11
The Innovator's Mindset: Inside Silicon Valley's Best-Kept Secrets,https://lu.ma/qps82bo7,2026-07-15T21:30:00.000Z,New York,ai,2026-07-11
AI Adoption Open Mic & Happy Hour,https://lu.ma/msmflayl,2026-07-15T22:00:00.000Z,New York,ai,2026-07-11
AI Socratic — Lost in The J-Space,https://lu.ma/ai-july,2026-07-15T22:00:00.000Z,New York,ai,2026-07-11
AI & Tech Networking in Manhattan,https://lu.ma/0uqt9jnz,2026-07-15T22:00:00.000Z,New York,ai,2026-07-11
Girlie Pops Who VibeCode,https://lu.ma/zo-fniw,2026-07-15T22:00:00.000Z,New York,ai,2026-07-11
🇺🇸 Michelin‑Invest Dinner🥂🕯 Family Offices Investors Summit 📍NYC📍July 15 - July 16 🇺🇸,https://lu.ma/3tfefikz,2026-07-15T22:00:00.000Z,New York,ai,2026-07-11
"Aperitivo @ Marriott Marquis: Winning in AI Search, Amazon Edition",https://lu.ma/va4rprtp,2026-07-16T21:30:00.000Z,New York,ai,2026-07-11
Dovetail Sun's Out: NY launch party,https://lu.ma/lb2y19iq,2026-07-16T21:30:00.000Z,New York,ai,2026-07-11
"Health2Tech NYC, July 16 2026",https://lu.ma/tsa3c3k8,2026-07-16T21:30:00.000Z,New York,ai,2026-07-11
Inertia's (first) Launch Party,https://lu.ma/njrwotjc,2026-07-16T21:30:00.000Z,New York,ai,2026-07-11
Tech and AI Founder Night!- West Village,https://lu.ma/socialq-oc3s,2026-07-16T21:30:00.000Z,New York,ai,2026-07-11
"AI TECH & Startup Night — Manhattan, New York",https://lu.ma/y0xo7uu5,2026-07-16T22:00:00.000Z,New York,ai,2026-07-11
Applied AI in Practice: Real-World Enterprise Use Cases Across Industries,https://lu.ma/zgpbusev,2026-07-16T22:00:00.000Z,New York,ai,2026-07-11
"VC Networking: Pitch Day — Manhattan, New York",https://lu.ma/99ge17yl,2026-07-16T22:00:00.000Z,New York,ai,2026-07-11
Agentic Commerce Demo Day,https://lu.ma/h8o5clb6,2026-07-16T22:30:00.000Z,New York,ai,2026-07-11
Fonzi's Poker & Game Night,https://lu.ma/r28brzlq,2026-07-16T23:00:00.000Z,New York,ai,2026-07-11
AI Build Workshop,https://lu.ma/f2xz8t8h,2026-07-17T15:30:00.000Z,New York,ai,2026-07-11
GTM Happy Hour,https://lu.ma/gtm-drinks,2026-07-17T20:00:00.000Z,New York,ai,2026-07-11
What Is an AI-Native Legal Team?,https://lu.ma/fzdahvh5,2026-07-17T22:00:00.000Z,New York,ai,2026-07-11
Dev Cup: Tavily x Composio,https://lu.ma/tavily-h550,2026-07-17T22:30:00.000Z,New York,ai,2026-07-11
🏆 Builders Cup 2026 - A Hackathon by Ramp,https://lu.ma/nrletiv9,2026-07-18T14:00:00.000Z,New York,ai,2026-07-11
Hack Your Way Into the Hacker House - powered by OnlyExit,https://lu.ma/hack-to-hacker-house,2026-07-18T14:00:00.000Z,New York,ai,2026-07-11
Style Around the Block ☕👕,https://lu.ma/pp4cr5gk,2026-07-18T15:00:00.000Z,New York,ai,2026-07-11
Legal AI Meet-Up @NYC,https://lu.ma/9ko9z7d9,2026-07-19T19:00:00.000Z,New York,ai,2026-07-11
The AI Storefront: How AI Is Changing Discovery and Shopping in Fashion,https://lu.ma/qoowlk8t,2026-07-20T21:00:00.000Z,New York,ai,2026-07-11
"[TO BE RESCHEDULED] Engineering & AI Leaders Brunch (Ft. Tsvi Gal, MSKCC CTO)",https://lu.ma/bg53zuel,2026-07-21T13:30:00.000Z,New York,ai,2026-07-11
AI for Good Meetup,https://lu.ma/aiforsocialgood-meetup,2026-07-21T21:00:00.000Z,New York,ai,2026-07-11
Claude Mythos Cybersecurity Discussion - Think Tank NYC July,https://lu.ma/94hyljpk,2026-07-21T22:00:00.000Z,New York,ai,2026-07-11
Marketers - Building with AI,https://lu.ma/8xidyow1,2026-07-21T22:00:00.000Z,New York,ai,2026-07-11
AI Founders Supper Club (Hosted by The AI Furnace),https://lu.ma/xxrgfwv6,2026-07-21T22:00:00.000Z,New York,ai,2026-07-11
Bull Moose + Friends 🫎,https://lu.ma/6g0yjq7i,2026-07-21T22:00:00.000Z,New York,ai,2026-07-11
LangChain NY Meetup: Building Agents with Agents,https://lu.ma/jqif2hti,2026-07-21T22:00:00.000Z,New York,ai,2026-07-11
Cafe Compute: Gemma in NYC,https://lu.ma/cafecomputenyc,2026-07-21T23:00:00.000Z,New York,ai,2026-07-11
Claude Cafe with AI Snack Club - New York City,https://lu.ma/aisnack-lzzc,2026-07-22T13:00:00.000Z,New York,ai,2026-07-11
AI Pitch Blitz: $1K Cash Drop Rooftop Edition | by 1PB.org and Verci,https://lu.ma/l82c7nuj,2026-07-22T21:30:00.000Z,New York,ai,2026-07-11
"AI-Native Women: Beauty, Health, Wellness",https://lu.ma/2qqw1l31,2026-07-22T22:00:00.000Z,New York,ai,2026-07-11
Building with AI: Open Mic Night (w/ The AI Collective),https://lu.ma/aic-st-7-22,2026-07-22T22:00:00.000Z,New York,ai,2026-07-11
Pioneering Minds AI: Pitching Masterclass II,https://lu.ma/9f1x7gwk,2026-07-22T22:00:00.000Z,New York,ai,2026-07-11
Women Who Build: Creating Your Portfolio with AI,https://lu.ma/oprm50vy,2026-07-22T22:00:00.000Z,New York,ai,2026-07-11
Agentics: Biweekly #1,https://lu.ma/agentics-qz0j,2026-07-22T22:30:00.000Z,New York,ai,2026-07-11
AI Rollup Economics for Engineers - hosted by Comma Capital & Modus,https://lu.ma/n0j87mln,2026-07-22T22:30:00.000Z,New York,ai,2026-07-11
Redefining the Art Market with Technology,https://lu.ma/ulywv6li,2026-07-22T22:30:00.000Z,New York,ai,2026-07-11
New York Executive Breakfast,https://lu.ma/q8y6nje1,2026-07-23T13:00:00.000Z,New York,ai,2026-07-11
Base44 Accelerator Demo Day Finale,https://lu.ma/zufv8xla,2026-07-23T15:00:00.000Z,New York,ai,2026-07-11
AI Champions Day: Engineering the Future of Automation and AI,https://lu.ma/spjmgapk,2026-07-23T17:00:00.000Z,New York,ai,2026-07-11
GRC AI Labs | Custom Agent Building Session,https://lu.ma/comply-h8b8,2026-07-23T19:00:00.000Z,New York,ai,2026-07-11
"Vodka in the Vault, with Troy Fine + Richa Kaul",https://lu.ma/comply-omfe,2026-07-23T20:30:00.000Z,New York,ai,2026-07-11
"AI Hack Night NYC feat. Box, Anthropic, Auth0 & Temporal",https://lu.ma/lxakd22n,2026-07-23T21:00:00.000Z,New York,ai,2026-07-11
Setting the Standard How AI Is Redefining Excellence Across Industries,https://lu.ma/jzd52x3y,2026-07-23T21:00:00.000Z,New York,ai,2026-07-11
SKY DWELLERS II - Upmixer Rooftop Mixer,https://lu.ma/s5wzh18s,2026-07-23T21:00:00.000Z,New York,ai,2026-07-11
Agentic Aperitivo: A Ladies' Cocktail Hour,https://lu.ma/baselayer-jovs,2026-07-23T22:00:00.000Z,New York,ai,2026-07-11
Atrium Beta Launch - NY,https://lu.ma/etei9hoo,2026-07-23T22:00:00.000Z,New York,ai,2026-07-11
Fashion & AI @ Macy’s,https://lu.ma/f14rr4xr,2026-07-23T22:00:00.000Z,New York,ai,2026-07-11
Fonzi's July Devs & Drinks,https://lu.ma/qmcapvqw,2026-07-23T22:00:00.000Z,New York,ai,2026-07-11
July 23: How AI is transforming the practice of the Law,https://lu.ma/y9kk8kpl,2026-07-23T22:00:00.000Z,New York,ai,2026-07-11
Mind Games: Understanding AI Through Play | New York City,https://lu.ma/odsc-us3b,2026-07-23T22:00:00.000Z,New York,ai,2026-07-11
Notion x She AI: The Career Edit,https://lu.ma/5lzcn45r,2026-07-23T22:00:00.000Z,New York,ai,2026-07-11
"Finance Leader Dinner with PwC, Vayu, Abacum & Anrok",https://lu.ma/n1w191tg,2026-07-23T22:30:00.000Z,New York,ai,2026-07-11
From Model to Medicine: An AWS Executive Reception at AI x Bio Summit,https://lu.ma/iylrgtia,2026-07-23T22:30:00.000Z,New York,ai,2026-07-11
The GTM Rebuild Playbook: A live workshop with Neal Gupta,https://lu.ma/tmbm1bxh,2026-07-23T22:30:00.000Z,New York,ai,2026-07-11
AI Growth Summit NYC,https://lu.ma/nyc26,2026-07-24T13:00:00.000Z,New York,ai,2026-07-11
NYC B2B: AI Founders & Investors Meetup,https://lu.ma/r4uqdp1t,2026-07-27T22:00:00.000Z,New York,ai,2026-07-11
NYC AI Builder Nights — Workshop Edition,https://lu.ma/qh2fnfqf,2026-07-28T21:30:00.000Z,New York,ai,2026-07-11
WorkOS Applied AI Showcase (NYC),https://lu.ma/applied-ai-nyc,2026-07-28T21:30:00.000Z,New York,ai,2026-07-11
AI Safety workshop,https://lu.ma/5s3td0nr,2026-07-28T22:00:00.000Z,New York,ai,2026-07-11
Runtime Social NYC: Pong & Production AI 🏓,https://lu.ma/wyh4mfy8,2026-07-28T22:30:00.000Z,New York,ai,2026-07-11
Data to Insights on Snowflake + Hex: NYC Hands-On Workshop,https://lu.ma/44t0mjzx,2026-07-29T17:00:00.000Z,New York,ai,2026-07-11
Hacking Agents Meetup - NYC,https://lu.ma/hacking-agents-nyc,2026-07-29T21:00:00.000Z,New York,ai,2026-07-11
Fonzi’s July Tech Talks,https://lu.ma/hjmwxsrp,2026-07-29T22:00:00.000Z,New York,ai,2026-07-11
Summer in NYC with BoxGroup,https://lu.ma/omgv39mv,2026-07-29T22:00:00.000Z,New York,ai,2026-07-11
Rip up the Playbook: Becoming an AI-Native Marketer before it's too late,https://lu.ma/m5v6d65l,2026-07-30T12:30:00.000Z,New York,ai,2026-07-11
Founders & Investors Soiree | Supermoon & MongoDB,https://lu.ma/c9m19ub8,2026-07-30T21:00:00.000Z,New York,ai,2026-07-11
"Agentic AI, Unfiltered - New York City Executive Dinner",https://lu.ma/gtvlrr8l,2026-07-30T22:00:00.000Z,New York,ai,2026-07-11
Architecting the Future of Healthtech and Fintech,https://lu.ma/znk4a4z9,2026-07-30T22:00:00.000Z,New York,ai,2026-07-11
HuLane Mixer: Rooftop Edition,https://lu.ma/spk9ubwr,2026-07-30T22:00:00.000Z,New York,ai,2026-07-11
AI Unlocked: AI Literacy Workshop,https://lu.ma/aiunlocked073126,2026-07-31T22:00:00.000Z,New York,ai,2026-07-11
(Dis)consent: A Night of Performance and Interactive Installations,https://lu.ma/g2um2bai,2026-08-02T23:30:00.000Z,New York,ai,2026-07-11
AI Show & Tell for Retail Leaders-3.0 NYC Edition,https://lu.ma/gwr318aj,2026-08-04T16:30:00.000Z,New York,ai,2026-07-11
AI & Tech Networking in Manhattan,https://lu.ma/3icc73mr,2026-08-05T22:00:00.000Z,New York,ai,2026-07-11
PMAI Workshop: The AI Native GTM Stack,https://lu.ma/pioneerai-sbre,2026-08-06T22:00:00.000Z,New York,ai,2026-07-11
AI Engineers: Poker & Game Night,https://lu.ma/zyxkwxth,2026-08-06T23:00:00.000Z,New York,ai,2026-07-11
Executive Dinner: Leveraging AI Agents,https://lu.ma/newyork-dinner,2026-08-11T23:00:00.000Z,New York,ai,2026-07-11
NextGen Fleet Road Show – New York,https://lu.ma/m4obdxdy,2026-08-13T12:30:00.000Z,New York,ai,2026-07-11
Agentic Security - Inaugural meetup,https://lu.ma/hraj0z1o,2026-08-14T21:30:00.000Z,New York,ai,2026-07-11
AI Demo Night,https://lu.ma/c4alsewg,2026-08-18T21:00:00.000Z,New York,ai,2026-07-11
Building with AI: Stamford Micro-Hackathon (w/ The AI Collective),https://lu.ma/aic-st-8-19,2026-08-19T21:30:00.000Z,New York,ai,2026-07-11
"Under The Hood: Community AI Show & Tell, NYC",https://lu.ma/eqndjvxy,2026-08-19T22:00:00.000Z,New York,ai,2026-07-11
Funded Founder IP Law Dinner,https://lu.ma/earlystageip,2026-09-03T23:00:00.000Z,New York,ai,2026-07-11
CFO AI Roundtable Powered by FIF × PwC × Eliza,https://lu.ma/daarg1bh,2026-09-15T21:00:00.000Z,New York,ai,2026-07-11
UN Blockchain Week 2026 | Premier Two-Day Conference,https://lu.ma/UNBlockchainWeek2026,2026-09-16T13:00:00.000Z,New York,ai,2026-07-11
"An Intel Capital Exchange on AI, Agents & Security",https://lu.ma/48oy70xs,2026-09-16T17:00:00.000Z,New York,ai,2026-07-11
Washington Elite Gala - UNGA 2026,https://lu.ma/WashingtonEliteGala,2026-09-18T22:00:00.000Z,New York,ai,2026-07-11
NYC | Food + A.I. Hackathon,https://lu.ma/c958kgux,2026-09-19T14:00:00.000Z,New York,ai,2026-07-11
Sept AI Engineers: Devs & Drinks,https://lu.ma/rwqgte5a,2026-09-24T22:00:00.000Z,New York,ai,2026-07-11
AI x Investigative Journalism Forum,https://lu.ma/ai-investigative-journalism-forum-2026,2026-09-25T13:30:00.000Z,New York,ai,2026-07-11
Vibe Summit NYC,https://lu.ma/35f8uj09,2026-09-30T13:00:00.000Z,New York,ai,2026-07-11
Real Mamas of Crypto - 2026 Summit,https://lu.ma/ziqwnt5v,2026-10-06T13:00:00.000Z,New York,ai,2026-07-11
NYC Amazon Quick User Group,https://lu.ma/cymzac2h,2026-10-13T17:00:00.000Z,New York,ai,2026-07-11
Responsible Tech Summit 2026. From Principles to Power: Embedding Accountability in the AI Era,https://lu.ma/05z8y8xs,2026-10-29T14:30:00.000Z,New York,ai,2026-07-11
The AI in Retail Summit During NRF: Retail's Big Show 2027,https://lu.ma/rethink-ssd9,2027-01-11T21:30:00.000Z,New York,ai,2026-07-11
Fleek x a16z Hackathon London,https://lu.ma/usntwjdw,2026-07-11T08:30:00.000Z,London,ai,2026-07-11
"Executive Breakfast Roundtable: AI Governance, Leadership & Board Oversight",https://lu.ma/0h72b2iy,2026-07-14T07:00:00.000Z,London,ai,2026-07-11
Pre-seed to Series B Fundraising Workshop with Pembroke VCT,https://lu.ma/g6krqvi7,2026-07-14T07:30:00.000Z,London,ai,2026-07-11
We Saved You a Seat - A Roundtable on Returning to Work in the AI Era,https://lu.ma/tftn6xo0,2026-07-14T08:15:00.000Z,London,ai,2026-07-11
loveAI,https://lu.ma/n2pg4rtq,2026-07-14T14:00:00.000Z,London,ai,2026-07-11
State of Post-Training — A Private Happy Hour hosted by Protege,https://lu.ma/protege-4prs,2026-07-14T16:00:00.000Z,London,ai,2026-07-11
Adamo: Physical AI Meetup,https://lu.ma/a3odqr78,2026-07-14T17:00:00.000Z,London,ai,2026-07-11
"🚀AI Demo Night: Startup Registration (pitch to Bessemer, Project A, Episode 1)",https://lu.ma/jwyw8ac0,2026-07-14T17:00:00.000Z,London,ai,2026-07-11
Defence 101: Open Mic Pitching + Networking,https://lu.ma/02vuc930,2026-07-14T17:00:00.000Z,London,ai,2026-07-11
London AI Demo Night,https://lu.ma/nj6g1kr2,2026-07-14T17:00:00.000Z,London,ai,2026-07-11
"Agentic GTM: Scaling Growth w/ Attio, Modal & Parallel",https://lu.ma/modal-attio-parallel,2026-07-14T17:30:00.000Z,London,ai,2026-07-11
Building Breakout Companies: Index Ventures X Scope,https://lu.ma/32eozzrv,2026-07-14T17:30:00.000Z,London,ai,2026-07-11
Inside the AI-Native Marketing Team: An Evening with Gamma,https://lu.ma/gamma-aimarketing,2026-07-14T17:30:00.000Z,London,ai,2026-07-11
"Rooftop Edition | AI, Startups & Networking Night",https://lu.ma/ntl-czyd,2026-07-14T17:30:00.000Z,London,ai,2026-07-11
Claude Masterclass | Automate Your Work,https://lu.ma/3xh0kwhn,2026-07-15T08:30:00.000Z,London,ai,2026-07-11
"AI Pitch Night with Haatch, EF & AlbionVC",https://lu.ma/novabook-m3ol,2026-07-15T16:30:00.000Z,London,ai,2026-07-11
Agentic AI-MeetUp London #9,https://lu.ma/lenses-ob70,2026-07-15T17:00:00.000Z,London,ai,2026-07-11
Autonomous Knowledge Economy | SoTA Frontiers Night,https://lu.ma/q8dnqj0x,2026-07-15T17:00:00.000Z,London,ai,2026-07-11
Harness Engineering with Amazon,https://lu.ma/758nubw3,2026-07-15T17:00:00.000Z,London,ai,2026-07-11
She Bytes Back x incident.io: Agentic Workflows & The Parts They Can't Automate,https://lu.ma/u68wrozc,2026-07-15T17:00:00.000Z,London,ai,2026-07-11
Fin ML: How to Align a Model—and How to Break It,https://lu.ma/fin-bffe,2026-07-15T17:30:00.000Z,London,ai,2026-07-11
"Networking and Interactive Panel: Hot Topics in AI, Sustainability and Finance - From Labor Markets to Energy Use",https://lu.ma/wise-znat,2026-07-15T17:30:00.000Z,London,ai,2026-07-11
Open Code #19,https://lu.ma/fp5iknmy,2026-07-15T17:30:00.000Z,London,ai,2026-07-11
Hold Onto Humanity: Critical Thinking in the Age of AI,https://lu.ma/6fkija63,2026-07-16T08:00:00.000Z,London,ai,2026-07-11
OX2: London. Show and Tell,https://lu.ma/v5j25xfc,2026-07-16T09:00:00.000Z,London,ai,2026-07-11
Networking Event,https://lu.ma/0i9maxnp,2026-07-16T09:30:00.000Z,London,ai,2026-07-11
Coffee for Creatives: A Gamma Hang,https://lu.ma/meetgamma-creativecoffee,2026-07-16T13:00:00.000Z,London,ai,2026-07-11
On the Business - How AI is Transforming the P&L: A Master Class on What Investors Care About and What It Means for Leaders?,https://lu.ma/j8bvcaej,2026-07-16T15:30:00.000Z,London,ai,2026-07-11
AI in Finance Networking Dinner & Workshop,https://lu.ma/2kisu0ew,2026-07-16T17:00:00.000Z,London,ai,2026-07-11
London | Claude Conversation,https://lu.ma/claude-conversation-LDN1,2026-07-16T17:00:00.000Z,London,ai,2026-07-11
Smart Prospecting and How To Become a Superstar in Sales and Revenue Teams.,https://lu.ma/7303ki52,2026-07-16T17:00:00.000Z,London,ai,2026-07-11
The Sovereign AI Race Is On: What are the opportunities for founders and investors?,https://lu.ma/pathfo-lu84,2026-07-16T17:00:00.000Z,London,ai,2026-07-11
Zed x Tessl Meetup: We ❤️ Demos,https://lu.ma/riygjcls,2026-07-16T17:00:00.000Z,London,ai,2026-07-11
AI Agents for GTM Workshop,https://lu.ma/dust-vbi5,2026-07-16T17:30:00.000Z,London,ai,2026-07-11
"AI Meetup - Summer Drinks by Glassray, Vercel & 1Deploy",https://lu.ma/nqwmgbx0,2026-07-16T17:30:00.000Z,London,ai,2026-07-11
Fin x Fyxer: Building AI Products that Scale,https://lu.ma/finxfyxer,2026-07-16T17:30:00.000Z,London,ai,2026-07-11
"Musly In Conversation with Mariam Ahmed | Using AI to Scale Your Business | Villa Mamas, London | 16th July",https://lu.ma/ohg5jxzw,2026-07-16T18:00:00.000Z,London,ai,2026-07-11
AI Operator Breakfast - Shoreditch,https://lu.ma/ajyqslip,2026-07-17T07:00:00.000Z,London,ai,2026-07-11
🇬🇧 Supercharging Your Team with AI: AI as a “Force Multiplier” vs. “Replacement” | Product People x Yonda,https://lu.ma/0iyq7b32,2026-07-17T08:30:00.000Z,London,ai,2026-07-11
AI in Practice for Property,https://lu.ma/q5k6ng70,2026-07-17T11:00:00.000Z,London,ai,2026-07-11
CLR Summer Fellowship Speaker Series: Lewis Hammond (Cooperative AI Foundation),https://lu.ma/1wnkty6l,2026-07-17T16:00:00.000Z,London,ai,2026-07-11
Reimagine Health with eMed & OpenAI,https://lu.ma/aiengine-zado,2026-07-17T16:00:00.000Z,London,ai,2026-07-11
Brixton AI Community Town Hall Launch,https://lu.ma/impact-9htz,2026-07-17T17:00:00.000Z,London,ai,2026-07-11
AI Video Agent Workshop,https://lu.ma/kr4wag3f,2026-07-18T13:00:00.000Z,London,ai,2026-07-11
Podcast Carnival 中文播客嘉年华,https://lu.ma/ev6tmt34,2026-07-18T13:00:00.000Z,London,ai,2026-07-11
The Agent Economy: What Could Possibly Go Wrong?,https://lu.ma/s1uyta08,2026-07-20T17:30:00.000Z,London,ai,2026-07-11
CLR Summer Fellowship Speaker Series: Andy Gordon (Timaeus),https://lu.ma/7siqf8me,2026-07-21T16:00:00.000Z,London,ai,2026-07-11
Agentic Cash: Death Of Cash,https://lu.ma/2rscsz9y,2026-07-21T16:30:00.000Z,London,ai,2026-07-11
Executive Dinner: Retail Rewired: Turning AI & Data into Operational Advantage,https://lu.ma/0dhvixa3,2026-07-21T17:00:00.000Z,London,ai,2026-07-11
Harness Engineering: Code and Data That Agents Can Trust,https://lu.ma/ainative-xaq1,2026-07-21T17:00:00.000Z,London,ai,2026-07-11
AI & Tech Networking in London,https://lu.ma/ehy12k1t,2026-07-21T17:00:00.000Z,London,ai,2026-07-11
Vibe Code a Sport App,https://lu.ma/hsu408gc,2026-07-21T17:00:00.000Z,London,ai,2026-07-11
Hands-On Workshop — Build an Agentic Application with LangChain & CopilotKit,https://lu.ma/lfd4udxc,2026-07-21T17:30:00.000Z,London,ai,2026-07-11
"[Invite Only] AI Finance Leaders Breakfast | Wednesday, 22nd July 2026 | London",https://lu.ma/2kvymxjx,2026-07-22T07:30:00.000Z,London,ai,2026-07-11
Passionfruit Presents: Marketing in the Age of AI,https://lu.ma/e9yh3ohq,2026-07-22T16:00:00.000Z,London,ai,2026-07-11
AI for the rest of us | Summer Social,https://lu.ma/AI4July26,2026-07-22T17:00:00.000Z,London,ai,2026-07-11
AI on Draught: All About Insurance,https://lu.ma/AI-on-Draught-All-About-Insurance,2026-07-22T17:00:00.000Z,London,ai,2026-07-11
"Daytona AI Builders - London, July 2026",https://lu.ma/ai-builders-london,2026-07-22T17:00:00.000Z,London,ai,2026-07-11
Founders vs VCs: Agent Wars,https://lu.ma/3ou99h8m,2026-07-22T17:00:00.000Z,London,ai,2026-07-11
London Marketing Exec Dinner: AI & the Modern Website (July Edition),https://lu.ma/xxhvbz1x,2026-07-22T17:00:00.000Z,London,ai,2026-07-11
"UXCrunch July: Debate, Is AI Coming for Design Jobs?",https://lu.ma/4krxzpmh,2026-07-22T17:00:00.000Z,London,ai,2026-07-11
Ro Facilitates: Got AI. Cool. Now What?,https://lu.ma/3jy4ggdc,2026-07-22T18:30:00.000Z,London,ai,2026-07-11
TypeScript AI: The only conference for TypeScript AI developers | In-person + Online,https://lu.ma/tsaiconf,2026-07-23T07:30:00.000Z,London,ai,2026-07-11
Practical AI London Workshop: From Curious to Capable,https://lu.ma/xj5ic2l2,2026-07-23T09:00:00.000Z,London,ai,2026-07-11
CLR Summer Fellowship Speaker Series: Daniel Kokotajlo (AI Futures Project),https://lu.ma/uy7racju,2026-07-23T16:00:00.000Z,London,ai,2026-07-11
AI in Practice - How we are actually using it.,https://lu.ma/ihzyikn0,2026-07-23T16:30:00.000Z,London,ai,2026-07-11
AI Demo Days #13,https://lu.ma/8pi189ji,2026-07-23T17:00:00.000Z,London,ai,2026-07-11
Analytics & AI: From Data Insights to Strategic Impact,https://lu.ma/ui9dst6p,2026-07-23T17:00:00.000Z,London,ai,2026-07-11
Data Sanity Talks,https://lu.ma/wlpqonzr,2026-07-23T17:00:00.000Z,London,ai,2026-07-11
The Future of Voice Agents: A Fireside Chat,https://lu.ma/llznxiya,2026-07-23T17:00:00.000Z,London,ai,2026-07-11
Demo Event LDN: Fin's Claude Code Playbook for AI Native Teams,https://lu.ma/4btmvun6,2026-07-23T17:30:00.000Z,London,ai,2026-07-11
Off the Record: AI for People Leaders,https://lu.ma/6knojlru,2026-07-23T17:30:00.000Z,London,ai,2026-07-11
SUMMER LOUNGE - When the Agent eats the Moats,https://lu.ma/frw29zal,2026-07-24T07:30:00.000Z,London,ai,2026-07-11
Paper Club #6 (Robot Learning Collective),https://lu.ma/hb6g8ii6,2026-07-24T17:00:00.000Z,London,ai,2026-07-11
Consumer Health Hackathon,https://lu.ma/londonai-m2w1,2026-07-25T09:00:00.000Z,London,ai,2026-07-11
"SPEED BUILD 2026 | $20,000 HACKATHON LIVESTREAM",https://lu.ma/speedbuild2026,2026-07-25T09:00:00.000Z,London,ai,2026-07-11
IPVISE AI Film Forum & Competition,https://lu.ma/t43gsgl8,2026-07-25T15:00:00.000Z,London,ai,2026-07-11
Crick Innovation Challenge 2026,https://lu.ma/lfjvldqv,2026-07-27T14:00:00.000Z,London,ai,2026-07-11
CLR Summer Fellowship Speaker Series: Mia Hopman (Apollo Research),https://lu.ma/pqj2h1hy,2026-07-27T16:00:00.000Z,London,ai,2026-07-11
"London AI, ML, and Computer Vision Meetup",https://lu.ma/london-ai-ml-and-cv-meetup-jul-2026,2026-07-27T16:30:00.000Z,London,ai,2026-07-11
Proof of Play: An Evening with Gamma,https://lu.ma/gamma-aileaders,2026-07-27T17:30:00.000Z,London,ai,2026-07-11
Making Your Mark - Career Progression in AI,https://lu.ma/jsez1j3a,2026-07-28T07:45:00.000Z,London,ai,2026-07-11
First Step: Graduate to AI,https://lu.ma/First-Step-Graduate-to-AI,2026-07-28T10:00:00.000Z,London,ai,2026-07-11
Scaling Agentic Coding with Claude Code,https://lu.ma/goirt1oe,2026-07-28T14:00:00.000Z,London,ai,2026-07-11
Invention Institutions After AI,https://lu.ma/q0405wby,2026-07-28T16:30:00.000Z,London,ai,2026-07-11
Good Vibes Only - AI Readiness for the Real World,https://lu.ma/uw0jjz8t,2026-07-29T12:00:00.000Z,London,ai,2026-07-11
Building Again After a 320x Exit with Husayn Kassai,https://lu.ma/n7dt3vww,2026-07-29T17:30:00.000Z,London,ai,2026-07-11
MindGuard x Frontier/1 x Geo TechHub <> Drinks,https://lu.ma/p3511mxb,2026-07-29T18:00:00.000Z,London,ai,2026-07-11
London Loras: Seedance ⌁ The Future of Advertising,https://lu.ma/g9pj5e7p,2026-07-30T16:30:00.000Z,London,ai,2026-07-11
London Voice Agent HackNight,https://lu.ma/vnvhk89s,2026-07-30T16:30:00.000Z,London,ai,2026-07-11
Voice AI Meetup: London Chapter,https://lu.ma/c0gokal2,2026-07-30T16:30:00.000Z,London,ai,2026-07-11
[London] AI After Hours - London Library,https://lu.ma/7auzi7a1,2026-07-30T17:00:00.000Z,London,ai,2026-07-11
AI Apertivo - London Meetup,https://lu.ma/aisnack-uf6f,2026-07-30T17:30:00.000Z,London,ai,2026-07-11
"Wine, Dine, Refine: From Procrastination to Productivity",https://lu.ma/pnd434dd,2026-07-30T18:00:00.000Z,London,ai,2026-07-11
Residentials Vol X: Founder Fireside & House Party,https://lu.ma/bti4w472,2026-07-31T19:00:00.000Z,London,ai,2026-07-11
Curious Women in AI,https://lu.ma/wxrpoqqv,2026-08-04T17:30:00.000Z,London,ai,2026-07-11
CLR Summer Fellowship Speaker Series: Chi Nguyen (Redwood Research),https://lu.ma/67nhmqfy,2026-08-05T16:00:00.000Z,London,ai,2026-07-11
"Demo Event LDN:Prompt, Build, Deploy with Replit",https://lu.ma/zffrzykp,2026-08-05T17:00:00.000Z,London,ai,2026-07-11
"Talent~People x Metaview || Scaling Up: AI, Process and the hands on Talent Leader",https://lu.ma/rk7zadeu,2026-08-06T07:30:00.000Z,London,ai,2026-07-11
BiteLabs Digital Health & Innovation Demo Day (Summer 2026),https://lu.ma/w31zaj03,2026-08-06T16:30:00.000Z,London,ai,2026-07-11
AI ROI: Why the Agent Isn't the Answer,https://lu.ma/ainative-of8r,2026-08-11T17:00:00.000Z,London,ai,2026-07-11
ENERGY FOR AI X AI FOR ENERGY,https://lu.ma/sxogqf6t,2026-08-12T17:00:00.000Z,London,ai,2026-07-11
"Under The Hood: Community AI Show & Tell, London",https://lu.ma/8nx8o0t1,2026-08-12T17:00:00.000Z,London,ai,2026-07-11
Design Evenings LDN: The Future of Design in the Age of AI,https://lu.ma/otp86n2v,2026-08-13T17:00:00.000Z,London,ai,2026-07-11
Summer Sundown Social @ the Hub,https://lu.ma/summer-sundown-social-2026,2026-08-26T16:30:00.000Z,London,ai,2026-07-11
Demo Event LDN:Directing AI Agents with Cursor,https://lu.ma/rt03q4kz,2026-08-26T17:00:00.000Z,London,ai,2026-07-11
Work in Fintech AI Summit 2026,https://lu.ma/li0y99vu,2026-08-28T08:00:00.000Z,London,ai,2026-07-11
Arlo x Electric Twin x Focaldata: Scaling Insight in the AI Era,https://lu.ma/insight-ai-era,2026-09-02T17:00:00.000Z,London,ai,2026-07-11
The New Normal (TNN): The Future of...AI & THE UK!  (Meet the 85%),https://lu.ma/8k6x1q9m,2026-09-03T07:00:00.000Z,London,ai,2026-07-11
The London AI Startup Conference 2026,https://lu.ma/LondonAI2026,2026-09-03T08:00:00.000Z,London,ai,2026-07-11
Education & AI Connect: Prompt to Pipeline - AI for Sales & Marketing (After Hours),https://lu.ma/aiforsalesandmarketing,2026-09-03T16:00:00.000Z,London,ai,2026-07-11
Marketing Evenings LDN:The Future of Marketing in the Age of AI,https://lu.ma/hjnp67bb,2026-09-03T17:00:00.000Z,London,ai,2026-07-11
Education & AI Connect: AI & Automation with Make.com (Lunch & Learn. Invite-only),https://lu.ma/edusolvandmake,2026-09-07T11:30:00.000Z,London,ai,2026-07-11
What Good Looks Like: AI Strategy and Use Cases in Financial Services,https://lu.ma/5d1quldf,2026-09-08T08:00:00.000Z,London,ai,2026-07-11
How Design-Build Leaders are Using AI to Unlock Value in Offices - Roundtable,https://lu.ma/lh47zz3j,2026-09-09T08:15:00.000Z,London,ai,2026-07-11
AI in Action: How Leading Investors Are Deploying Capital - Roundtable,https://lu.ma/nlqkblqy,2026-09-09T10:00:00.000Z,London,ai,2026-07-11
Reshaping European Real Estate: AI & Data-Driven Decisions for 2030 - Roundtable,https://lu.ma/w91g2uol,2026-09-09T14:15:00.000Z,London,ai,2026-07-11
From Data to Deal: How AI is Redefining Real Estate Acquisition - Roundtable,https://lu.ma/prsfj7l9,2026-09-10T08:15:00.000Z,London,ai,2026-07-11
"Shaping Tomorrow’s Portfolio: AI, Efficiency, and Sustainable Performance - Roundtable",https://lu.ma/2uprlghj,2026-09-10T10:00:00.000Z,London,ai,2026-07-11
How to Layer AI On Top of Your Data For Succesful Digtal Transformation - Roundtable,https://lu.ma/fmnvz8uz,2026-09-10T12:30:00.000Z,London,ai,2026-07-11
"Smarter Buildings, Smarter Portfolios: AI Meets building Management across Residential Real Estate - Roundtable",https://lu.ma/ymw0qbyp,2026-09-10T14:15:00.000Z,London,ai,2026-07-11
"AI For Good: Building Trust, Value & Transformation",https://lu.ma/egb7cz9u,2026-09-17T17:00:00.000Z,London,ai,2026-07-11
The Technoprogressive Opportunity: The future of ethics and emerging technologies,https://lu.ma/bk22gy6s,2026-09-19T08:30:00.000Z,London,ai,2026-07-11
UK Amazon Quick User Group,https://lu.ma/edli91zo,2026-09-22T09:30:00.000Z,London,ai,2026-07-11
AI Sec Community Party: The Remix,https://lu.ma/aisecremix,2026-09-23T17:00:00.000Z,London,ai,2026-07-11
CONEXEN London - September,https://lu.ma/lqv54qx2,2026-09-29T17:00:00.000Z,London,ai,2026-07-11
AI & Climate Breakfast,https://lu.ma/rq3dywxl,2026-09-30T07:30:00.000Z,London,ai,2026-07-11
Open House London,https://lu.ma/ggnwajnd,2026-09-30T08:00:00.000Z,London,ai,2026-07-11
AI and The Future of Work Summit 2026,https://lu.ma/usmn2ffc,2026-09-30T15:30:00.000Z,London,ai,2026-07-11
Woodhurst Leaders' Summit 2026,https://lu.ma/c3bqenn9,2026-10-01T09:00:00.000Z,London,ai,2026-07-11
Modern Investor Summit: London,https://lu.ma/tdddq0tp,2026-10-01T16:30:00.000Z,London,ai,2026-07-11
AI Growth Summit London,https://lu.ma/ldn-q4-26,2026-10-01T17:00:00.000Z,London,ai,2026-07-11
Enterprise Sales Insider Summit London 2026,https://lu.ma/esi2026,2026-10-22T11:00:00.000Z,London,ai,2026-07-11
Encode London Hackathon and Conference,https://lu.ma/encode-london-2026,2026-10-23T09:00:00.000Z,London,ai,2026-07-11
The London AI Conference 2026,https://lu.ma/London2026,2026-10-27T18:00:00.000Z,London,ai,2026-07-11
The London Chief Product Officer Conference 2026,https://lu.ma/CPO,2026-10-29T08:30:00.000Z,London,ai,2026-07-11
GenAI London 2026,https://lu.ma/h62y3mgv,2026-11-20T08:00:00.000Z,London,ai,2026-07-11
AE Global Summit 2026 Open Problems For AI | 25–27 November,https://lu.ma/8uu3vclv,2026-11-25T09:00:00.000Z,London,ai,2026-07-11
TBD Conference 2026 - VANTA,https://lu.ma/TBDvanta,2026-12-02T09:00:00.000Z,London,ai,2026-07-11
AI Context (co-located with ContainerDays) London,https://lu.ma/8z2pnzcj,2027-02-11T09:00:00.000Z,London,ai,2026-07-11
Zauber Builders Café,https://lu.ma/d8kne4yh,2026-07-12T08:30:00.000Z,Berlin,ai,2026-07-11
Berlin. Vibe Coding Club: Demo Night,https://lu.ma/kba9bjzi,2026-07-13T16:00:00.000Z,Berlin,ai,2026-07-11
Vibe Coding Workshop: Build Your First Prototype with Lovable,https://lu.ma/dprjf5xk,2026-07-14T15:30:00.000Z,Berlin,ai,2026-07-11
Who's the User Now? ⟡ When Psychology Meets UX,https://lu.ma/q1qmlrqy,2026-07-14T16:00:00.000Z,Berlin,ai,2026-07-11
BLISS AI Speaker Series #37: Virtual Neuroscience with Neural Digital Twins - Sophia Sanborn,https://lu.ma/6dg7r5gf,2026-07-14T16:45:00.000Z,Berlin,ai,2026-07-11
YPOG x HTGF LegalTech Roundtable,https://lu.ma/vr8e5osg,2026-07-15T15:00:00.000Z,Berlin,ai,2026-07-11
Berlin | Claude for Founders,https://lu.ma/claude-zu3e,2026-07-15T16:00:00.000Z,Berlin,ai,2026-07-11
"Lighthouse Night | Seat at the Table – or out of the Game? Wie sehen Comms-Rollen, Teams und Leads der Zukunft aus?",https://lu.ma/qr1y87z5,2026-07-15T16:00:00.000Z,Berlin,ai,2026-07-11
Visitor Week: Bonus AI Safety Lunch + Coworking @ CIC,https://lu.ma/fxrbn7su,2026-07-16T08:00:00.000Z,Berlin,ai,2026-07-11
Media Accelerator & Startup Cohort,https://lu.ma/7hho83ea,2026-07-16T09:30:00.000Z,Berlin,ai,2026-07-11
Coffee & Code #7,https://lu.ma/coffee-and-code-7,2026-07-16T12:00:00.000Z,Berlin,ai,2026-07-11
Cursor Hackathon Berlin @Bliq,https://lu.ma/0jyksnjv,2026-07-16T16:00:00.000Z,Berlin,ai,2026-07-11
"Foresight's AI Salon: Georg Lange | Tracing LLMs' thoughts to detect deception, intent, and misalignment",https://lu.ma/qa37cydx,2026-07-16T16:00:00.000Z,Berlin,ai,2026-07-11
How to Build a Private Archive From Your AI Conversations. Hands-on Workshop + Rooftop Drinks.,https://lu.ma/dmn7j3d9,2026-07-16T16:00:00.000Z,Berlin,ai,2026-07-11
Runway AIF Community Screening - Berlin,https://lu.ma/u30hgyei,2026-07-16T18:00:00.000Z,Berlin,ai,2026-07-11
{Tech: Europe} x Almedia Hackathon | The Summer Lock-In,https://lu.ma/berlin-summer-lock-in,2026-07-18T07:30:00.000Z,Berlin,ai,2026-07-11
OpenAI Build Week Community Meetup - Berlin,https://lu.ma/bbg5axh2,2026-07-18T09:00:00.000Z,Berlin,ai,2026-07-11
AI Enthusiasts - Weekend Hackathon[2],https://lu.ma/gvfd2byf,2026-07-18T10:00:00.000Z,Berlin,ai,2026-07-11
Neulandpro Meetup in Berlin,https://lu.ma/7anc49wt,2026-07-21T15:00:00.000Z,Berlin,ai,2026-07-11
AI Builders Berlin - The Agentic Stack Edition - Jul 21,https://lu.ma/ber-jul21,2026-07-21T15:30:00.000Z,Berlin,ai,2026-07-11
Product for Engineers IRL: Berlin,https://lu.ma/boup6fj9,2026-07-22T16:00:00.000Z,Berlin,ai,2026-07-11
AI Safety Lunch + Coworking @ CIC,https://lu.ma/jupuq6dz,2026-07-23T08:00:00.000Z,Berlin,ai,2026-07-11
Build your first app with AI before lunch,https://lu.ma/25jul-first-app,2026-07-25T08:00:00.000Z,Berlin,ai,2026-07-11
Berlin. Vibe Coding Club: Lovable,https://lu.ma/4ulf84km,2026-07-25T09:00:00.000Z,Berlin,ai,2026-07-11
ClawCamp Berlin,https://lu.ma/clawcampberlin,2026-07-28T12:00:00.000Z,Berlin,ai,2026-07-11
"Langfuse Context: What's next in OCR, Mistral?",https://lu.ma/langfuse-51ca,2026-07-28T16:00:00.000Z,Berlin,ai,2026-07-11
UNCONFERENCE: Engineering AI Together #8,https://lu.ma/unconference_8,2026-07-28T16:00:00.000Z,Berlin,ai,2026-07-11
Berlin | Claude in the Wild: What Are People Actually Building With Claude?,https://lu.ma/claude-fq5h,2026-07-30T16:00:00.000Z,Berlin,ai,2026-07-11
The Missing Piece in Agentic AI: Payments,https://lu.ma/agentic-payment,2026-07-30T16:00:00.000Z,Berlin,ai,2026-07-11
"AI Act, Day One: Building and Scaling Under Europe's New Rules — co-hosted by AWS",https://lu.ma/aic-be-7-30,2026-07-30T17:00:00.000Z,Berlin,ai,2026-07-11
AI & The Future of Work — with Mark Turrell,https://lu.ma/a1neas24,2026-07-30T17:00:00.000Z,Berlin,ai,2026-07-11
Hands-On with Claude Code: Build Your First AI Workflow Agent ⚙️,https://lu.ma/co-idh8,2026-07-31T15:00:00.000Z,Berlin,ai,2026-07-11
Bob DACH Community Gathering & Coding Watch Party Berlin,https://lu.ma/rrd8hdvx,2026-08-20T14:00:00.000Z,Berlin,ai,2026-07-11
SOIRÉE XD #19,https://lu.ma/cugovsx5,2026-08-20T16:00:00.000Z,Berlin,ai,2026-07-11
Hacker Room Demo Day,https://lu.ma/hacker-room-demo-day-3,2026-08-27T16:00:00.000Z,Berlin,ai,2026-07-11
CVC | OI Summit Europe 2026,https://lu.ma/wjp9t6oq,2026-09-02T16:00:00.000Z,Berlin,ai,2026-07-11
The Agentic Data Stack: Berlin,https://lu.ma/clickh-2ccj,2026-09-02T16:00:00.000Z,Berlin,ai,2026-07-11
"AI Voice Agents for Customer Support: Orchestrating Voice, CRM & Automation at Scale",https://lu.ma/9zc8iyi5,2026-09-09T07:45:00.000Z,Berlin,ai,2026-07-11
Signals Berlin 2026,https://lu.ma/9yy0nom2,2026-09-10T06:00:00.000Z,Berlin,ai,2026-07-11
Merantix DevDay 2026,https://lu.ma/mx-devday,2026-09-10T07:00:00.000Z,Berlin,ai,2026-07-11
AI Project Management Get-Together,https://lu.ma/1tbgmnam,2026-09-10T14:30:00.000Z,Berlin,ai,2026-07-11
TAM Leadership Festival 2026,https://lu.ma/4iynrnaf,2026-09-11T07:30:00.000Z,Berlin,ai,2026-07-11
Chief of Staff Connect - Berlin Forum,https://lu.ma/npmvr2mm,2026-09-14T06:00:00.000Z,Berlin,ai,2026-07-11
Berlin AI Day by Buildersklub,https://lu.ma/kco33yis,2026-09-15T07:00:00.000Z,Berlin,ai,2026-07-11
Anyone Can Build an AI Agent - A Builder Evening with Aircall and Cremanski & Company,https://lu.ma/0cuqcj4f,2026-09-16T16:30:00.000Z,Berlin,ai,2026-07-11
"Die Infrastruktur, die KI in Bewegung bringt #4",https://lu.ma/enqo9t4g,2026-09-17T11:00:00.000Z,Berlin,ai,2026-07-11
AI FOR CS LEADERS · BERLIN · BREAKFAST,https://lu.ma/uszosj6a,2026-09-18T06:30:00.000Z,Berlin,ai,2026-07-11
SheFi Summit Mumbai,https://lu.ma/lfyvk8yk,2026-10-01T05:30:00.000Z,Berlin,ai,2026-07-11
Exklusiver Innovationstag für Optiker & Akustiker 🚀,https://lu.ma/ttuumykz,2026-10-02T11:00:00.000Z,Berlin,ai,2026-07-11
3. DGKIMED Summit: 8.-9. Oktober,https://lu.ma/1f0ge3kj,2026-10-08T11:00:00.000Z,Berlin,ai,2026-07-11
Bob DACH Community Session & Watch Party Berlin,https://lu.ma/hekcfmf4,2026-10-15T12:00:00.000Z,Berlin,ai,2026-07-11
SOIRÉE XD #20,https://lu.ma/kv670yys,2026-10-22T16:00:00.000Z,Berlin,ai,2026-07-11
[POSTPONED] Agentic Hackathon: From Research to Commerce,https://lu.ma/research-to-commerce,2026-10-24T09:00:00.000Z,Berlin,ai,2026-07-11
Bob DACH Community Session & Watch Party Berlin,https://lu.ma/5a30tz8v,2026-12-01T13:00:00.000Z,Berlin,ai,2026-07-11
Women In Finance Cocktail night 🍸💜,https://lu.ma/r4we0iqa,2026-07-12T00:00:00.000Z,Lima,ai,2026-07-11
Innovation Summit 2026,https://lu.ma/5bdii8wc,2026-07-14T21:30:00.000Z,Lima,ai,2026-07-11
EdHack Reto UGEL <Aidea> & BREIT - Postulación UGEL,https://lu.ma/rzci59oa,2026-07-18T13:00:00.000Z,Lima,ai,2026-07-11
DATA LEADERS 3,https://lu.ma/sf063wpy,2026-07-18T14:00:00.000Z,Lima,ai,2026-07-11
Biología Sintética Computacional: Investigación e Inteligencia Artificial para el Ecosistema Peruano,https://lu.ma/27v52rev,2026-07-20T21:00:00.000Z,Lima,ai,2026-07-11
Creators Community Upgrade 2026 - Conference,https://lu.ma/hb6rbw39,2026-08-08T20:00:00.000Z,Lima,ai,2026-07-11
Vol 2: The Agentic Engineering Stack Workshops,https://lu.ma/7ango3wp,2026-07-10T22:30:00.000Z,Austin,ai,2026-07-11
The Ai Implementation Club,https://lu.ma/85xzs9tu,2026-07-12T18:00:00.000Z,Austin,ai,2026-07-11
Austin | Claude Code Meetup,https://lu.ma/claude-3p50,2026-07-13T23:00:00.000Z,Austin,ai,2026-07-11
AI IRL Social (AI Networking),https://lu.ma/4eo8vsui,2026-07-14T21:30:00.000Z,Austin,ai,2026-07-11
AI that works: Apify + TwelveLabs,https://lu.ma/apify-r3b3,2026-07-14T22:30:00.000Z,Austin,ai,2026-07-11
Austin GILD AI Forum x Tecla: AI and Engineering Leaders Dinner,https://lu.ma/GILD23,2026-07-14T23:00:00.000Z,Austin,ai,2026-07-11
AI and cybersecurity 2026: Austin Science Network/EFF-Austin,https://lu.ma/whwsbusr,2026-07-15T00:00:00.000Z,Austin,ai,2026-07-11
AI at Work — Wilco,https://lu.ma/zhmva28l,2026-07-16T00:00:00.000Z,Austin,ai,2026-07-11
"Austin MedTech Connect: AI in Practice Real-World AI Applications Transforming Healthcare & MedTech - July 16, 2026 · 4:00 PM – 7:00 PM",https://lu.ma/qnwihfdy,2026-07-16T21:00:00.000Z,Austin,ai,2026-07-11
Austin vLLM & llm-d AI Inference Meetup,https://lu.ma/rxmldtp2,2026-07-16T22:00:00.000Z,Austin,ai,2026-07-11
Hack AI Turns Two: Tech Party 🎉,https://lu.ma/ljfo3fcy,2026-07-16T23:30:00.000Z,Austin,ai,2026-07-11
AITX Community x NVIDIA Claw Agent Hackathon,https://lu.ma/aitx-nvidia-claw-agents-hack,2026-07-17T22:00:00.000Z,Austin,ai,2026-07-11
AI Agents 101: Turn a Messy Idea into Something Usable｜by Manus Fellow,https://lu.ma/xrd4afik,2026-07-18T17:30:00.000Z,Austin,ai,2026-07-11
10th Austin Hardware Meetup | AI & Hardware,https://lu.ma/9if30lv6,2026-07-21T22:00:00.000Z,Austin,ai,2026-07-11
Hands-On Claude Skill Mini-Workshop & Networking Cocktails for CyberMarketers & GTM Pros,https://lu.ma/cybers-pf6b,2026-07-21T22:30:00.000Z,Austin,ai,2026-07-11
AI Workflow Night | AustinJS Meetup,https://lu.ma/kwftn80d,2026-07-21T23:00:00.000Z,Austin,ai,2026-07-11
Female Founder Admin & AI Build Night,https://lu.ma/antlerus-9wst,2026-07-22T21:00:00.000Z,Austin,ai,2026-07-11
Open and Interoperable Lakehouse for AI,https://lu.ma/whfegbxb,2026-07-23T23:00:00.000Z,Austin,ai,2026-07-11
Sell Smarter: The AI‑Native GTM Meetup [YouTube as a Sales Driver],https://lu.ma/0ggw1xnz,2026-07-23T23:30:00.000Z,Austin,ai,2026-07-11
🎓 AI MASTERCLASS: AEO + VOICE AGENTS: Get Ranked. Get Answered.,https://lu.ma/mnprn5sw,2026-07-26T18:00:00.000Z,Austin,ai,2026-07-11
Claudette Club | AI Claude Code Build Day,https://lu.ma/vn7b0mj9,2026-07-27T19:30:00.000Z,Austin,ai,2026-07-11
ATX Marketing Innovators Happy Hour,https://lu.ma/tdvcnnc7,2026-07-28T22:00:00.000Z,Austin,ai,2026-07-11
AITX Community Monthly Meetup,https://lu.ma/aitx-july26,2026-07-28T22:30:00.000Z,Austin,ai,2026-07-11
Austin Robotics and AI July Meetup,https://lu.ma/wonlbltl,2026-07-29T23:00:00.000Z,Austin,ai,2026-07-11
"Austin AI & SaaS Founder Dinner on Wed, Jul 29",https://lu.ma/iltwj0sn,2026-07-30T00:00:00.000Z,Austin,ai,2026-07-11
The Great Austin AI Agent Roundup: Elastic + Apify Hack Night,https://lu.ma/you-2zv7,2026-07-31T22:00:00.000Z,Austin,ai,2026-07-11
"Women + AI: An ATX Dinner Party Series, No. 1",https://lu.ma/vzovo2y6,2026-08-03T23:30:00.000Z,Austin,ai,2026-07-11
Friday 3hr AI Mastermind & Mixer • For Founders & AI Builders • Agentic Society,https://lu.ma/aqzq0j5p,2026-08-07T17:00:00.000Z,Austin,ai,2026-07-11
"Technology, Innovation & Energy (TIE) Forum 2026 Austin - Hosted By The Texas Blockchain Council",https://lu.ma/zf0sktka,2026-08-21T13:00:00.000Z,Austin,ai,2026-07-11
🧠 AI Assistants for Your Business – Meet Your First AI Team Members 🤖,https://lu.ma/4lox1eyl,2026-09-28T23:00:00.000Z,Austin,ai,2026-07-11
F50 Physical AI Summit: Austin 2026,https://lu.ma/jed6dll8,2026-10-15T14:00:00.000Z,Austin,ai,2026-07-11
Austin Amazon Quick User Group,https://lu.ma/jbezdc92,2026-10-27T18:00:00.000Z,Austin,ai,2026-07-11
Founders Running Club :: SF,https://lu.ma/cab2mifr,2026-07-18T16:30:00.000Z,San Francisco,tech,2026-07-11
Monthly Robotics Meetup,https://lu.ma/accelr8-dhtp,2026-08-14T01:30:00.000Z,San Francisco,tech,2026-07-11
fr8 gathering III,https://lu.ma/2nzki92m,2026-07-13T01:00:00.000Z,San Francisco,tech,2026-07-12
The GTM Dinner for B2C Founders,https://lu.ma/rvq8s0fy,2026-07-14T02:00:00.000Z,San Francisco,tech,2026-07-12
ACCELR8 | Code & Coffee,https://lu.ma/y2bp2t5p,2026-07-14T18:00:00.000Z,San Francisco,tech,2026-07-12
SF Founders's Table,https://lu.ma/privatedine,2026-07-17T01:00:00.000Z,San Francisco,tech,2026-07-12
YC Founder Dinner & Boardgames @Corgi,https://lu.ma/75f4q7b7,2026-07-18T01:00:00.000Z,San Francisco,tech,2026-07-12
Builders who Run — Golden Gate Bridge 4M,https://lu.ma/47w3nbwd,2026-07-18T16:00:00.000Z,San Francisco,tech,2026-07-12
EchoHer Summer Fluffy Day,https://lu.ma/ox4oxjtq,2026-07-18T21:00:00.000Z,San Francisco,tech,2026-07-12
Coffee in the Bay,https://lu.ma/retail-aoc7,2026-07-24T17:00:00.000Z,San Francisco,tech,2026-07-12
Creators and Founders — Pitch in the Park,https://lu.ma/k7xjwzy2,2026-07-14T22:30:00.000Z,New York,tech,2026-07-12
new interfaces 004,https://lu.ma/3jusmnzv,2026-07-18T18:00:00.000Z,New York,tech,2026-07-12
Foundess x CORE: Cake Decorating 🍰,https://lu.ma/0t6ogvfb,2026-07-30T23:00:00.000Z,New York,tech,2026-07-12
Tech Happy Hour by Startup Grind,https://lu.ma/l0agdd8r,2026-07-31T21:00:00.000Z,New York,tech,2026-07-12
Recruiting 101 & Resume Workshop with Patina Network!,https://lu.ma/2mn9riuh,2026-08-01T20:00:00.000Z,New York,tech,2026-07-12
TEDx CODE University,https://lu.ma/4q8utmkl,2026-08-27T16:00:00.000Z,Berlin,tech,2026-07-12
Innovation & Influence Accelerator: Happy Hour,https://lu.ma/ae7wo5i4,2026-07-16T22:30:00.000Z,Austin,tech,2026-07-12
Design ROI Meetup,https://lu.ma/lisv21z8,2026-07-17T22:30:00.000Z,Austin,tech,2026-07-12
"AI, Startups & Ideas Coffee Meetup ☕",https://lu.ma/y199037h,2026-07-12T17:00:00.000Z,San Francisco,ai,2026-07-12
"AI Tech Founders, Investors & Pitch Night by AstraTech I SAN FRANCISCO",https://lu.ma/mwnkc62w,2026-07-15T01:00:00.000Z,San Francisco,ai,2026-07-12
"Secure, resilient AI deployments in the cloud at the pace of your innovation.",https://lu.ma/acba2607,2026-07-23T01:00:00.000Z,San Francisco,ai,2026-07-12
GTM Table Happy Hour: RevOps,https://lu.ma/slf09xrb,2026-07-25T00:30:00.000Z,San Francisco,ai,2026-07-12
Best Work Of Your Life,https://lu.ma/Best-Work-Of-Your-Life,2026-07-30T23:00:00.000Z,San Francisco,ai,2026-07-12
Bay Area Frontier Research Club #16 | AI x Bio Track Launch (dinner + paper discussion @ Stanford University),https://lu.ma/9hp5rxy8,2026-08-06T00:30:00.000Z,San Francisco,ai,2026-07-12
Tech Leaders Fine Dining Series: Ernest (SF) Edition,https://lu.ma/4r4pp7jb,2026-08-14T01:30:00.000Z,San Francisco,ai,2026-07-12
AI Beyond the Screen,https://lu.ma/51tyh6y2,2026-07-13T21:30:00.000Z,New York,ai,2026-07-12
Build Your First App with Replit! 🤖,https://lu.ma/4fygj5o6,2026-07-30T22:00:00.000Z,New York,ai,2026-07-12
StartupExperts & HiBob: Scaling Your AI-Savvy Workforce,https://lu.ma/scaling-your-ai-savvy-workforce,2026-08-19T21:00:00.000Z,New York,ai,2026-07-12
Taller de Difusión de Resultados SUP 12G – Tu Quipu,https://lu.ma/tt0584nd,2026-07-14T21:30:00.000Z,Lima,ai,2026-07-12
Stop Feeding The Algorithm - Austin TX,https://lu.ma/7bwq3uor,2026-07-19T18:00:00.000Z,Austin,ai,2026-07-12
Founders Inc Open Campus: Monday,https://lu.ma/open-campus-6,2026-07-14T00:00:00.000Z,San Francisco,tech,2026-07-13
3Cs Dinner,https://lu.ma/soxwpjta,2026-07-14T02:00:00.000Z,San Francisco,tech,2026-07-13
⚽World Cup Semifinal: France vs Spain,https://lu.ma/67chb02s,2026-07-14T19:00:00.000Z,San Francisco,tech,2026-07-13
Tony & Thibaut's Game Night - A better way to meet people - 🇫🇷 Bastille Day Edition 🇫🇷,https://lu.ma/fm2sxcp3,2026-07-15T02:00:00.000Z,San Francisco,tech,2026-07-13
Founders Gatherings,https://lu.ma/id0004th,2026-07-17T23:00:00.000Z,San Francisco,tech,2026-07-13
12 Angry Devs,https://lu.ma/hr97edac,2026-07-18T01:00:00.000Z,San Francisco,tech,2026-07-13
founders & lime,https://lu.ma/mv04hhej,2026-07-18T02:30:00.000Z,San Francisco,tech,2026-07-13
ACCELR8 | Movie Night,https://lu.ma/accelr8-hawq,2026-07-18T03:00:00.000Z,San Francisco,tech,2026-07-13
"Don Edwards ""Walk & Talk"" Saturday July 18",https://lu.ma/vuo79np9,2026-07-18T15:30:00.000Z,San Francisco,tech,2026-07-13
Voice coding hackathon,https://lu.ma/ungz23ah,2026-07-18T17:00:00.000Z,San Francisco,tech,2026-07-13
The SF Invitational: LAN Tournament,https://lu.ma/hm2zjuqq,2026-07-18T18:00:00.000Z,San Francisco,tech,2026-07-13
Founders Creative Leadership Circle Meetup,https://lu.ma/lkbb62g3,2026-07-19T14:30:00.000Z,San Francisco,tech,2026-07-13
Demo Night @ WorkOS (SF),https://lu.ma/demo-night-s26,2026-07-21T00:30:00.000Z,San Francisco,tech,2026-07-13
Humanmade Founder Session – From Prototype to Proof,https://lu.ma/61etco04,2026-07-23T23:30:00.000Z,San Francisco,tech,2026-07-13
Funders & Founders Happy Hour,https://lu.ma/wib8f8yn,2026-07-24T01:00:00.000Z,San Francisco,tech,2026-07-13
The Questions You're Afraid to AsK,https://lu.ma/wy4lxuu2,2026-07-24T01:00:00.000Z,San Francisco,tech,2026-07-13
Summer Soiree with Entire,https://lu.ma/bf1psict,2026-07-28T02:00:00.000Z,San Francisco,tech,2026-07-13
Duty Free Summer Patio,https://lu.ma/hggcw1a0,2026-07-29T23:30:00.000Z,San Francisco,tech,2026-07-13
"TechWalk | Silicon Valley, 7/29",https://lu.ma/ybhe0c7r,2026-07-30T01:00:00.000Z,San Francisco,tech,2026-07-13
Japanese in Tech Picnic @ SF,https://lu.ma/o9g1lrnm,2026-08-08T22:30:00.000Z,San Francisco,tech,2026-07-13
Golden Hour NYC,https://lu.ma/h6bwrn50,2026-07-14T21:00:00.000Z,New York,tech,2026-07-13
Show & Tell / Soft code,https://lu.ma/r4ltn9gp,2026-07-23T23:00:00.000Z,New York,tech,2026-07-13
Fireside Chat with Lisa Morales-Hellebo (Worldwide Supply Chain Federation & REFASHIOND Ventures),https://lu.ma/rldczuxd,2026-07-29T21:00:00.000Z,New York,tech,2026-07-13
"[NYC] 2026 Goodie FC Community Dinner for Founders, Storytellers, Operators, Connectors, Innovators, & Investors | Hosted By Holly Diamond",https://lu.ma/be77cr85,2026-07-30T23:00:00.000Z,New York,tech,2026-07-13
How to Set Up a Business in the UK - Fireside Chat with Graeme Donnelly,https://lu.ma/nsbm371p,2026-07-13T15:30:00.000Z,London,tech,2026-07-13
9 to Wine: Creatives and Founders Co-working Day w/ Unlimited Chai,https://lu.ma/svva8cqe,2026-07-15T08:00:00.000Z,London,tech,2026-07-13
"GTM Circles ft. ElevenLabs, CrewAI, Zero, and more + World Cup Watchparty 🥳",https://lu.ma/ge940dxk,2026-07-15T16:30:00.000Z,London,tech,2026-07-13
Strategy Mastermind | London Founders & Investors,https://lu.ma/3wevo9yy,2026-07-20T17:00:00.000Z,London,tech,2026-07-13
Arts + Tech Mixer,https://lu.ma/pu3a32dx,2026-07-27T17:00:00.000Z,London,tech,2026-07-13
Deal Catch: Investors & Founders Meetup,https://lu.ma/londonpitch,2026-07-29T18:00:00.000Z,London,tech,2026-07-13
AlgoRhythms,https://lu.ma/zmyureqm,2026-08-05T17:30:00.000Z,London,tech,2026-07-13
Automated Enzymology - London Lab Automation Community #8,https://lu.ma/pd1nb1df,2026-09-15T17:00:00.000Z,London,tech,2026-07-13
The Delta Legal Office Hours,https://lu.ma/94nra12s,2026-07-15T12:00:00.000Z,Berlin,tech,2026-07-13
Founder's Night,https://lu.ma/futura-zxit,2026-07-15T17:00:00.000Z,Berlin,tech,2026-07-13
NXT LEVEL ACCELERATOR Impact Hackathon | July 18–19 | 10:00 - 17:00 | Delta Campus Berlin Neukölln,https://lu.ma/md7clcxy,2026-07-18T08:00:00.000Z,Berlin,tech,2026-07-13
LTUX Berlin #48: Biergarten Social Event,https://lu.ma/77b4hsjo,2026-08-29T14:00:00.000Z,Berlin,tech,2026-07-13
Community Coworking,https://lu.ma/t77rlo4k,2026-07-13T15:00:00.000Z,Austin,tech,2026-07-13
OpenCoffee Club Austin - Northside,https://lu.ma/obqqs0zj,2026-07-16T13:30:00.000Z,Austin,tech,2026-07-13
third wave of philanthropy - dinner,https://lu.ma/the-jthn,2026-07-15T01:00:00.000Z,San Francisco,ai,2026-07-13
Build From Dock: Protecting Your Company from AI Slop,https://lu.ma/c956cw16,2026-07-15T21:30:00.000Z,San Francisco,ai,2026-07-13
VC Networking: Pitch Day — San Francisco,https://lu.ma/ffibic33,2026-07-23T01:00:00.000Z,San Francisco,ai,2026-07-13
Wiki3: Own Your Own AI Workshop,https://lu.ma/0mgzwatq,2026-07-23T01:00:00.000Z,San Francisco,ai,2026-07-13
Physical AI Layer of the Future,https://lu.ma/8wxtv5se,2026-07-23T23:00:00.000Z,San Francisco,ai,2026-07-13
AI Agent Security Evening with Cybersecurity Leaders,https://lu.ma/ai-security-cisos-akto-av-2026,2026-07-24T00:00:00.000Z,San Francisco,ai,2026-07-13
Side Quest - AI Supper Club,https://lu.ma/z6ecse2r,2026-07-24T01:30:00.000Z,San Francisco,ai,2026-07-13
Memory & Context — A Deep-Dive Salon @ GeekHouse,https://lu.ma/w557ceza,2026-07-25T21:00:00.000Z,San Francisco,ai,2026-07-13
AI 时代，一人公司布道者与过来人,https://lu.ma/egnkbbus,2026-07-26T21:00:00.000Z,San Francisco,ai,2026-07-13
Innovation Panel: No Fluff. What’s Actually Working in AI,https://lu.ma/svitla-ai-panel,2026-08-19T14:00:00.000Z,San Francisco,ai,2026-07-13
B2B AI Founder/VC Dinner @ Digital Garage,https://lu.ma/cin8vln9,2026-08-27T00:00:00.000Z,San Francisco,ai,2026-07-13
Pitch Your Way Into the Hacker House - powered by OnlyExit,https://lu.ma/pitch-hacker-house,2026-07-20T22:00:00.000Z,New York,ai,2026-07-13
"Hello, Robot! 1-Day Hackathon with Viam and SPC",https://lu.ma/viam-spc-hack,2026-07-24T13:30:00.000Z,New York,ai,2026-07-13
Cognitive Infrastructure for Agentic Economies,https://lu.ma/qgrp1sle,2026-07-28T20:00:00.000Z,New York,ai,2026-07-13
Cartesia Research Happy Hour in London,https://lu.ma/3p1u9pgf,2026-07-13T18:30:00.000Z,London,ai,2026-07-13
OpenAI Build Week Community Builders Lounge - London,https://lu.ma/codex-builders-lounge,2026-07-15T08:00:00.000Z,London,ai,2026-07-13
Europe 2031 recap + Q&A (Alex Petropoulos of Arq Foundation),https://lu.ma/bt81dh8m,2026-07-16T14:00:00.000Z,London,ai,2026-07-13
Chapter 2: Employer Brand in the age of infinite content.,https://lu.ma/c886wjkw,2026-07-16T17:00:00.000Z,London,ai,2026-07-13
JOY MACHINE 7 : SEASON TWO : EPISODE TWO,https://lu.ma/2ze753jr,2026-07-23T17:30:00.000Z,London,ai,2026-07-13
Bliss Reading Group - July 13,https://lu.ma/arud5ref,2026-07-13T16:45:00.000Z,Berlin,ai,2026-07-13
"The Right to Remain Human - A Fireside with Thomas Hübl, PhD",https://lu.ma/jz8f70sf,2026-07-20T17:00:00.000Z,Berlin,ai,2026-07-13
OLC Leadership Table - Berlin,https://lu.ma/0ojjcxky,2026-08-20T16:30:00.000Z,Berlin,ai,2026-07-13
Productlab Conference 2026,https://lu.ma/productlab-conf-2026,2026-09-15T06:00:00.000Z,Berlin,ai,2026-07-13
EdHack Reto UGEL <Aidea> & BREIT - Postulación Facilitadores UX,https://lu.ma/qtn2u039,2026-07-18T13:00:00.000Z,Lima,ai,2026-07-13
ROOFTOP CLUBHOUSE EDITION 🌇 + POTLUCK 🥘,https://lu.ma/AIrooftop,2026-07-19T18:00:00.000Z,Austin,ai,2026-07-13
🎓MASTERCLASS: AI for Sales & Marketing That Actually Works,https://lu.ma/grg6ilm9,2026-07-25T18:00:00.000Z,Austin,ai,2026-07-13
Caltrain Networking,https://lu.ma/24wq8nt3,2026-07-14T15:22:00.000Z,San Francisco,tech,2026-07-14
Scrappy sessions,https://lu.ma/nfwp3tuz,2026-07-15T00:30:00.000Z,San Francisco,tech,2026-07-14
SF Security Padel Club - Week 5,https://lu.ma/k67blbqc,2026-07-15T01:00:00.000Z,San Francisco,tech,2026-07-14
Football's Coming to SoMa: Semi-Final Watch Party 🏴󠁧󠁢󠁥󠁮󠁧󠁿,https://lu.ma/kkq7lr6d,2026-07-15T18:00:00.000Z,San Francisco,tech,2026-07-14
⚽ World Cup Semifinal Watch Party: England 🏴󠁧󠁢󠁥󠁮󠁧󠁿 vs Argentina 🇦🇷,https://lu.ma/zz9rdcla,2026-07-15T18:30:00.000Z,San Francisco,tech,2026-07-14
"TechWalk | Silicon Valley, 7/15",https://lu.ma/iu122e77,2026-07-16T01:00:00.000Z,San Francisco,tech,2026-07-14
Venture Dock Mixer Night,https://lu.ma/4qj8gvff,2026-07-16T01:00:00.000Z,San Francisco,tech,2026-07-14
Berkeley Mixer w. Sky9 & Llama,https://lu.ma/aytsrgp0,2026-07-17T00:30:00.000Z,San Francisco,tech,2026-07-14
POST-AUTONOMOUS [UNOFFICIAL],https://lu.ma/dx7hzt72,2026-07-17T01:00:00.000Z,San Francisco,tech,2026-07-14
Stanford/LatAm Startup & Venture Mixer by iThink VC and NuMundo Ventures,https://lu.ma/tqwybria,2026-07-17T02:00:00.000Z,San Francisco,tech,2026-07-14
build fridays sf - work on your startup alongside others,https://lu.ma/9s9i9k2w,2026-07-17T23:00:00.000Z,San Francisco,tech,2026-07-14
VC's pitching Founders,https://lu.ma/focus-a8n5,2026-07-18T00:00:00.000Z,San Francisco,tech,2026-07-14
Elevate Leadership Hike - Hayward Greenbelt,https://lu.ma/a2ig50rp,2026-07-18T16:00:00.000Z,San Francisco,tech,2026-07-14
blood computer (live demo) / building unreasonable computers,https://lu.ma/bloodcomputer,2026-07-18T19:00:00.000Z,San Francisco,tech,2026-07-14
The San Francisco Boat Race (by Entrepreneurs First),https://lu.ma/36o1u4ue,2026-07-19T17:30:00.000Z,San Francisco,tech,2026-07-14
Startup Workflows Art Gallery with Portal & Persona,https://lu.ma/artgallery,2026-07-21T00:30:00.000Z,San Francisco,tech,2026-07-14
Chief of Staff dinner,https://lu.ma/636seg2r,2026-07-21T01:00:00.000Z,San Francisco,tech,2026-07-14
Physical Fictions: Invitations to Make Believe | Speculative Everything book club,https://lu.ma/se6,2026-07-21T02:00:00.000Z,San Francisco,tech,2026-07-14
XR Show & Tell @ Gray Area,https://lu.ma/n1c6b1ip,2026-07-22T02:00:00.000Z,San Francisco,tech,2026-07-14
Grid Innovation Hub: Energy Tech GTM Forum,https://lu.ma/grid-28hw,2026-07-23T00:00:00.000Z,San Francisco,tech,2026-07-14
The SF Grind: VC Q&A,https://lu.ma/ofj892ri,2026-07-24T01:00:00.000Z,San Francisco,tech,2026-07-14
Female Founder Coworking Session & Complimentary Personal Brand Photos,https://lu.ma/4cmwcdq0,2026-07-24T18:00:00.000Z,San Francisco,tech,2026-07-14
Aesthetics of Unreality | Speculative Everything book club,https://lu.ma/se7,2026-07-28T02:00:00.000Z,San Francisco,tech,2026-07-14
The SF Grind: SF Startup Community Coffee Meetup,https://lu.ma/5nwrlfh6,2026-07-28T16:00:00.000Z,San Francisco,tech,2026-07-14
Show and tell night,https://lu.ma/qzltss9v,2026-07-29T00:00:00.000Z,San Francisco,tech,2026-07-14
"Beyond the Headlines: Stories, Insights, and Opportunities",https://lu.ma/wnc7749a,2026-08-02T00:00:00.000Z,San Francisco,tech,2026-07-14
investor demo day,https://lu.ma/the-221l,2026-08-04T22:30:00.000Z,San Francisco,tech,2026-07-14
Bay Area Modular Synth Group: Monthly Meet & Greet Mixer,https://lu.ma/ytfgei6a,2026-08-09T19:00:00.000Z,San Francisco,tech,2026-07-14
Berkeley Haas Entrepreneurship Program Fall 2026 Open House,https://lu.ma/bbcte5rz,2026-08-25T01:00:00.000Z,San Francisco,tech,2026-07-14
San Jose Plug-In,https://lu.ma/cih6xjzz,2026-08-27T22:00:00.000Z,San Francisco,tech,2026-07-14
2026 Investor & Longevity Conference,https://lu.ma/hzomj4y8,2026-09-03T19:00:00.000Z,San Francisco,tech,2026-07-14
Social Commerce Summit After Hours,https://lu.ma/usnd3gm2,2026-07-17T00:00:00.000Z,New York,tech,2026-07-14
In Full Bloom: A Night on Growth & Fundraising,https://lu.ma/f5o2bj0u,2026-07-22T22:00:00.000Z,New York,tech,2026-07-14
Sierra's NYC Summer Dinner,https://lu.ma/6mwwvki4,2026-07-22T22:00:00.000Z,New York,tech,2026-07-14
Founder Pizza Night: Seed to Series B,https://lu.ma/j3kso4an,2026-07-22T22:30:00.000Z,New York,tech,2026-07-14
"Pitch Day - July 23, 2026",https://lu.ma/71ns6scu,2026-07-23T19:30:00.000Z,New York,tech,2026-07-14
Whop x Rain Founders Dinner,https://lu.ma/oavskysa,2026-07-23T23:00:00.000Z,New York,tech,2026-07-14
Flique Launch Party,https://lu.ma/akkjz6hz,2026-07-23T23:30:00.000Z,New York,tech,2026-07-14
Founder Strength Club (Hosted by Andrew & Friends),https://lu.ma/founderstrengthclub-jul2026,2026-07-24T13:00:00.000Z,New York,tech,2026-07-14
ASE26 Pre-Party: Socialista NYC,https://lu.ma/xfr1xh0h,2026-07-27T01:00:00.000Z,New York,tech,2026-07-14
Creator Etiquette® Luncheon,https://lu.ma/hr3v7zdz,2026-07-28T14:30:00.000Z,New York,tech,2026-07-14
Vertical Software Meetup,https://lu.ma/NYmeetup,2026-07-28T21:00:00.000Z,New York,tech,2026-07-14
CVC: From Strategic Investment to Exit,https://lu.ma/2tqjrrez,2026-07-28T21:30:00.000Z,New York,tech,2026-07-14
"Founder, Funder, Or Just Finder Pt 2",https://lu.ma/b9ia3h95,2026-07-30T21:00:00.000Z,New York,tech,2026-07-14
Female Founders and Funders,https://lu.ma/16mk8r71,2026-08-05T21:00:00.000Z,New York,tech,2026-07-14
Nanonite Social: NYC Nanotechnology Meetup,https://lu.ma/1iqvkpig,2026-08-06T22:00:00.000Z,New York,tech,2026-07-14
HTML Day 2026 Jersey City / Hoboken,https://lu.ma/d2xysadw,2026-08-07T22:00:00.000Z,New York,tech,2026-07-14
119th NY Hardware Meetup - Beyond the Screen: Designing Physical Products That Fit Kids' Bodies and Minds at SmartDesign,https://lu.ma/aqi1mr05,2026-08-13T22:00:00.000Z,New York,tech,2026-07-14
FUTO celebration of technology,https://lu.ma/s2a2zfop,2026-09-12T23:00:00.000Z,New York,tech,2026-07-14
Speed Pitching for Startup Founders to Angel and VC Investors,https://lu.ma/x77i5qa3,2026-07-14T17:00:00.000Z,London,tech,2026-07-14
"☕ Coffee, Code, and Conversations | Developer Meetup",https://lu.ma/m2y7h3bd,2026-07-16T07:00:00.000Z,London,tech,2026-07-14
Mantic Summer Drinks,https://lu.ma/lwkl8tz8,2026-07-22T17:30:00.000Z,London,tech,2026-07-14
Afterthoughts meetup,https://lu.ma/gt4q1u30,2026-07-23T17:00:00.000Z,London,tech,2026-07-14
atproto.london summer drinks,https://lu.ma/42emvbsy,2026-07-30T17:00:00.000Z,London,tech,2026-07-14
Prototype Club: 30 July 2026,https://lu.ma/hhlijdf4,2026-07-30T18:00:00.000Z,London,tech,2026-07-14
London TailscaleUp '26 Watch Party,https://lu.ma/5i0fv2rb,2026-08-26T17:00:00.000Z,London,tech,2026-07-14
One Knight at the Pub August 2026,https://lu.ma/dczhszlb,2026-08-27T17:00:00.000Z,London,tech,2026-07-14
"One Knight at the Pub September 2026 (with special guest, Kate Leto!)",https://lu.ma/u3rnl5as,2026-09-23T17:00:00.000Z,London,tech,2026-07-14
Open Coworking Day 🌿,https://lu.ma/97kod7s6,2026-07-14T07:00:00.000Z,Berlin,tech,2026-07-14
After-Work Sauna & Tunes 🎶,https://lu.ma/lfpzotcu,2026-07-14T17:00:00.000Z,Berlin,tech,2026-07-14
BreakfastInMotion,https://lu.ma/sakzeawg,2026-07-15T08:00:00.000Z,Berlin,tech,2026-07-14
Pitch & Grow 🌟,https://lu.ma/vr9ybok4,2026-07-15T11:00:00.000Z,Berlin,tech,2026-07-14
CIC Berlin Experience Tour,https://lu.ma/qbgwts6o,2026-07-16T07:00:00.000Z,Berlin,tech,2026-07-14
Dive Bar Berlin IV,https://lu.ma/uiu4u84o,2026-07-16T17:00:00.000Z,Berlin,tech,2026-07-14
Register your company at an affordable cost ⭐,https://lu.ma/q9ratnq2,2026-07-22T16:00:00.000Z,Berlin,tech,2026-07-14
Berlin. Creative&Tech F*ckup Night,https://lu.ma/unifhw1t,2026-08-12T16:00:00.000Z,Berlin,tech,2026-07-14
NLND Campus Tour,https://lu.ma/l0w2jmyx,2026-08-13T09:00:00.000Z,Berlin,tech,2026-07-14
"Europe, Exported.",https://lu.ma/0f0rt0lm,2026-09-17T16:30:00.000Z,Berlin,tech,2026-07-14
AdMaCom Demo Day 2026,https://lu.ma/2xy79112,2026-10-15T13:00:00.000Z,Berlin,tech,2026-07-14
"TALLER DE DIFUSIÓN DE RESULTADOS SUP 11G ""ZEIA""",https://lu.ma/jh8o5lzd,2026-07-15T20:00:00.000Z,Lima,tech,2026-07-14
"TALLER DE DIFUSIÓN DE RESULTADOS SUP 12G ""YakuScan""",https://lu.ma/zinxu5aq,2026-07-15T20:30:00.000Z,Lima,tech,2026-07-14
Pitch and Run ATX,https://lu.ma/ymx3tq0r,2026-07-17T13:00:00.000Z,Austin,tech,2026-07-14
founders & funders: social dance / BREAKFAST SPECIAL 🌮☕️,https://lu.ma/47q8t16k,2026-07-18T15:00:00.000Z,Austin,tech,2026-07-14
Austin Construction Tech Breakfast,https://lu.ma/v5honp32,2026-07-24T13:00:00.000Z,Austin,tech,2026-07-14
STATION Austin Founder Series with Jay Lamy of Aquila Commercial,https://lu.ma/0yptvben,2026-08-12T21:00:00.000Z,Austin,tech,2026-07-14
Trail Talks #6,https://lu.ma/vq3dl3tc,2026-10-02T13:00:00.000Z,Austin,tech,2026-07-14
Securing Coding Agents,https://lu.ma/ocwybxbd,2026-07-17T00:30:00.000Z,San Francisco,ai,2026-07-14
Early Access: How to build with AI for non-coders,https://lu.ma/Minds1,2026-07-17T01:00:00.000Z,San Francisco,ai,2026-07-14
OpenAI Build Week Community Meetup - San Francisco,https://lu.ma/6ce8j7re,2026-07-18T00:00:00.000Z,San Francisco,ai,2026-07-14
AI 2040: Plan A with Thomas Larsen,https://lu.ma/mox-8ssq,2026-07-18T01:30:00.000Z,San Francisco,ai,2026-07-14
Magenta RealTime Show & Tell: Crafting New Tools to Craft New Sounds,https://lu.ma/magenta,2026-07-18T02:00:00.000Z,San Francisco,ai,2026-07-14
硅谷清华校友会AI沙龙｜AI时代的未来工作：AI × Robotics × Entertainment,https://lu.ma/ijkfggxr,2026-07-19T22:30:00.000Z,San Francisco,ai,2026-07-14
Critical Feedback: AI,https://lu.ma/3ckvw4k5,2026-07-20T22:00:00.000Z,San Francisco,ai,2026-07-14
机器人和数字员工投资创业晚餐会 - 清华经管学院硅谷校友会夏季论坛,https://lu.ma/2l62f1dq,2026-07-20T23:00:00.000Z,San Francisco,ai,2026-07-14
"30th Peninsula Value Economy Mixer, Happy Hour — Sustainability (Climate), AI, Health",https://lu.ma/sfv2o6sn,2026-07-23T00:00:00.000Z,San Francisco,ai,2026-07-14
MotherDuck + DuckDB July Meetup,https://lu.ma/motherduckduckdbjuly,2026-07-23T01:00:00.000Z,San Francisco,ai,2026-07-14
Pre-YC SUS Founder Design Social,https://lu.ma/8zbp6goy,2026-07-23T01:00:00.000Z,San Francisco,ai,2026-07-14
Adapt or Fossilize: The AI Leaders Who Refused to Become Relics,https://lu.ma/j0t9ab14,2026-07-24T01:00:00.000Z,San Francisco,ai,2026-07-14
Agentic Builders Night,https://lu.ma/convex-yrhb,2026-07-24T01:00:00.000Z,San Francisco,ai,2026-07-14
ROCm & Roll with TensorWave,https://lu.ma/gm18d420,2026-07-24T04:00:00.000Z,San Francisco,ai,2026-07-14
Step Into The Titanic @ The Bank At Amador,https://lu.ma/thebank,2026-07-25T04:00:00.000Z,San Francisco,ai,2026-07-14
Building AI-Native Startups at Hackathon Speed: The Power of Trusted Allies & Community to Bring Bold Visions to Life - Light DAO Salon (SF),https://lu.ma/SFLightDAOJuly,2026-07-28T01:00:00.000Z,San Francisco,ai,2026-07-14
"Join OX Security for a Private Evening at the San Francisco Giants vs. Milwaukee Brewers Game | Tuesday, July 28",https://lu.ma/ox-z9wn,2026-07-29T00:30:00.000Z,San Francisco,ai,2026-07-14
LlamaIndex Founder Dinners 001: Loop Engineering,https://lu.ma/llamai-c6of,2026-07-29T02:00:00.000Z,San Francisco,ai,2026-07-14
[AI Nexus × KASC Joint Colloquium] Bridge Builders,https://lu.ma/dkt8j8kv,2026-07-30T00:00:00.000Z,San Francisco,ai,2026-07-14
Inside Amazon Bedrock AgentCore: Architecture to Real-World Demo,https://lu.ma/acba26072,2026-07-30T01:00:00.000Z,San Francisco,ai,2026-07-14
Agents Over Drinks — with Tony Stoyanov (EliseAI),https://lu.ma/8k55fy3x,2026-07-31T01:30:00.000Z,San Francisco,ai,2026-07-14
KYA brunch hosted by Persona,https://lu.ma/kyabrunch,2026-07-31T16:00:00.000Z,San Francisco,ai,2026-07-14
AI & Tech Networking in Palo Alto,https://lu.ma/00pdh150,2026-08-07T00:00:00.000Z,San Francisco,ai,2026-07-14
AI/ML Leaders Dinner - Encord,https://lu.ma/EncordDinner,2026-08-07T01:00:00.000Z,San Francisco,ai,2026-07-14
WorkOS Agent Night,https://lu.ma/agent-night,2026-08-13T00:00:00.000Z,San Francisco,ai,2026-07-14
Codex Community Meetup: Codex for Marketers,https://lu.ma/fw8aheuk,2026-08-14T00:30:00.000Z,San Francisco,ai,2026-07-14
"The Human Side of AI: Which Leaders Will Thrive, and Which Will Be Left Behind?",https://lu.ma/enrich-ovta,2026-08-21T01:00:00.000Z,San Francisco,ai,2026-07-14
Caravan '26: The most hands-on edition yet.,https://lu.ma/caravan26,2026-09-22T17:00:00.000Z,San Francisco,ai,2026-07-14
AI GTM Meetup,https://lu.ma/v_sales,2026-07-15T21:00:00.000Z,New York,ai,2026-07-14
NYC Founders & Operators: Morning Walk,https://lu.ma/podj8rjh,2026-07-16T11:30:00.000Z,New York,ai,2026-07-14
AI GTM Roundtable,https://lu.ma/v_gtm,2026-07-16T21:00:00.000Z,New York,ai,2026-07-14
Allow Always: Permission to Build,https://lu.ma/spljbz90,2026-07-18T17:00:00.000Z,New York,ai,2026-07-14
NYC Deeptech Meetup #3 ft. Robotics with Intelligence Factory,https://lu.ma/9zpir1lq,2026-07-20T21:00:00.000Z,New York,ai,2026-07-14
Cafe chat with Rob Mihalko from Spectus Ventures,https://lu.ma/9fqupjdy,2026-07-21T13:30:00.000Z,New York,ai,2026-07-14
Allow Once: Intro to Claude,https://lu.ma/cbjskzi0,2026-07-21T22:00:00.000Z,New York,ai,2026-07-14
"How to Build a Happier, More Connected Workplace in the Age of AI",https://lu.ma/cka22kvb,2026-07-21T22:00:00.000Z,New York,ai,2026-07-14
Lorikeet x NYC — AI Happy Hour,https://lu.ma/idfo1ikh,2026-07-22T21:00:00.000Z,New York,ai,2026-07-14
Clay in NY: From Strategy to Execution - Building GTM Systems for the AI Era,https://lu.ma/aeu56qek,2026-07-22T21:30:00.000Z,New York,ai,2026-07-14
Tech and AI Founder Night!- West Village,https://lu.ma/vtji1r20,2026-07-22T21:30:00.000Z,New York,ai,2026-07-14
Talent Engineering: NYC 🫎,https://lu.ma/8va4cjr3,2026-07-23T22:00:00.000Z,New York,ai,2026-07-14
NYC FDE x Private Equity Summer Soirée,https://lu.ma/ol4eu13j,2026-07-28T22:00:00.000Z,New York,ai,2026-07-14
Local & open-source AI NYC meetup #1,https://lu.ma/on2z874z,2026-07-29T22:30:00.000Z,New York,ai,2026-07-14
"Investing in the AI Era: Building Companies, Communities & the Future - Light Dao Salon (NYC)",https://lu.ma/uzzxjjjn,2026-07-29T23:00:00.000Z,New York,ai,2026-07-14
Context Engineering Guild: August Edition,https://lu.ma/bbgrev9q,2026-08-09T18:00:00.000Z,New York,ai,2026-07-14
Offense vs. Defense in the Age of AI. A Security Speakeasy,https://lu.ma/tklrhbc5,2026-08-25T21:00:00.000Z,New York,ai,2026-07-14
Alpha | Nasdaq : AI Growth & Governance Summit,https://lu.ma/alpha-summit-nov26,2026-11-06T13:00:00.000Z,New York,ai,2026-07-14
"Building skills, knowledge and know-how for creating useful, responsible, scalable AI",https://lu.ma/co-tpqn,2026-07-14T10:00:00.000Z,London,ai,2026-07-14
Coffee With Ken Summit London,https://lu.ma/mc6vyuqc,2026-07-15T07:30:00.000Z,London,ai,2026-07-14
Participatory Performance: Ritual of the Obey of Algorithms,https://lu.ma/k4vibkse,2026-07-15T16:00:00.000Z,London,ai,2026-07-14
AI Researcher Private Dinner & Watch Party,https://lu.ma/protege-smg6,2026-07-15T17:30:00.000Z,London,ai,2026-07-14
Liaise Mixer,https://lu.ma/3bc7capv,2026-07-16T17:00:00.000Z,London,ai,2026-07-14
Ship & Chips: Open Tech/AI Demos,https://lu.ma/encode-bhxp,2026-07-17T12:30:00.000Z,London,ai,2026-07-14
The Mirror That Never Pushes Back: Investigating AI Delusions,https://lu.ma/ekjxyght,2026-07-21T17:30:00.000Z,London,ai,2026-07-14
The London AI Happy Hour,https://lu.ma/l87bjnl0,2026-07-22T16:00:00.000Z,London,ai,2026-07-14
Dine & Align: LISA × GovAI S26 Fellows,https://lu.ma/te3n7tbw,2026-07-22T18:00:00.000Z,London,ai,2026-07-14
Summer with UNKNW,https://lu.ma/f2s47p2e,2026-07-23T18:00:00.000Z,London,ai,2026-07-14
Sponsored Intelligence Summit,https://lu.ma/yslry4g2,2026-07-24T13:30:00.000Z,London,ai,2026-07-14
Build with Netlify: London,https://lu.ma/nnphjy8b,2026-07-29T17:00:00.000Z,London,ai,2026-07-14
CR3W IRL: London AI Founders & Builders Summer Show & Tell☀️,https://lu.ma/qafte3or,2026-07-29T17:30:00.000Z,London,ai,2026-07-14
No Backprop,https://lu.ma/8s7bis68,2026-07-30T17:00:00.000Z,London,ai,2026-07-14
ACT Berlin #6 (AI Coworking Tuesday) w/ Sondero,https://lu.ma/act6,2026-07-21T07:30:00.000Z,Berlin,ai,2026-07-14
Sundowner Sessions: The AI Transformation Gap | Sales Meets Engineering,https://lu.ma/92k2mqxx,2026-07-23T16:00:00.000Z,Berlin,ai,2026-07-14
OpenAI Build Week Community Meetup - Lima,https://lu.ma/o78s4965,2026-07-18T15:00:00.000Z,Lima,ai,2026-07-14
BNB Builder Sessions: Lima 🇵🇪,https://lu.ma/9hm18erd,2026-07-31T22:30:00.000Z,Lima,ai,2026-07-14
Hack AI August,https://lu.ma/asve1het,2026-08-17T23:00:00.000Z,Austin,ai,2026-07-14
NachoThursday: SaaS & AI Founder + Investor Happy Hour,https://lu.ma/nachon-55d5,2026-09-24T22:00:00.000Z,Austin,ai,2026-07-14
Vibestemics @ Mox: Designing Intuitive Mental Representations,https://lu.ma/mox-kuntz,2026-07-17T01:30:00.000Z,San Francisco,tech,2026-07-15
Women in Draft Mode - Breakfast with Entrepreneur's First,https://lu.ma/1ofs6zbv,2026-07-17T15:00:00.000Z,San Francisco,tech,2026-07-15
The Corgi Cup: Padel Edition — Presented by Arc,https://lu.ma/pw053ij8,2026-07-18T19:00:00.000Z,San Francisco,tech,2026-07-15
Ebolathon: Compute to Cure,https://lu.ma/2rbgfn69,2026-07-18T20:00:00.000Z,San Francisco,tech,2026-07-15
Loveable Users / Vibe Coder — Power Walk,https://lu.ma/staaake-d5j1,2026-07-19T23:00:00.000Z,San Francisco,tech,2026-07-15
HARD RESET PRESENTS: A sound bath & a guided discussion in Golden Gate Park,https://lu.ma/ho4pgp7r,2026-07-23T01:00:00.000Z,San Francisco,tech,2026-07-15
Defense 001 - Ukraine for Founders,https://lu.ma/ftjuf56b,2026-07-23T01:30:00.000Z,San Francisco,tech,2026-07-15
Hike with Granola's Eng Team,https://lu.ma/granola-mriv,2026-07-24T00:00:00.000Z,San Francisco,tech,2026-07-15
"Night Hack by Founders, Inc.",https://lu.ma/nighthack,2026-07-25T00:30:00.000Z,San Francisco,tech,2026-07-15
TQ and Chill,https://lu.ma/z26ee09j,2026-07-25T21:00:00.000Z,San Francisco,tech,2026-07-15
Pebblebed's Builders Late Night Café,https://lu.ma/5lcn6pt8,2026-07-28T02:30:00.000Z,San Francisco,tech,2026-07-15
HYSTA Founders Club Pitch Night,https://lu.ma/18x0l0ea,2026-07-31T01:30:00.000Z,San Francisco,tech,2026-07-15
PyLadies San Francisco July Meetup,https://lu.ma/a3puqwm0,2026-07-31T01:30:00.000Z,San Francisco,tech,2026-07-15
"SIC × SVT Angels: A cross-generational, cross-Pacific afternoon for Silicon Valley's angel community",https://lu.ma/2nj3u0fx,2026-08-01T19:00:00.000Z,San Francisco,tech,2026-07-15
MarinHacks - High School Hackathon,https://lu.ma/mzo5p8rd,2026-08-02T15:00:00.000Z,San Francisco,tech,2026-07-15
Night Shift: Late Night Coworking at Homebrew,https://lu.ma/pdn11qio,2026-08-05T00:00:00.000Z,San Francisco,tech,2026-07-15
Write the Docs Bay Area Unconference!,https://lu.ma/sgllncth,2026-08-08T20:00:00.000Z,San Francisco,tech,2026-07-15
SF Hardware & Manufacturing Happy Hour,https://lu.ma/i6z09k0p,2026-08-12T01:00:00.000Z,San Francisco,tech,2026-07-15
EWIT Diamond Forum,https://lu.ma/uzrn1ijq,2026-08-20T23:00:00.000Z,San Francisco,tech,2026-07-15
Mission Bit's 10th Annual Gala Fundraiser: Access Granted,https://lu.ma/h7ch1mm1,2026-10-09T01:00:00.000Z,San Francisco,tech,2026-07-15
Corgi NYC Founder Dinner,https://lu.ma/yn34exzv,2026-07-15T22:00:00.000Z,New York,tech,2026-07-15
CAPITAL & CONNECTIONS Summer Soirée | A Curated Networking Experience Hosted by Jordan March & Khan Journey,https://lu.ma/4l7am10y,2026-07-16T22:30:00.000Z,New York,tech,2026-07-15
poker night (pt. 1),https://lu.ma/ysm93gvn,2026-07-16T23:00:00.000Z,New York,tech,2026-07-15
Summer Series PT II: Desserts & CHILL,https://lu.ma/87oip15j,2026-07-17T16:00:00.000Z,New York,tech,2026-07-15
Bridges EdTech Happy Hour (Hosted by Starbridge),https://lu.ma/cx524qfg,2026-07-21T21:00:00.000Z,New York,tech,2026-07-15
Summer Integration Activation,https://lu.ma/5l28hle2,2026-07-23T21:00:00.000Z,New York,tech,2026-07-15
"An Exclusive Day of Racing, Networking & Fun",https://lu.ma/ej8zhebc,2026-07-29T15:00:00.000Z,New York,tech,2026-07-15
The Build,https://lu.ma/iqvirx8n,2026-07-31T00:00:00.000Z,New York,tech,2026-07-15
Bagel Entrepreneurs x NEA @ Microsoft,https://lu.ma/2q8gjakt,2026-08-06T12:30:00.000Z,New York,tech,2026-07-15
Distribution Is Your Moat ft. Liz Friedland,https://lu.ma/nw4wh0y7,2026-08-06T13:30:00.000Z,New York,tech,2026-07-15
"Rethinking Compensation: Smarter Ways to Invest in Talent, Not Just Cut Costs",https://lu.ma/7dg8nie4,2026-09-23T22:00:00.000Z,New York,tech,2026-07-15
UXC NYU Design Mixer,https://lu.ma/m4ib2x9g,2026-11-13T23:00:00.000Z,New York,tech,2026-07-15
Conversations With Technologists: Demo day,https://lu.ma/2m3xuyfs,2026-07-15T17:30:00.000Z,London,tech,2026-07-15
React Native London Meetup - July 2026,https://lu.ma/ned061kb,2026-07-16T17:30:00.000Z,London,tech,2026-07-15
The Unfamiliar Table — London №6,https://lu.ma/2f1c543u,2026-07-17T18:30:00.000Z,London,tech,2026-07-15
The Dressing Room - Summer Series,https://lu.ma/tmhea78s,2026-07-18T15:30:00.000Z,London,tech,2026-07-15
Weekly football 7-aside by Granola!,https://lu.ma/vpvb87u1,2026-07-22T17:20:00.000Z,London,tech,2026-07-15
No Agenda Breakfast: Evelyn Partners,https://lu.ma/4vfi2qxe,2026-07-23T07:45:00.000Z,London,tech,2026-07-15
Pitch Perfect,https://lu.ma/1pasmam7,2026-07-23T10:00:00.000Z,London,tech,2026-07-15
Tech for Good Meetup,https://lu.ma/3cbsksfs,2026-07-29T17:00:00.000Z,London,tech,2026-07-15
House London | Data Hackathon,https://lu.ma/160gn1gj,2026-08-01T09:00:00.000Z,London,tech,2026-07-15
Startup Pitch & Networking in London,https://lu.ma/z2liurn3,2026-08-18T17:00:00.000Z,London,tech,2026-07-15
Ctrl+W,https://lu.ma/incident-lypi,2026-08-20T17:30:00.000Z,London,tech,2026-07-15
Together By Design Session #1,https://lu.ma/y0couovp,2026-07-22T16:00:00.000Z,Berlin,tech,2026-07-15
🏃‍➡️ The Builders Run #BER-02,https://lu.ma/y2nnrxy3,2026-07-23T05:00:00.000Z,Berlin,tech,2026-07-15
Leadershift X FRC Run Club : Leaders & Founders Run Session ✦ Berlin Chapter,https://lu.ma/yuxy2xfz,2026-07-25T07:00:00.000Z,Berlin,tech,2026-07-15
Founder Reset,https://lu.ma/1qroe3h7,2026-07-31T13:00:00.000Z,Berlin,tech,2026-07-15
Maker Basics: CNC Milling,https://lu.ma/4lmll5bl,2026-08-14T15:00:00.000Z,Berlin,tech,2026-07-15
European Defense Tech Festival - Berlin,https://lu.ma/edtf-2026,2026-08-20T10:00:00.000Z,Berlin,tech,2026-07-15
"TALLER DE DIFUSIÓN DE RESULTADOS SUP 12G ""DATASCHOOL""",https://lu.ma/fw0795lv,2026-07-15T21:00:00.000Z,Lima,tech,2026-07-15
Human Design for Your Founding Team,https://lu.ma/qk9e2el1,2026-07-20T23:00:00.000Z,Austin,tech,2026-07-15
Meet Your Co-Founder,https://lu.ma/02xm7evj,2026-07-22T23:30:00.000Z,Austin,tech,2026-07-15
after hours: a happy hour for austin's creatives and founders,https://lu.ma/pvwcxfdu,2026-07-28T23:00:00.000Z,Austin,tech,2026-07-15
Berkeley-CHAI All Hands,https://lu.ma/6l90rez2,2026-07-15T19:00:00.000Z,San Francisco,ai,2026-07-15
neuro x ai w/the residency,https://lu.ma/j1yn2mbl,2026-07-16T01:30:00.000Z,San Francisco,ai,2026-07-15
Build From the Dock: How Open Source Built the AI Revolution,https://lu.ma/xrcwi14v,2026-07-17T00:00:00.000Z,San Francisco,ai,2026-07-15
Autonomous 2026 - Moonlake AI Happy Hour.,https://lu.ma/lk9se5mi,2026-07-17T01:00:00.000Z,San Francisco,ai,2026-07-15
Engineering Leaders Dinner,https://lu.ma/k7nnf5g6,2026-07-17T01:30:00.000Z,San Francisco,ai,2026-07-15
HUD x Fireworks AI | RL Catan Tournament,https://lu.ma/hud-fireworks-catan,2026-07-17T01:30:00.000Z,San Francisco,ai,2026-07-15
Cozy Cyborg Dinners: Physical AI Friends :),https://lu.ma/u394a944,2026-07-17T02:00:00.000Z,San Francisco,ai,2026-07-15
Personal Branding Workshop in AI Era (SF location),https://lu.ma/88352mjr,2026-07-18T00:00:00.000Z,San Francisco,ai,2026-07-15
Sweet Talk: A Dessert Night for YC & Accelerator Founders,https://lu.ma/ydzttygr,2026-07-18T02:00:00.000Z,San Francisco,ai,2026-07-15
Part 1: Breaking Barriers to AI Safety Hackathon,https://lu.ma/breaking-barriers-sf,2026-07-18T16:30:00.000Z,San Francisco,ai,2026-07-15
Robotics & World Models Reading Club 18: Is Latent All You Need for World Action Models? & Causal World Models. SF 07/18,https://lu.ma/f74eguvr,2026-07-18T21:00:00.000Z,San Francisco,ai,2026-07-15
Design & Deploy Workshop,https://lu.ma/vs5ybrec,2026-07-20T01:00:00.000Z,San Francisco,ai,2026-07-15
AI Safety Founders - Co-Founder Mingle,https://lu.ma/cdcxusgk,2026-07-22T01:30:00.000Z,San Francisco,ai,2026-07-15
"13th Peninsula Value Economy X Sustainability (Climate) Co-Work Day — AI, Health",https://lu.ma/doiktjsn,2026-07-22T17:30:00.000Z,San Francisco,ai,2026-07-15
Deep Tech Startups in the Age of AI by Fifty Years,https://lu.ma/50y-n282,2026-07-23T00:00:00.000Z,San Francisco,ai,2026-07-15
Building Creative Agents for Brands [Magnific Hacks],https://lu.ma/magnific-ng2j,2026-07-23T23:00:00.000Z,San Francisco,ai,2026-07-15
Where AI Meets Opportunity - Lunch Panel,https://lu.ma/kzbx9g8x,2026-07-24T18:30:00.000Z,San Francisco,ai,2026-07-15
Local AI Workshop,https://lu.ma/p6yo9go4,2026-07-25T23:00:00.000Z,San Francisco,ai,2026-07-15
"File Systems, Sandboxes, and Sushi: YC @ Archil",https://lu.ma/chqmxhyg,2026-07-26T01:00:00.000Z,San Francisco,ai,2026-07-15
Can We Close the Sim2Real Gap?,https://lu.ma/cazn88f7,2026-07-30T00:30:00.000Z,San Francisco,ai,2026-07-15
From Agents to Teams: The Future of Multi-Agent Systems,https://lu.ma/hs3x4zt6,2026-07-31T00:30:00.000Z,San Francisco,ai,2026-07-15
Proxima Supper Series,https://lu.ma/lpt8zwwz,2026-07-31T01:00:00.000Z,San Francisco,ai,2026-07-15
The Future of Technical Documentation,https://lu.ma/8f9asrzr,2026-07-31T01:00:00.000Z,San Francisco,ai,2026-07-15
Abstract x Grace Gong AI Researcher Poker Night,https://lu.ma/5ljru4z2,2026-08-04T00:30:00.000Z,San Francisco,ai,2026-07-15
"The FDE Table, Hosted by Plain",https://lu.ma/n5pon3ke,2026-08-06T00:30:00.000Z,San Francisco,ai,2026-07-15
Privy x Bridge: SF Meetup,https://lu.ma/2mk64rwd,2026-08-07T01:00:00.000Z,San Francisco,ai,2026-07-15
局部对齐 第二期 · Local Align V.2 · AI×软硬件×桌游Mix聚会,https://lu.ma/em444in5,2026-08-08T19:00:00.000Z,San Francisco,ai,2026-07-15
Marketing Leadership in the Age of AI,https://lu.ma/10xgrowth-vcu1,2026-08-12T00:00:00.000Z,San Francisco,ai,2026-07-15
"From SF to the Philippines: AI, Trusted Technology, and the Next Innovation Bridge",https://lu.ma/9auwphja,2026-08-13T23:00:00.000Z,San Francisco,ai,2026-07-15
Beyond Discovery: Closed-Loop Systems & Defensible AI-Bio,https://lu.ma/berkeley-ifel,2026-08-14T00:30:00.000Z,San Francisco,ai,2026-07-15
Actuate 2026 - Moonlake AI After Party.,https://lu.ma/hdk56ykr,2026-08-19T01:00:00.000Z,San Francisco,ai,2026-07-15
"Trust is Local, Money Movement is Global",https://lu.ma/phcu9ucc,2026-08-27T00:00:00.000Z,San Francisco,ai,2026-07-15
Linkup NYC dinner #3,https://lu.ma/x73vahde,2026-07-22T22:30:00.000Z,New York,ai,2026-07-15
"Prompt, Code, Embed",https://lu.ma/qo5vui9u,2026-07-23T22:30:00.000Z,New York,ai,2026-07-15
Beyond Vibe Coding: Let's Build Some (Fun) Agents!,https://lu.ma/bg6rgm4r,2026-07-24T21:30:00.000Z,New York,ai,2026-07-15
Spec-driven Development,https://lu.ma/5cuftq5y,2026-07-25T19:00:00.000Z,New York,ai,2026-07-15
"Brooklyn Bridge TechWalk | NYC, 7/28 w/ Vonage AI Builder Nights",https://lu.ma/pwofwe4n,2026-07-28T20:30:00.000Z,New York,ai,2026-07-15
Burn Less Tokens Meetup,https://lu.ma/pinecone-5y6x,2026-07-28T21:00:00.000Z,New York,ai,2026-07-15
"Build With AI. Own the Decisions. Live demos and real talk on AI enablement — with Twilio, Datadog, and SWARM",https://lu.ma/5m4gyn8t,2026-07-29T22:00:00.000Z,New York,ai,2026-07-15
Build Your AI Assistant: Part 1 – Foundation & Setup,https://lu.ma/0ggsokzv,2026-07-30T16:00:00.000Z,New York,ai,2026-07-15
Build with AI Meetup,https://lu.ma/kd5rs6lg,2026-08-11T22:30:00.000Z,New York,ai,2026-07-15
Laurel Presents: Proof,https://lu.ma/laurel-3joq,2026-09-23T12:30:00.000Z,New York,ai,2026-07-15
UXC NYU Design Week,https://lu.ma/6l0wfzwp,2026-11-09T14:00:00.000Z,New York,ai,2026-07-15
"LISA Presents: Andrew Draganov - AIs, AGI, and what it might do",https://lu.ma/ygkitm6h,2026-07-20T18:00:00.000Z,London,ai,2026-07-15
AI Business Apps Micro Hackathon with Softr,https://lu.ma/softr-london-hackathon-july,2026-07-22T16:30:00.000Z,London,ai,2026-07-15
MATS X LISA X LASR SUMMER SOCIAL,https://lu.ma/ecrfbfey,2026-07-24T17:30:00.000Z,London,ai,2026-07-15
Manus & Matcha,https://lu.ma/60tj35hj,2026-08-01T12:00:00.000Z,London,ai,2026-07-15
Built to Last: Defensibility in the AI Age,https://lu.ma/ggoit0qp,2026-09-08T16:00:00.000Z,London,ai,2026-07-15
Peak Performance by Genie Goals,https://lu.ma/uatesqpl,2026-09-17T11:00:00.000Z,London,ai,2026-07-15
8x x Bella&Bona Mobile Hack,https://lu.ma/59urrg5l,2026-08-01T08:00:00.000Z,Berlin,ai,2026-07-15
Berlin. Vibe Coding Club: Demo Night,https://lu.ma/ruo3whja,2026-08-25T16:00:00.000Z,Berlin,ai,2026-07-15
What If Websites No Longer Have Pages? | MeetUp @HelloDigital,https://lu.ma/agm5irey,2026-09-17T16:00:00.000Z,Berlin,ai,2026-07-15
Hack Fair - AITX<>NVIDIA Claw Agent Hackathon,https://lu.ma/hackfair-claw,2026-07-19T19:00:00.000Z,Austin,ai,2026-07-15
🚀 You're Invited: ACM/IEEE Austin's July Tech Talks & Showcase!,https://lu.ma/ls37ijqw,2026-07-29T23:00:00.000Z,Austin,ai,2026-07-15
Founders Inc Open Campus: Thursday,https://lu.ma/open-campus-9,2026-07-17T00:00:00.000Z,San Francisco,tech,2026-07-16
Unicorn Battle in San Francisco,https://lu.ma/ckpt1lj2,2026-07-17T00:00:00.000Z,San Francisco,tech,2026-07-16
Potluck Dinner #3,https://lu.ma/9f4fezkp,2026-07-18T01:30:00.000Z,San Francisco,tech,2026-07-16
UnCommon Thursday no. 01 | Weekly Work Session for Women & Non-Binary Founders,https://lu.ma/938ybd9v,2026-07-23T16:00:00.000Z,San Francisco,tech,2026-07-16
Office Hour with Attorney Alice Lu [SIT SV Hub Member Only],https://lu.ma/aqox4s8g,2026-07-23T20:00:00.000Z,San Francisco,tech,2026-07-16
-1 to Guardant Health with Helmy Eltoukhy,https://lu.ma/helmy-spc,2026-07-23T22:30:00.000Z,San Francisco,tech,2026-07-16
Founder Demo Exchange,https://lu.ma/ojglokpg,2026-07-24T01:00:00.000Z,San Francisco,tech,2026-07-16
Scrappy Hours @ Notion HQ SF,https://lu.ma/obo6607q,2026-07-24T01:00:00.000Z,San Francisco,tech,2026-07-16
K-Founders Connect in Silicon Valley,https://lu.ma/ufahhekd,2026-07-24T20:00:00.000Z,San Francisco,tech,2026-07-16
YC SUS Game Night @ EF,https://lu.ma/0pl3rlxm,2026-07-24T23:00:00.000Z,San Francisco,tech,2026-07-16
"Funding at the Frontier: hosted by ARIA, Bakar Labs, and IGI",https://lu.ma/nkhhuhss,2026-07-30T00:00:00.000Z,San Francisco,tech,2026-07-16
Figma Field Days: SF Dev Night,https://lu.ma/2929v81u,2026-07-30T01:00:00.000Z,San Francisco,tech,2026-07-16
Grid Innovation Hub Coffee Meetup (In-Person),https://lu.ma/grid-7emd,2026-07-30T16:00:00.000Z,San Francisco,tech,2026-07-16
July Community Meet & Eat,https://lu.ma/7wx60rjq,2026-07-30T21:00:00.000Z,San Francisco,tech,2026-07-16
BrainTech - The Next Big Opportunity - Learn from a VC,https://lu.ma/y1pdtumx,2026-07-31T18:45:00.000Z,San Francisco,tech,2026-07-16
Extraordinary Founders Dinner (hosted by Andrew Yeung),https://lu.ma/ExtraordinaryFoundersAug6,2026-08-07T01:00:00.000Z,San Francisco,tech,2026-07-16
The Agentic Payments Table,https://lu.ma/beltic,2026-08-07T01:30:00.000Z,San Francisco,tech,2026-07-16
Bedrock Data Happy Hour at Snowflake!,https://lu.ma/tc4rsia7,2026-08-13T00:00:00.000Z,San Francisco,tech,2026-07-16
Assets & Access @ Rickhouse Bar SF,https://lu.ma/sanfranciscoaugust,2026-08-13T00:30:00.000Z,San Francisco,tech,2026-07-16
San Francisco Apache DataFusion Meetup,https://lu.ma/gk3s2vib,2026-08-14T00:30:00.000Z,San Francisco,tech,2026-07-16
Day Jobs & Dream Jobs… Why Not Both? A Continusum Event.,https://lu.ma/vegdrrl8,2026-08-20T01:00:00.000Z,San Francisco,tech,2026-07-16
August - How to Rule the World by Theo Baker,https://lu.ma/0pza6p4n,2026-08-30T20:30:00.000Z,San Francisco,tech,2026-07-16
Growth Warrior Capital 2026 Annual General Meeting,https://lu.ma/nw16cjij,2026-11-05T21:00:00.000Z,San Francisco,tech,2026-07-16
House of 434 Founder–Funder Brunch,https://lu.ma/houseof-i9uz,2026-07-16T14:00:00.000Z,New York,tech,2026-07-16
The Startup Pitch: Demo Showcase by Startup Grind,https://lu.ma/z0nfsye9,2026-07-16T21:30:00.000Z,New York,tech,2026-07-16
NYC ROBOTICS SOCIETY,https://lu.ma/0d63ukh7,2026-07-17T22:30:00.000Z,New York,tech,2026-07-16
FINANCE ON OFFENSE: NYC WATCH PARTY,https://lu.ma/nycwatchparty,2026-07-19T18:00:00.000Z,New York,tech,2026-07-16
"Monday Coworking Around NYC - Greenpoint - Founders, Creatives, Builders, Researchers, Supporters",https://lu.ma/h5dz2cdv,2026-07-20T14:00:00.000Z,New York,tech,2026-07-16
Taco Tuesday @ Meow HQ,https://lu.ma/qbpujccz,2026-07-21T22:00:00.000Z,New York,tech,2026-07-16
UGLY TALK: WHY INVESTORS DON’T BET ON YOUR BRAND,https://lu.ma/db9c3wzz,2026-07-22T22:30:00.000Z,New York,tech,2026-07-16
Take the Leap: Interns in NYC,https://lu.ma/o7cnyyc6,2026-07-23T22:30:00.000Z,New York,tech,2026-07-16
NYC Founder Meetup,https://lu.ma/bki3r9pt,2026-07-23T23:00:00.000Z,New York,tech,2026-07-16
🗽 NYC Founders: In Person Meetup with Special Guest Robert Manasier,https://lu.ma/oneday-g1ty,2026-07-24T21:00:00.000Z,New York,tech,2026-07-16
Artificially Unintelligent: NYC Tech Comedy Show (July),https://lu.ma/TechComedyJuly,2026-07-30T23:00:00.000Z,New York,tech,2026-07-16
"{NEW YORK, NY} Member Mingle",https://lu.ma/f3cn39uz,2026-08-13T22:00:00.000Z,New York,tech,2026-07-16
Antimetal at Roscioli II,https://lu.ma/ki254ssb,2026-08-13T23:30:00.000Z,New York,tech,2026-07-16
Cleantech Leaders: New York Climate Week Reception,https://lu.ma/dt8oz6ky,2026-09-22T15:00:00.000Z,New York,tech,2026-07-16
2026 Urban Future Summit: 10 Years of Impact,https://lu.ma/jp2d19qc,2026-10-22T17:00:00.000Z,New York,tech,2026-07-16
Junior VC Summer Drinks,https://lu.ma/i4v7iskv,2026-07-16T17:30:00.000Z,London,tech,2026-07-16
Science Works' Build Club,https://lu.ma/s8tbzarp,2026-07-18T10:00:00.000Z,London,tech,2026-07-16
UK Racket meet-up (London) Tuesday 21 July 2026,https://lu.ma/u61y94uw,2026-07-21T18:30:00.000Z,London,tech,2026-07-16
🚀 🚀 You're Invited to the Official Launch of CipherX's Painless Tattoo Technology,https://lu.ma/wjhooz6s,2026-07-23T17:00:00.000Z,London,tech,2026-07-16
London Coworking Meetup + Launch 🇬🇧,https://lu.ma/v15tcy2y,2026-07-24T13:00:00.000Z,London,tech,2026-07-16
Entrepreneurial Wellbeing Summit,https://lu.ma/kanoh6z3,2026-07-24T16:00:00.000Z,London,tech,2026-07-16
BUILD MONDAYS,https://lu.ma/aw9ear8o,2026-07-27T08:00:00.000Z,London,tech,2026-07-16
Logos Circle London - 1 Year Anniversary,https://lu.ma/logos-london-circle-12,2026-07-27T17:00:00.000Z,London,tech,2026-07-16
The Presence Equation: Elevate Your Voice. Expand Your Influence.,https://lu.ma/dupmjyit,2026-08-01T13:00:00.000Z,London,tech,2026-07-16
Durable Code Meetup - London,https://lu.ma/sh4j0dge,2026-08-04T17:00:00.000Z,London,tech,2026-07-16
Founders Meetup London - September 2026,https://lu.ma/0a5yynw5,2026-09-08T16:30:00.000Z,London,tech,2026-07-16
DEEP TECH LONDON SUMMIT,https://lu.ma/deeptechldn26,2026-10-08T09:30:00.000Z,London,tech,2026-07-16
CIC Berlin Experience Tour,https://lu.ma/0e3jlbwd,2026-07-23T07:00:00.000Z,Berlin,tech,2026-07-16
Leadershift Tribe: Family Get-together for the club ✦ Berlin Chapter,https://lu.ma/vqh6w2ya,2026-07-23T15:00:00.000Z,Berlin,tech,2026-07-16
Exklusives Founder Dinner,https://lu.ma/3jxb1ycf,2026-07-23T17:00:00.000Z,Berlin,tech,2026-07-16
Tempelhofer Feld Walk: I Want Out Of Tech,https://lu.ma/ewcqiyu0,2026-08-19T16:30:00.000Z,Berlin,tech,2026-07-16
Dragon Sphere Origins: Cyber Security Conference 🐉 Evento Presencial,https://lu.ma/ac77b4d8,2026-07-25T14:30:00.000Z,Lima,tech,2026-07-16
VI CNR UNI,https://lu.ma/lg90rvqq,2026-11-27T16:00:00.000Z,Lima,tech,2026-07-16
STATION Austin Membership Tour,https://lu.ma/ijm19lbl,2026-07-16T15:00:00.000Z,Austin,tech,2026-07-16
Pitch And Walk x Pitchspark,https://lu.ma/z7lc3frb,2026-07-24T13:00:00.000Z,Austin,tech,2026-07-16
AWSE Lightning Talks,https://lu.ma/bcxgo29x,2026-07-27T22:30:00.000Z,Austin,tech,2026-07-16
Build With Pride at Antler,https://lu.ma/antlerus-qfco,2026-08-20T14:30:00.000Z,Austin,tech,2026-07-16
AI Innovation Studio 课程发布会,https://lu.ma/9e92trj9,2026-07-15T16:00:00.000Z,San Francisco,ai,2026-07-16
Build From the Dock: How Open Source Built the AI Revolution,https://lu.ma/uor5i8hg,2026-07-17T00:00:00.000Z,San Francisco,ai,2026-07-16
SF Personal AI Meetup,https://lu.ma/personai,2026-07-17T01:30:00.000Z,San Francisco,ai,2026-07-16
Agent-Native Founders Open Mic @ Stanford,https://lu.ma/ij64ljm3,2026-07-18T00:00:00.000Z,San Francisco,ai,2026-07-16
「AI Founder Salon #001」AI 下半场：落地真实商业,https://lu.ma/qoq4r92w,2026-07-18T22:00:00.000Z,San Francisco,ai,2026-07-16
Ha7ch | AI-Native Builder Meetup @ Palo Alto,https://lu.ma/j62cmxao,2026-07-18T22:00:00.000Z,San Francisco,ai,2026-07-16
Data in the AI Era: A Bay Area Roundtable for Designers and UX Researchers,https://lu.ma/9ay1k9wc,2026-07-21T02:00:00.000Z,San Francisco,ai,2026-07-16
"AI Creators Meetup: Build, Experiment & Get Featured",https://lu.ma/hw66kom7,2026-07-21T20:00:00.000Z,San Francisco,ai,2026-07-16
"Darren Aronofsky, Noam Brown & Elad Gil on the Future of Film",https://lu.ma/t7al2zsn,2026-07-22T01:30:00.000Z,San Francisco,ai,2026-07-16
Stop AI/Laborfest: AI in Education,https://lu.ma/d1c2hvra,2026-07-22T02:00:00.000Z,San Francisco,ai,2026-07-16
Designing What's Next: Founding AI Designers in SF,https://lu.ma/klj4miwd,2026-07-23T00:00:00.000Z,San Francisco,ai,2026-07-16
OpenAI × Start2 × Zendesk Hackathon,https://lu.ma/nqi1i1hs,2026-07-23T23:00:00.000Z,San Francisco,ai,2026-07-16
Voice AI Meetup: Build Smarter Voice Agents,https://lu.ma/m0thk5ai,2026-07-24T00:00:00.000Z,San Francisco,ai,2026-07-16
🐎 Women in AI Private Founders Horseback Riding Social,https://lu.ma/uk1e0tva,2026-07-24T00:00:00.000Z,San Francisco,ai,2026-07-16
WiV Game Night: Can you beat the LLM?,https://lu.ma/72hc0k0r,2026-07-24T01:00:00.000Z,San Francisco,ai,2026-07-16
YC AI Startup School Afterparty,https://lu.ma/m4ez9liu,2026-07-26T01:00:00.000Z,San Francisco,ai,2026-07-16
House of AI: Robotics & Demo Day | SBC 2026,https://lu.ma/House_of_ai_sbc_2026,2026-07-26T22:00:00.000Z,San Francisco,ai,2026-07-16
Women in AI Ethics & Safety Summer Picnic!,https://lu.ma/koupjlaf,2026-07-29T01:00:00.000Z,San Francisco,ai,2026-07-16
DaVinci Cafe- Private Gathering on AI Infra,https://lu.ma/2mdxha4i,2026-07-30T00:00:00.000Z,San Francisco,ai,2026-07-16
Customer Obsession in the AI Era ft. Granola | Hosted by Plain,https://lu.ma/oup51oya,2026-07-30T01:00:00.000Z,San Francisco,ai,2026-07-16
Hack the Video Agent Context Graph (OpenAI + Neo4j + AWS + TwelveLabs),https://lu.ma/hack-video-agent-context-graph-jul30-2026,2026-07-30T16:30:00.000Z,San Francisco,ai,2026-07-16
San Francisco | Claude Code for Real Estate Workshop,https://lu.ma/claude-n3kh,2026-07-30T22:00:00.000Z,San Francisco,ai,2026-07-16
Meet the Makers: Robotics Edition,https://lu.ma/nyx9qeea,2026-07-31T01:00:00.000Z,San Francisco,ai,2026-07-16
Can AI Create a New Playbook for General Counsel? Lessons from the UK and US,https://lu.ma/0a5o83gf,2026-08-04T15:30:00.000Z,San Francisco,ai,2026-07-16
Gray Area Cultural Incubator Showcase 2026,https://lu.ma/x0mqtd1a,2026-08-06T02:00:00.000Z,San Francisco,ai,2026-07-16
Software Factories Show & Tell,https://lu.ma/software-factories,2026-08-13T00:30:00.000Z,San Francisco,ai,2026-07-16
AI Salon with Healthcare Leaders at Sens,https://lu.ma/59nz4mok,2026-08-13T01:30:00.000Z,San Francisco,ai,2026-07-16
Build Your AI Content Engine,https://lu.ma/uvnpx6um,2026-07-16T22:00:00.000Z,New York,ai,2026-07-16
Flatiron AI Reading Group (FLAIR),https://lu.ma/sapien-jul16,2026-07-16T23:30:00.000Z,New York,ai,2026-07-16
Max AI Private Practice Advisory Board (Happy Hour),https://lu.ma/s26-adboard-hh-aad,2026-07-18T19:00:00.000Z,New York,ai,2026-07-16
The Builders' Table,https://lu.ma/vz1w8v94,2026-07-19T21:00:00.000Z,New York,ai,2026-07-16
GV x Bessemer: Summer Social,https://lu.ma/81oeurz0,2026-07-21T21:30:00.000Z,New York,ai,2026-07-16
NYC CISO Dinner,https://lu.ma/niznoiws,2026-07-23T23:00:00.000Z,New York,ai,2026-07-16
MCP Release Party,https://lu.ma/aaif-zwdl,2026-07-28T21:30:00.000Z,New York,ai,2026-07-16
NYC Creative AI August Forum (formerly ComfyUI NYC),https://lu.ma/nw9z51dh,2026-08-13T22:00:00.000Z,New York,ai,2026-07-16
NYC B2B: AI Founders & Investors Meetup,https://lu.ma/fv6wrg1w,2026-08-17T22:00:00.000Z,New York,ai,2026-07-16
Cyber Book Launch - Faster than Fixable,https://lu.ma/p2xxhawm,2026-08-19T22:00:00.000Z,New York,ai,2026-07-16
MongoDB.local NYC: For Founders Building What's Next,https://lu.ma/7hlijfri,2026-09-30T13:00:00.000Z,New York,ai,2026-07-16
Mindstone London July AI Meetup,https://lu.ma/r2bqgdhl,2026-07-21T17:00:00.000Z,London,ai,2026-07-16
Crew Convene London: The Agent Impact Forum,https://lu.ma/crewai-convene-london,2026-07-23T07:30:00.000Z,London,ai,2026-07-16
Fireside Chat w/ Siadhal Magos - Metaview Founder & Summer Drinks by Glassray,https://lu.ma/ijoiub6p,2026-07-23T17:00:00.000Z,London,ai,2026-07-16
Family Office Gala with Lord Clement-Jones,https://lu.ma/l0k8tv67,2026-09-02T17:30:00.000Z,London,ai,2026-07-16
Agents & APIs London Developer Meetup,https://lu.ma/5ifrs74x,2026-09-15T17:00:00.000Z,London,ai,2026-07-16
Your Free Seat at the AI and Reward Summit!,https://lu.ma/wchubju8,2026-11-17T08:00:00.000Z,London,ai,2026-07-16
OpenAI Build Week: Show&Tell+Build,https://lu.ma/cz4b65f5,2026-07-17T07:00:00.000Z,Berlin,ai,2026-07-16
"Health, Tech, Psych Network Meetup - Topic: Healthcare Careers in the Age of AI: Are You Ready for What's Next?",https://lu.ma/dixcaty1,2026-07-20T16:30:00.000Z,Berlin,ai,2026-07-16
Beyond the Model: Engineering Reliable AI Agents,https://lu.ma/02ktnc47,2026-07-29T16:00:00.000Z,Berlin,ai,2026-07-16
Agent Builders Breakfast - Meet other Agent builders,https://lu.ma/i7gd7dkk,2026-07-21T13:00:00.000Z,Austin,ai,2026-07-16
Teardown Tour: Austin | SDR Leaders of USA,https://lu.ma/wnjh9jdg,2026-07-21T22:30:00.000Z,Austin,ai,2026-07-16
AI Community Coworking at Antler,https://lu.ma/ai-coworking-july26,2026-07-22T14:00:00.000Z,Austin,ai,2026-07-16
Revenue & Risk: A Night of AI Excellence (Austin),https://lu.ma/revenue-and-risk-austin,2026-07-29T22:30:00.000Z,Austin,ai,2026-07-16
⚽The FIFA World Cup Final WatchParty: Rooftop🏆,https://lu.ma/z49rur3i,2026-07-19T19:00:00.000Z,San Francisco,tech,2026-07-17
Tony & Thibaut's Game Night - A better way to meet people - 🔶 YC Startup School edition 🔶,https://lu.ma/znwcrc8a,2026-07-22T02:00:00.000Z,San Francisco,tech,2026-07-17
Veronica Beard x Pirth.org: Fireside Chat ft. GoFundMe CMO Margaret L. Richardson,https://lu.ma/ywjvd5b7,2026-07-22T20:00:00.000Z,San Francisco,tech,2026-07-17
Native Reading Room SF – #5,https://lu.ma/af3iyc40,2026-07-23T01:30:00.000Z,San Francisco,tech,2026-07-17
SMS (Startup Marketer Support) Group Dinner #2,https://lu.ma/xyae6b3s,2026-07-23T01:30:00.000Z,San Francisco,tech,2026-07-17
Founders & Investors Cocktail Hours,https://lu.ma/axd56nxv,2026-07-23T22:00:00.000Z,San Francisco,tech,2026-07-17
StartX Community Dinner,https://lu.ma/9ivuyw8f,2026-07-24T00:30:00.000Z,San Francisco,tech,2026-07-17
yc startup school afterparty @ fondo,https://lu.ma/fondo_yc_startup_school_afterparty,2026-07-27T01:00:00.000Z,San Francisco,tech,2026-07-17
SF 2026 | Founders Camp — Day 1,https://lu.ma/rtc-camp-sf26day1,2026-07-27T17:00:00.000Z,San Francisco,tech,2026-07-17
Co-Working Evening,https://lu.ma/gwijwvwb,2026-07-30T01:00:00.000Z,San Francisco,tech,2026-07-17
Robotics Happy Hour,https://lu.ma/bzm51j0p,2026-07-31T00:30:00.000Z,San Francisco,tech,2026-07-17
Circuit Launch Masterclass Series: Raising Capital 101 with Professor PK,https://lu.ma/ayh2zrej,2026-07-31T01:00:00.000Z,San Francisco,tech,2026-07-17
"MapTime: One Part Show & Tell, One Part Meet Your People Night",https://lu.ma/qetzx6du,2026-07-31T01:30:00.000Z,San Francisco,tech,2026-07-17
Silicon Valley Founder & VC Summer Networking,https://lu.ma/summerbash,2026-08-06T21:00:00.000Z,San Francisco,tech,2026-07-17
Founders 5k Sunset Run with Lore and LlamaIndex,https://lu.ma/4iiiprxj,2026-08-12T01:00:00.000Z,San Francisco,tech,2026-07-17
Mobile OGs @ 5 O'Clock,https://lu.ma/79i5zdta,2026-08-14T00:00:00.000Z,San Francisco,tech,2026-07-17
Low-Key Data Happy Hour - San Francisco,https://lu.ma/wcd1kx5o,2026-08-19T01:00:00.000Z,San Francisco,tech,2026-07-17
August 3H: Still Summer Edition!,https://lu.ma/rxs0sfap,2026-08-21T01:30:00.000Z,San Francisco,tech,2026-07-17
Veterans Innovation Hackathon,https://lu.ma/t9gewhzc,2026-08-29T01:30:00.000Z,San Francisco,tech,2026-07-17
SWE Trivia Night with Ascend,https://lu.ma/ojxv1p2j,2026-09-11T01:00:00.000Z,San Francisco,tech,2026-07-17
Friday Cafe Coworking/Sprint,https://lu.ma/4ww2tfk2,2026-07-17T12:00:00.000Z,New York,tech,2026-07-17
"FOUNDER X INVESTOR ""COFFEE HOURS""",https://lu.ma/acafemeetup,2026-07-17T12:30:00.000Z,New York,tech,2026-07-17
NYC Founders & Operators: Build Session,https://lu.ma/aa84zxxf,2026-07-17T17:30:00.000Z,New York,tech,2026-07-17
Hack Your Summer NYC: Office Hours with DJ Patil,https://lu.ma/u66632p3,2026-07-17T18:00:00.000Z,New York,tech,2026-07-17
Common Ground: A Saturday Walk & Talk in NYC,https://lu.ma/6wn9kjnx,2026-07-18T15:00:00.000Z,New York,tech,2026-07-17
Sunday Padel,https://lu.ma/z90cu0tn,2026-07-19T18:00:00.000Z,New York,tech,2026-07-17
poker night (pt. 1),https://lu.ma/fh4hcd6i,2026-07-22T23:00:00.000Z,New York,tech,2026-07-17
Stealth Mode Mornings: Founders Breakfast with Cooley and Starcycle,https://lu.ma/8l3m2wt9,2026-07-23T12:00:00.000Z,New York,tech,2026-07-17
NYC Rooftop Tech Mixer w/ Cortex & Rootly AI,https://lu.ma/7v9kyhll,2026-07-29T21:30:00.000Z,New York,tech,2026-07-17
Women+ in Open Source Forum,https://lu.ma/c0q9xrb7,2026-07-30T13:30:00.000Z,New York,tech,2026-07-17
Zig Day #3,https://lu.ma/zd8ul0il,2026-08-01T14:00:00.000Z,New York,tech,2026-07-17
Supabase x Datadog: Meetup,https://lu.ma/new-york-2026-08-meetup,2026-08-04T21:30:00.000Z,New York,tech,2026-07-17
"From Bench to Boardroom: Nobel Laureate James Rothman on Cellular Logistics, Nanobiology, & VC Biotech (In-Person)",https://lu.ma/gab9v17y,2026-09-08T22:00:00.000Z,New York,tech,2026-07-17
staaake Halloween event for Tech Founders — Reverse Network Meet,https://lu.ma/staaake-2dmj,2026-10-31T00:00:00.000Z,New York,tech,2026-07-17
Prototype Coworking Day,https://lu.ma/67jqy1oi,2026-07-17T08:00:00.000Z,London,tech,2026-07-17
VCRunClub #60,https://lu.ma/d0lb0x3y,2026-07-21T06:30:00.000Z,London,tech,2026-07-17
"JULY 21ST: E2E AMBASSADORS CLUB WITH Marisa Poster, CO-FOUNDER OF PERFECTTED",https://lu.ma/i0dqdrm0,2026-07-21T17:30:00.000Z,London,tech,2026-07-17
Pitch and Run London,https://lu.ma/58sxoh5r,2026-07-23T07:00:00.000Z,London,tech,2026-07-17
PnR London Coffee St Paul's,https://lu.ma/aydvf1xq,2026-07-23T07:45:00.000Z,London,tech,2026-07-17
build fridays london - work on your startup alongside others (bring laptop),https://lu.ma/481dy9aw,2026-07-24T11:00:00.000Z,London,tech,2026-07-17
2026 Amazon Sustainability Accelerator Demo Day,https://lu.ma/t4f9q1er,2026-07-28T13:00:00.000Z,London,tech,2026-07-17
Weekly football 7-aside by Granola!,https://lu.ma/oyrcdmlp,2026-07-29T17:20:00.000Z,London,tech,2026-07-17
Neurotech x Wearables Co-Founder Matching,https://lu.ma/wo42xguk,2026-08-05T17:00:00.000Z,London,tech,2026-07-17
The final ALGORAVIOLI,https://lu.ma/z5zxgcuc,2026-08-19T18:00:00.000Z,London,tech,2026-07-17
Croquet & Compliance,https://lu.ma/21q714l6,2026-09-03T13:30:00.000Z,London,tech,2026-07-17
Эмбеддед Сходка (Embedded Meetup),https://lu.ma/5bhyd9py,2026-07-17T16:00:00.000Z,Berlin,tech,2026-07-17
Open Coworking Day 🌿,https://lu.ma/oxhjnu74,2026-07-21T07:00:00.000Z,Berlin,tech,2026-07-17
Coworking with Childcare - A Summer Session for Founder Parents,https://lu.ma/hpdtsx0y,2026-08-19T07:00:00.000Z,Berlin,tech,2026-07-17
"High Frequency US: Global Talent & Payments Dinner Austin, TX Edition",https://lu.ma/ontop_austin,2026-07-22T23:00:00.000Z,Austin,tech,2026-07-17
"Friday Build & Bluff: Co-working + Poker at AGI, Inc.",https://lu.ma/agi-coworking-poker,2026-07-17T17:30:00.000Z,San Francisco,ai,2026-07-17
Open House / Open Build / Open Repair Projects Workshop,https://lu.ma/in74elzk,2026-07-18T01:30:00.000Z,San Francisco,ai,2026-07-17
VCN #42: The Sandbox,https://lu.ma/vcn-42-the-sandbox,2026-07-18T17:00:00.000Z,San Francisco,ai,2026-07-17
Generative Media Happy Hour — AGI Summit SF 2026,https://lu.ma/dcrpwuq6,2026-07-19T00:00:00.000Z,San Francisco,ai,2026-07-17
Co-work at Homebrew Club – Open House Edition!,https://lu.ma/7b4uwcqn,2026-07-22T19:00:00.000Z,San Francisco,ai,2026-07-17
Grace Gong x Nebius x Manifest x Docket x Chargebee Dinner [Venture with Grace CEO Club],https://lu.ma/q7n70dkd,2026-07-23T00:30:00.000Z,San Francisco,ai,2026-07-17
Epoch AI | MirrorCode Benchmark: What's the largest software project AI can complete on its own?,https://lu.ma/mox-1auz,2026-07-23T02:00:00.000Z,San Francisco,ai,2026-07-17
"VCN #43: Cattle, Not Pets",https://lu.ma/vcn-43-cattle-not-pets,2026-07-23T02:00:00.000Z,San Francisco,ai,2026-07-17
🌙 Night Owls @ AINative — The Unofficial AMD Advancing AI After Hours,https://lu.ma/zzvbs32t,2026-07-23T03:00:00.000Z,San Francisco,ai,2026-07-17
NEOCLOUD COUNCIL DINNER @ AMD AI DAY,https://lu.ma/jul23_neocloud_dinner,2026-07-24T00:00:00.000Z,San Francisco,ai,2026-07-17
AI-pilled teams: Demo Night ⭐️,https://lu.ma/aipilled2,2026-07-24T00:30:00.000Z,San Francisco,ai,2026-07-17
ASIMOV DevLabs #11: Context Graphs & Personal Intelligence - Open Registration,https://lu.ma/asimov-devlabs-11,2026-07-24T01:00:00.000Z,San Francisco,ai,2026-07-17
"Over dinner: Inference, Routing, & Token Burn",https://lu.ma/oglrdtr5,2026-07-24T01:00:00.000Z,San Francisco,ai,2026-07-17
The SF Revenue Table by Clarify,https://lu.ma/clarify-kb7c,2026-07-24T01:00:00.000Z,San Francisco,ai,2026-07-17
Context Corner: A Lunch Series,https://lu.ma/mem0-d589,2026-07-24T19:00:00.000Z,San Francisco,ai,2026-07-17
VCN #44: The Loop,https://lu.ma/vcn-44-the-loop,2026-07-25T17:00:00.000Z,San Francisco,ai,2026-07-17
Off the Record: AI Researchers Roundtable Chat w/ Dinner,https://lu.ma/o72f7h7g,2026-07-25T23:00:00.000Z,San Francisco,ai,2026-07-17
AM I? Doc Screening and Panel @ AGI-26,https://lu.ma/lzr8x8wp,2026-07-28T01:30:00.000Z,San Francisco,ai,2026-07-17
Physical AI and Robotics Meetup,https://lu.ma/isyfjno2,2026-07-29T00:00:00.000Z,San Francisco,ai,2026-07-17
Bayview Tech Lab: AI for Marketing and Social Media,https://lu.ma/5qcr5t8i,2026-07-30T00:00:00.000Z,San Francisco,ai,2026-07-17
Agent (After) Hour: Building Production Agents with Mastra + MongoDB,https://lu.ma/mastra-vulp,2026-07-30T01:00:00.000Z,San Francisco,ai,2026-07-17
"Legal AI Vibe Lab #4: Agents, Workflows, and the Future of Legal Work",https://lu.ma/legal-ai,2026-07-30T01:00:00.000Z,San Francisco,ai,2026-07-17
VCN #45: Bench,https://lu.ma/vcn-45-bench,2026-07-30T02:00:00.000Z,San Francisco,ai,2026-07-17
Builder Night,https://lu.ma/715ul99e,2026-07-31T00:30:00.000Z,San Francisco,ai,2026-07-17
Women Tech Meetup w/ThinkingAI,https://lu.ma/womentech-zku4,2026-07-31T00:30:00.000Z,San Francisco,ai,2026-07-17
Loop-fest: Show Off Your Best Loop,https://lu.ma/loop-fest,2026-07-31T02:30:00.000Z,San Francisco,ai,2026-07-17
VCN #46: Bake-Off,https://lu.ma/vcn-46-bake-off,2026-08-01T17:00:00.000Z,San Francisco,ai,2026-07-17
From AI User to AI Builder - Base44 x AI Collective (San Francisco),https://lu.ma/genai-0kgd,2026-08-07T01:00:00.000Z,San Francisco,ai,2026-07-17
AI x Fashion Coffee Club,https://lu.ma/xfbtidsx,2026-08-07T15:00:00.000Z,San Francisco,ai,2026-07-17
AI Healthtech Summit at AngelList,https://lu.ma/aihealthtechsf,2026-08-14T01:00:00.000Z,San Francisco,ai,2026-07-17
AI for Social Good | Open Atlas Hackathon 2026,https://lu.ma/s6pv7mw1,2026-08-21T16:00:00.000Z,San Francisco,ai,2026-07-17
/dev/color Bay Area Dinner & Discover,https://lu.ma/gpj2pa46,2026-08-22T01:00:00.000Z,San Francisco,ai,2026-07-17
AI 101 Series: The AI Back Office You Didn't Know You Had: A Working Session on Claude Skills,https://lu.ma/ol6y2exn,2026-08-27T01:00:00.000Z,San Francisco,ai,2026-07-17
Fine-Tuning Foundation Models in Biology,https://lu.ma/any73s3w,2026-08-27T23:00:00.000Z,San Francisco,ai,2026-07-17
Builder Meetup,https://lu.ma/a087yl89,2026-08-28T01:00:00.000Z,San Francisco,ai,2026-07-17
AI 101 Series: The AI Content Multiplication System: The Transcript-to-Content Pipeline,https://lu.ma/cljuw2ez,2026-09-24T01:00:00.000Z,San Francisco,ai,2026-07-17
NEAR Legion Build City: A.I. For You,https://lu.ma/near-mplp,2026-07-19T15:00:00.000Z,New York,ai,2026-07-17
Aqqrue x NJ CPAs: An Intimate Dinner,https://lu.ma/ew405cr6,2026-07-21T22:30:00.000Z,New York,ai,2026-07-17
CoClaude & CoWork NYC,https://lu.ma/8vzqt9ws,2026-07-22T15:00:00.000Z,New York,ai,2026-07-17
The Human Advantage: A Leadership Salon,https://lu.ma/h7g0dz3n,2026-07-22T22:00:00.000Z,New York,ai,2026-07-17
Claude Partner Certification — Study Group,https://lu.ma/claude-1,2026-07-23T22:00:00.000Z,New York,ai,2026-07-17
AI Bagels in the Park,https://lu.ma/4mh8obix,2026-07-28T13:00:00.000Z,New York,ai,2026-07-17
The Future of AI-Powered Commerce | Panel + Rooftop Party,https://lu.ma/ouhym807,2026-07-28T22:00:00.000Z,New York,ai,2026-07-17
AI Native DevCon NYC,https://lu.ma/aidevcon-nyc2026,2026-11-02T16:00:00.000Z,New York,ai,2026-07-17
"Your own AI agent, cocktails & friends",https://lu.ma/ibfxkzs3,2026-07-17T17:00:00.000Z,London,ai,2026-07-17
Axiometa x Anthropic: Hardware Hack,https://lu.ma/axiometa-ant,2026-07-18T09:00:00.000Z,London,ai,2026-07-17
AI Agents for Finance Teams Workshop,https://lu.ma/dust-x21s,2026-07-23T17:30:00.000Z,London,ai,2026-07-17
MCP Release Party,https://lu.ma/klu2tegz,2026-07-28T16:30:00.000Z,London,ai,2026-07-17
"Launch Event: Fashion Tech, AI & Luxury",https://lu.ma/1rpvft1g,2026-07-30T17:45:00.000Z,London,ai,2026-07-17
Agentic AI & Technology: Shaping the Future of Innovation,https://lu.ma/ntl-2is7,2026-08-04T17:30:00.000Z,London,ai,2026-07-17
Profound x Khosla Ventures | London GTM Recruiting Event,https://lu.ma/upwxdzwr,2026-08-19T17:30:00.000Z,London,ai,2026-07-17
AI Engineering Benchmarks: What Good Actually Looks Like,https://lu.ma/ib4a6bsy,2026-08-20T17:00:00.000Z,London,ai,2026-07-17
London | Claude Cyber Meetup,https://lu.ma/claude-1gof,2026-09-03T17:00:00.000Z,London,ai,2026-07-17
The Future of Finance Hackathon,https://lu.ma/8rcrfsii,2026-09-11T08:00:00.000Z,London,ai,2026-07-17
Fighting Fire with Fire: An Evening with Charlie Eriksen (Round II),https://lu.ma/fire-with-fire,2026-09-24T17:00:00.000Z,London,ai,2026-07-17
Kooku Breakfast Club Berlin,https://lu.ma/16fh6o27,2026-07-23T06:00:00.000Z,Berlin,ai,2026-07-17
Impact Sprint Lab Demo Day: 18 Startups. One Stage.,https://lu.ma/gmvhh9a0,2026-07-30T14:00:00.000Z,Berlin,ai,2026-07-17
Build your first app with AI in one evening,https://lu.ma/30jul-first-app,2026-07-30T16:00:00.000Z,Berlin,ai,2026-07-17
Drinks & AI: Free Live Demos + Austin Builder Networking,https://lu.ma/majg4f8p,2026-07-17T23:00:00.000Z,Austin,ai,2026-07-17
AI Against Trafficking: Awards & Networking,https://lu.ma/5rt0wmip,2026-07-30T22:30:00.000Z,Austin,ai,2026-07-17
Austin Robotics and AI August Meetup,https://lu.ma/86uxy4t3,2026-08-26T23:00:00.000Z,Austin,ai,2026-07-17
"B40 Bay Area - Coreboot, Intel ME, and Firmware Freedom",https://lu.ma/6de9uxxl,2026-07-19T02:00:00.000Z,San Francisco,tech,2026-07-18
⚽ World Cup Final Watch Party at primitive.space 🏆,https://lu.ma/p3u996v1,2026-07-19T18:30:00.000Z,San Francisco,tech,2026-07-18
3Cs Dinner,https://lu.ma/jyr195f3,2026-07-21T02:00:00.000Z,San Francisco,tech,2026-07-18
dy/dx X StartX Founder Barbecue,https://lu.ma/a2uscufo,2026-07-22T00:45:00.000Z,San Francisco,tech,2026-07-18
The Story That Raises the Round,https://lu.ma/ec2zoo94,2026-07-23T17:00:00.000Z,San Francisco,tech,2026-07-18
SF Security Padel Club - Week 6,https://lu.ma/3vp1y65o,2026-07-24T01:00:00.000Z,San Francisco,tech,2026-07-18
YC Female Founder: Painting & Wine Night,https://lu.ma/xhj3qxhb,2026-07-24T01:00:00.000Z,San Francisco,tech,2026-07-18
Photon GoKart Rally @ YC Startup School,https://lu.ma/ueokvzdw,2026-07-24T17:00:00.000Z,San Francisco,tech,2026-07-18
POW Bio Tour,https://lu.ma/0sidiue0,2026-07-24T22:00:00.000Z,San Francisco,tech,2026-07-18
Startup School Week: How to Break Into Startups,https://lu.ma/pxijn023,2026-07-24T23:00:00.000Z,San Francisco,tech,2026-07-18
The Orange Dinner — SF Edition,https://lu.ma/ds5ms3js,2026-07-30T01:00:00.000Z,San Francisco,tech,2026-07-18
Demo Night @ WorkOS (August),https://lu.ma/demo-night-aug2026,2026-08-06T00:30:00.000Z,San Francisco,tech,2026-07-18
Founding PM Circle (Aug),https://lu.ma/8yphddcn,2026-08-13T00:00:00.000Z,San Francisco,tech,2026-07-18
Fundraising Without the Finance Fire Drill: What Investors Actually Want to See,https://lu.ma/ms9h29fc,2026-08-14T01:00:00.000Z,San Francisco,tech,2026-07-18
TTR 17: Climate x DeepTech Ride!,https://lu.ma/gtt4kjt5,2026-08-18T22:00:00.000Z,San Francisco,tech,2026-07-18
Uplift Coffee Chats -IN PERSON EVENT,https://lu.ma/484rkj45,2026-07-20T21:30:00.000Z,New York,tech,2026-07-18
LONEWOLF TRAINING,https://lu.ma/jiozpkbe,2026-07-22T15:00:00.000Z,New York,tech,2026-07-18
UBS Rooftop Panel on Exit Regrets (ProperRoom NYC · Series A+),https://lu.ma/RooftopNYC,2026-07-28T21:30:00.000Z,New York,tech,2026-07-18
Inside Runway: NYC Industry Night,https://lu.ma/runway-i8gw,2026-07-29T22:00:00.000Z,New York,tech,2026-07-18
Junto Founder Dinner (Hosted by Andrew & Friends),https://lu.ma/juntodinnerjuly29,2026-07-29T22:00:00.000Z,New York,tech,2026-07-18
Legal Tech Meetup \ NYC \,https://lu.ma/6dguz901,2026-07-30T20:30:00.000Z,New York,tech,2026-07-18
UGLY TALK: WINNERS AND WIPEOUTS IN SOCIAL COMMERCE,https://lu.ma/g6rqflqi,2026-07-31T22:00:00.000Z,New York,tech,2026-07-18
Tribeca Club Brunch,https://lu.ma/d2et7349,2026-08-04T13:30:00.000Z,New York,tech,2026-07-18
Analytics Accelerator - Student Meetup,https://lu.ma/tswq87re,2026-08-05T22:30:00.000Z,New York,tech,2026-07-18
Pepper NYC - Healthcare Data - Meetup 26Q3,https://lu.ma/s3kb9lnn,2026-08-13T22:00:00.000Z,New York,tech,2026-07-18
Seed-Series A Founder Happy Hour: Building Teams That Scale,https://lu.ma/73qk4rd7,2026-08-19T22:30:00.000Z,New York,tech,2026-07-18
"Entrepreneurs Roundtable 217 - New York City’s Longest-Running Startup Event Series, Since 2007",https://lu.ma/bquh8hwu,2026-09-08T22:00:00.000Z,New York,tech,2026-07-18
Cyberdeck Workshop (New York),https://lu.ma/l3i92gm0,2026-09-15T22:00:00.000Z,New York,tech,2026-07-18
"Entrepreneurs Roundtable 220 - New York City’s Longest-Running Startup Event Series, Since 2007",https://lu.ma/c1i4jncl,2026-12-01T23:00:00.000Z,New York,tech,2026-07-18
Lightdash Summer Social,https://lu.ma/a9ax1zku,2026-08-06T17:00:00.000Z,London,tech,2026-07-18
Marketplace leaders community: Talks on the Thames,https://lu.ma/owbywrqi,2026-09-03T11:30:00.000Z,London,tech,2026-07-18
🇩🇪 Berlin (Germany) - Pangea Product Hunt Launch,https://lu.ma/lzia01ml,2026-08-06T17:00:00.000Z,Berlin,tech,2026-07-18
Startup Social Run,https://lu.ma/znbytlg5,2026-08-10T16:00:00.000Z,Berlin,tech,2026-07-18
"Taller de Difusión de Resultados: “Diseño modular y estandarizado de biopartes de ADN utilizando Biología Sintética""",https://lu.ma/wp22siau,2026-08-07T14:00:00.000Z,Lima,tech,2026-07-18
Texas Defense Tech Happy Hour,https://lu.ma/9utlszqp,2026-08-17T22:30:00.000Z,Austin,tech,2026-07-18
Code For Community - Austin,https://lu.ma/4ux9en8z,2026-08-18T23:00:00.000Z,Austin,tech,2026-07-18
Trail Talks #7,https://lu.ma/38nxdkzl,2026-11-13T14:00:00.000Z,Austin,tech,2026-07-18
Stop AI Meeting Berkeley,https://lu.ma/lp97mpyr,2026-07-20T01:00:00.000Z,San Francisco,ai,2026-07-18
An Evening with OpenMax · The AI That Replaced 80% of Our Team,https://lu.ma/cocoai-ssmw,2026-07-21T01:00:00.000Z,San Francisco,ai,2026-07-18
Ramp FDE Demo Night,https://lu.ma/dd6l16tf,2026-07-22T01:00:00.000Z,San Francisco,ai,2026-07-18
Supper Series: Mexican Night,https://lu.ma/seldon-o5z6,2026-07-22T01:30:00.000Z,San Francisco,ai,2026-07-18
GTM Hackathon,https://lu.ma/fws97saj,2026-07-23T00:00:00.000Z,San Francisco,ai,2026-07-18
Forward Deployed: The State of Computer Use Agents,https://lu.ma/xfx7c4nw,2026-07-23T01:00:00.000Z,San Francisco,ai,2026-07-18
Designing the Future with Talok Capital and Friends.,https://lu.ma/talok-xkgp,2026-07-24T00:00:00.000Z,San Francisco,ai,2026-07-18
The Inference Layer w/ A16z & Dell Ventures Fireside Chat @Tesla | Panel + Chat for AI Infrastructure Builders,https://lu.ma/A16z-Dell-AI-Infra,2026-07-24T00:00:00.000Z,San Francisco,ai,2026-07-18
"AI Infra Builders Meetup with dstack, Crusoe, and SGLang",https://lu.ma/rxsn0u0h,2026-07-24T00:30:00.000Z,San Francisco,ai,2026-07-18
"Post-Singularity Speakeasy (hosted by 500 Global, Zendesk, CRED)",https://lu.ma/abei7rst,2026-07-25T01:00:00.000Z,San Francisco,ai,2026-07-18
The AI Trust: Compliance as Competitive Advantage,https://lu.ma/spa3uzsn,2026-07-25T18:00:00.000Z,San Francisco,ai,2026-07-18
For the First Time Ever: Siamak & Babak Hodjat — Live,https://lu.ma/xtf6v2bx,2026-07-25T18:30:00.000Z,San Francisco,ai,2026-07-18
CrewAI Studio Hackathon,https://lu.ma/2cxt88n4,2026-07-26T16:00:00.000Z,San Francisco,ai,2026-07-18
Breaking Models AI Security,https://lu.ma/9k49dno7,2026-07-26T21:30:00.000Z,San Francisco,ai,2026-07-18
Samba Sessions: AI x Advertising,https://lu.ma/samba-ev38,2026-07-29T01:30:00.000Z,San Francisco,ai,2026-07-18
Bay Area Drug Safety Meetup,https://lu.ma/x8s86vgl,2026-07-31T01:00:00.000Z,San Francisco,ai,2026-07-18
Score & Pour: The AI Ecosystem Happy Hour,https://lu.ma/kh7opvpz,2026-07-31T01:30:00.000Z,San Francisco,ai,2026-07-18
Gen&Juice - San Francisco Summer,https://lu.ma/bw2q8rbz,2026-07-31T02:00:00.000Z,San Francisco,ai,2026-07-18
AI Founder Coffee Chat #2｜AI 创业深度交流,https://lu.ma/8dksfghy,2026-08-02T21:00:00.000Z,San Francisco,ai,2026-07-18
AI After Hours,https://lu.ma/s914p2p7,2026-08-05T00:00:00.000Z,San Francisco,ai,2026-07-18
"AI 101 Series: Vibe Code to Live: Ship a Real Product with AI, No Technical Skills Required",https://lu.ma/amli74w8,2026-08-06T01:00:00.000Z,San Francisco,ai,2026-07-18
AI Workshop: Getting Started with OpenClaw,https://lu.ma/aug-openclaw-workshop,2026-08-10T20:00:00.000Z,San Francisco,ai,2026-07-18
AI x GTM Growth Breakfast,https://lu.ma/growthcafe-august2026,2026-08-13T15:30:00.000Z,San Francisco,ai,2026-07-18
☕️ Codex Community Meetup-San Francisco #9,https://lu.ma/anq7lf5m,2026-08-26T00:00:00.000Z,San Francisco,ai,2026-07-18
Max AI Private Practice Advisory Board (Dinner),https://lu.ma/s26-adboard-dinner-aad,2026-07-18T22:30:00.000Z,New York,ai,2026-07-18
Chinatown ARcade Invitation-only Pop Up,https://lu.ma/qo8kwbja,2026-07-19T15:00:00.000Z,New York,ai,2026-07-18
AI Cohort Communal Lunch,https://lu.ma/tavern-9tmm,2026-07-20T16:30:00.000Z,New York,ai,2026-07-18
CryptoGal: First Look,https://lu.ma/5syp59a7,2026-07-23T13:00:00.000Z,New York,ai,2026-07-18
BlueDot X Collider Ice Cream Social,https://lu.ma/bluedot-05px,2026-07-23T22:00:00.000Z,New York,ai,2026-07-18
AI & The Culture IRL | Build Your AI Dream Team,https://lu.ma/byenazd2,2026-07-27T21:30:00.000Z,New York,ai,2026-07-18
Girlie Pops Who VibeCode,https://lu.ma/pdgxo9by,2026-07-27T22:00:00.000Z,New York,ai,2026-07-18
OpenArt Presents: The Creative AI Exchange,https://lu.ma/d48ns2vb,2026-07-28T16:00:00.000Z,New York,ai,2026-07-18
Agentic Economy Meetup: How AI Agents Pay With AgentCash and USDC,https://lu.ma/r248b9dv,2026-07-29T22:30:00.000Z,New York,ai,2026-07-18
Hyperstition: Alternate AI Futures with RAD Collective,https://lu.ma/xgpqhv2t,2026-07-30T22:00:00.000Z,New York,ai,2026-07-18
Vibe Coding for Designers Meetup,https://lu.ma/6dcuvend,2026-08-05T21:30:00.000Z,New York,ai,2026-07-18
OpenAI Build Week Community Hackathon - London,https://lu.ma/codex-hack-ldn,2026-07-18T09:00:00.000Z,London,ai,2026-07-18
Claude Masterclass | Automate Your Work,https://lu.ma/claude-automate-your-work,2026-07-21T08:30:00.000Z,London,ai,2026-07-18
"Gigaton After Hours | Industrial AI, Pizza & Spikeball",https://lu.ma/4cxqf0td,2026-07-29T17:00:00.000Z,London,ai,2026-07-18
AI Movie Club x Ghost In The Shell (1995),https://lu.ma/q7p2esdx,2026-07-30T17:00:00.000Z,London,ai,2026-07-18
一人公司创业者 Demo Night | Audience报名页,https://lu.ma/rpr029hr,2026-08-06T17:00:00.000Z,London,ai,2026-07-18
一人公司创业者 Demo Night | Founder Demo报名页,https://lu.ma/3ls2bwhw,2026-08-06T17:00:00.000Z,London,ai,2026-07-18
"The New Standard: a talk with Raycast, Notion, and OpenAI",https://lu.ma/ld6dbhi3,2026-08-13T17:00:00.000Z,London,ai,2026-07-18
LLM Mastery Spotlight,https://lu.ma/li6j5rq3,2026-08-25T13:00:00.000Z,London,ai,2026-07-18
"Executive Dinner: Rip and Replace, or Wrap and Renew? The Modernisation Dilemma",https://lu.ma/cj9s1vp4,2026-09-16T17:00:00.000Z,London,ai,2026-07-18
AI Enthusiasts - Tech: The Return of the Fable,https://lu.ma/6t9ww4sk,2026-07-20T17:00:00.000Z,Berlin,ai,2026-07-18
"CIMC X Foresight Institute Salon: Selfhood in Distributed, Self-Organizing Systems",https://lu.ma/3ojjfb61,2026-07-23T16:00:00.000Z,Berlin,ai,2026-07-18
DVC Data & AI Lunch Meetup Berlin July,https://lu.ma/i9ka05cj,2026-07-24T10:30:00.000Z,Berlin,ai,2026-07-18
Getting European AI Right - with Europe 2031 Co-author Dr. Philip Fox,https://lu.ma/ehhkm7xg,2026-08-03T16:30:00.000Z,Berlin,ai,2026-07-18
Devin Lima Meetup,https://lu.ma/6fk03o23,2026-08-08T14:00:00.000Z,Lima,ai,2026-07-18
"Health2Tech Austin August 26, 2026",https://lu.ma/8wanqgnb,2026-08-26T22:30:00.000Z,Austin,ai,2026-07-18
SF Tech Founders — FIFA World Cup Final Watch Even — Reverse Network Meet,https://lu.ma/staaake-y5a5,2026-07-19T18:00:00.000Z,San Francisco,tech,2026-07-19
Pool Party BBQ | Open Sauce,https://lu.ma/cjabvzb7,2026-07-19T23:30:00.000Z,San Francisco,tech,2026-07-19
Chess Night: Andera x Browserbase Bughouse Tournament,https://lu.ma/ur1nm7a2,2026-07-24T01:30:00.000Z,San Francisco,tech,2026-07-19
SummerSync@CanyonCode,https://lu.ma/1r78g9wz,2026-07-25T00:00:00.000Z,San Francisco,tech,2026-07-19
The California Peptide Club IV,https://lu.ma/californiapeptideclub4,2026-07-25T01:00:00.000Z,San Francisco,tech,2026-07-19
New Venture Formation,https://lu.ma/ane6jhtt,2026-07-29T01:00:00.000Z,San Francisco,tech,2026-07-19
founders dinner,https://lu.ma/myk77hfo,2026-08-02T02:00:00.000Z,San Francisco,tech,2026-07-19
Demo Night @ WorkOS (September),https://lu.ma/demo-night-sept2026,2026-09-15T00:30:00.000Z,San Francisco,tech,2026-07-19
Uplift Coffee Chats -IN PERSON EVENT,https://lu.ma/9gvf5pkb,2026-07-27T21:30:00.000Z,New York,tech,2026-07-19
🏵️ Folk Computer July Open House,https://lu.ma/vk6nnzl5,2026-07-29T22:00:00.000Z,New York,tech,2026-07-19
UGLY TALK: HOW BRANDS ARE RETHINKING RETURNS WITHOUT KILLING CUSTOMER TRUST,https://lu.ma/y6xhbhc7,2026-08-13T22:30:00.000Z,New York,tech,2026-07-19
Startup Pitch & Networking in NYC Manhattan,https://lu.ma/8116vrk0,2026-09-02T22:00:00.000Z,New York,tech,2026-07-19
Group Office Hours with Anand & Rajeev,https://lu.ma/8tx8wyc6,2026-07-19T12:00:00.000Z,London,tech,2026-07-19
The Inner Board Meeting – a dinner with female founders,https://lu.ma/6ntgakk2,2026-07-22T18:00:00.000Z,London,tech,2026-07-19
Canopy Co-Working Day,https://lu.ma/canopy-co-work-day,2026-07-23T08:00:00.000Z,London,tech,2026-07-19
Design Engineering Night #9,https://lu.ma/hnw44qxn,2026-07-30T17:00:00.000Z,London,tech,2026-07-19
Lenny’s Newsletter Meetup in London (with free drinks courtesy of Matic),https://lu.ma/e6d0nzge,2026-07-30T17:00:00.000Z,London,tech,2026-07-19
"BioTech, Pharma & HealthTech Networking for Founders & Professionals",https://lu.ma/ntl-tkjh,2026-08-04T17:30:00.000Z,London,tech,2026-07-19
AlgoLush,https://lu.ma/czm4h4oa,2026-08-17T18:00:00.000Z,London,tech,2026-07-19
QDA Forum 2026,https://lu.ma/qda2026,2026-10-01T08:00:00.000Z,London,tech,2026-07-19
Endorphins & Exchanges – Founders Co-work & Run,https://lu.ma/m64b8qqi,2026-07-20T07:00:00.000Z,Berlin,tech,2026-07-19
Desi Creators & Community Builders Meetup 🌞,https://lu.ma/sq9lujug,2026-07-23T16:00:00.000Z,Berlin,tech,2026-07-19
build fridays berlin,https://lu.ma/2jdk2zbf,2026-07-31T14:00:00.000Z,Berlin,tech,2026-07-19
Demo Day - Nucleo Innova,https://lu.ma/q43ys8lm,2026-07-20T19:00:00.000Z,Lima,tech,2026-07-19
MASTER LEAD,https://lu.ma/yxfqqyn0,2026-07-21T14:30:00.000Z,Lima,tech,2026-07-19
Wine Taste Like a Somm (founders),https://lu.ma/whkqrlrw,2026-07-29T22:00:00.000Z,Austin,tech,2026-07-19
🎉 FIESTA,https://lu.ma/q2qubtfl,2026-09-15T22:30:00.000Z,Austin,tech,2026-07-19
Workshop 2: Make it Real,https://lu.ma/iddxtbow,2026-08-01T22:30:00.000Z,San Francisco,ai,2026-07-19
Workshop 3: Automate Your Life,https://lu.ma/e1oyglqq,2026-08-08T22:30:00.000Z,San Francisco,ai,2026-07-19
AI 101 Series: The One-Person AI Design Studio: Run Your Entire Brand on Claude Design,https://lu.ma/j4bfzroa,2026-08-13T01:00:00.000Z,San Francisco,ai,2026-07-19
Workshop 4: Build to Sell,https://lu.ma/nkz4txq6,2026-08-15T22:30:00.000Z,San Francisco,ai,2026-07-19
"NetSuite UG: When ERPs aren’t built for Agentic AI, what are your options?",https://lu.ma/b10ljxlb,2026-08-20T00:00:00.000Z,San Francisco,ai,2026-07-19
Workshop 5: Ship It,https://lu.ma/cg5mwhes,2026-08-23T22:30:00.000Z,San Francisco,ai,2026-07-19
Ignite Talks @ The AI Conference 2026,https://lu.ma/tzsufkl6,2026-10-01T02:00:00.000Z,San Francisco,ai,2026-07-19
The Gathering at Fraunces Tavern,https://lu.ma/1l80bsfh,2026-07-23T22:00:00.000Z,New York,ai,2026-07-19
Can AI Be Conscious In Ohio? (Austin Smith & Heather Alexander) + Q&A + Networking,https://lu.ma/39hob8hh,2026-07-22T18:00:00.000Z,London,ai,2026-07-19
"Hot Girls, Cool Tech | After 5 drinks",https://lu.ma/yy9ih5xi,2026-07-23T17:00:00.000Z,London,ai,2026-07-19
Principia - Theoretical Model Organism for Alignment (Jin Hwa Lee),https://lu.ma/zpxh8ip4,2026-08-13T14:00:00.000Z,London,ai,2026-07-19
"Wispr Flow × Futura House: Voice, Breath and the Human Side of AI",https://lu.ma/futura-wispr,2026-07-24T16:00:00.000Z,Berlin,ai,2026-07-19
commIT Berlin,https://lu.ma/py25js8q,2026-07-31T17:00:00.000Z,Berlin,ai,2026-07-19
Agentic AI Show-and-Tell (founders),https://lu.ma/acs6nu4x,2026-07-28T14:30:00.000Z,Austin,ai,2026-07-19
ATX Builders Meetup #24,https://lu.ma/w9dfmt19,2026-07-30T22:30:00.000Z,Austin,ai,2026-07-19
Georgian Tech Meetup SF 🇬🇪,https://lu.ma/rt4mof6i,2026-07-23T01:30:00.000Z,San Francisco,tech,2026-07-20
"MENA Founder Dinner w Sprinto, Deel, and Viaka",https://lu.ma/fd_sprinto_viaka,2026-07-24T00:30:00.000Z,San Francisco,tech,2026-07-20
"BlueRobins Mentor Lab 🧺 Picnic, July 25",https://lu.ma/bluerobinsmentorlab,2026-07-25T21:00:00.000Z,San Francisco,tech,2026-07-20
Lexi + elaichi + bio founders,https://lu.ma/h31n51wz,2026-07-30T22:00:00.000Z,San Francisco,tech,2026-07-20
SF ·YC Founders Hike + Dinner,https://lu.ma/okv470a6,2026-08-01T22:00:00.000Z,San Francisco,tech,2026-07-20
PEF Defense Tech Dinner,https://lu.ma/m3g03aox,2026-08-12T01:30:00.000Z,San Francisco,tech,2026-07-20
Venture Capital: How The *Sausage* Gets Made (with Artisanal Heritage Sausage),https://lu.ma/db51vdcn,2026-07-22T21:30:00.000Z,New York,tech,2026-07-20
GTM Engineer Lab NY Dinner,https://lu.ma/k635mzp8,2026-07-22T22:30:00.000Z,New York,tech,2026-07-20
Founders & Friends,https://lu.ma/gvn4irbt,2026-07-23T22:00:00.000Z,New York,tech,2026-07-20
Lychee's Startup Games Night,https://lu.ma/xf8jxg9u,2026-08-05T17:00:00.000Z,London,tech,2026-07-20
Mayfair Wellness Meet,https://lu.ma/mvssd2nw,2026-09-02T16:00:00.000Z,London,tech,2026-07-20
Female Founders Breakfast: Berlin,https://lu.ma/md9z14g3,2026-07-25T08:00:00.000Z,Berlin,tech,2026-07-20
"Leap Monthly Breakfast: Connect, Pitch & Innovate ☕️",https://lu.ma/ipylneug,2026-07-28T08:00:00.000Z,Berlin,tech,2026-07-20
FOUNDA MET x The Delta - Curated Cofounder Dating #5,https://lu.ma/1y3a0cs3,2026-07-28T16:30:00.000Z,Berlin,tech,2026-07-20
Deep Tech Night: Quantum & Photonics,https://lu.ma/iwroh3uo,2026-08-27T15:00:00.000Z,Berlin,tech,2026-07-20
DroneAid Berlin Workshop - 29 August 2026,https://lu.ma/n6g4i1dv,2026-08-29T10:00:00.000Z,Berlin,tech,2026-07-20
Founders Inc: Open Campus Tuesday,https://lu.ma/open-campus-11,2026-07-22T00:00:00.000Z,San Francisco,ai,2026-07-20
Fundraising AMA - How I raised $15M for 6 startups from 140+ investors—even though 4 of the startups were in “not hot” categories,https://lu.ma/sfvibehouse-fundraising,2026-07-23T01:00:00.000Z,San Francisco,ai,2026-07-20
Keenan Pepper (AE Studio) | Trained SelfIE: like Activation Oracles but you train only an affine map,https://lu.ma/mox-kspa,2026-07-24T02:00:00.000Z,San Francisco,ai,2026-07-20
AI Nerd Meet Up,https://lu.ma/kdgxf1fs,2026-07-29T01:00:00.000Z,San Francisco,ai,2026-07-20
AI Breakfast @ Tesla hosted by Founders Bay x You.com,https://lu.ma/2fb07dnm,2026-07-29T17:00:00.000Z,San Francisco,ai,2026-07-20
"Qualcomm x Zetic: AI Services, Models, & Hardware Meetup",https://lu.ma/i3evxecn,2026-07-31T00:00:00.000Z,San Francisco,ai,2026-07-20
AI Builders Pitch Night @ Brex,https://lu.ma/137rkbuc,2026-07-31T00:30:00.000Z,San Francisco,ai,2026-07-20
The Future of Knowledge Work,https://lu.ma/8d3cu58d,2026-07-31T01:30:00.000Z,San Francisco,ai,2026-07-20
SF Devtools Drinkup,https://lu.ma/drinkup-f26,2026-10-03T01:00:00.000Z,San Francisco,ai,2026-07-20
Prolific x AI Circle: Private Frontier Eval Dinner [NYC],https://lu.ma/v2gi0dm4,2026-07-22T22:30:00.000Z,New York,ai,2026-07-20
The 3x AE: Selling at AI Speed (NYC),https://lu.ma/r58qzw0f,2026-08-05T22:30:00.000Z,New York,ai,2026-07-20
AI Circle: London Happy Hour,https://lu.ma/e6n8aiqj,2026-07-22T17:30:00.000Z,London,ai,2026-07-20
Fundraising for Physical AI: How VCs evaluate startups,https://lu.ma/0hkplvr0,2026-07-23T17:30:00.000Z,London,ai,2026-07-20
UNKNW x Metaview Design Leaders Ship on Saturday.,https://lu.ma/l2a4m6r5,2026-08-01T09:30:00.000Z,London,ai,2026-07-20
Where AI is earning its keep in experience led hospitality - and where it's still overpromising,https://lu.ma/ef9ji0zm,2026-09-24T08:00:00.000Z,London,ai,2026-07-20
Construye una DApp con NoahAI,https://lu.ma/dc6xlhnv,2026-08-01T14:00:00.000Z,Lima,ai,2026-07-20
Community Lunch - Bring a Lunch and Join Us!,https://lu.ma/st398vlj,2026-07-21T19:00:00.000Z,San Francisco,tech,2026-07-21
Scrappy sessions,https://lu.ma/hdfxpp9p,2026-07-22T00:30:00.000Z,San Francisco,tech,2026-07-21
JPMorgan Innovation Economy Connect @ Park Padel,https://lu.ma/fitm9i74,2026-07-22T23:45:00.000Z,San Francisco,tech,2026-07-21
Thursday Communi-tea @ The Fold SF: Apollo Innovation Commons x Human Flourishing,https://lu.ma/f2u8o6ej,2026-07-23T19:00:00.000Z,San Francisco,tech,2026-07-21
Lexi @ Long Bridge,https://lu.ma/kgq9er83,2026-07-23T20:00:00.000Z,San Francisco,tech,2026-07-21
Build From The Dock: Energy Is a Founder’s Most Valuable Resource,https://lu.ma/jesx5u7h,2026-07-24T00:00:00.000Z,San Francisco,tech,2026-07-21
Founders Inc: Open Campus Thursday,https://lu.ma/open-campus-12,2026-07-24T00:00:00.000Z,San Francisco,tech,2026-07-21
SF Comma Summer Hangout,https://lu.ma/7u4yqf1n,2026-07-24T01:00:00.000Z,San Francisco,tech,2026-07-21
Founding Engineer Trivia Bowl,https://lu.ma/tpbdps6d,2026-07-24T02:30:00.000Z,San Francisco,tech,2026-07-21
The Consumer Playbook Exchange for Cracked Marketers in SF,https://lu.ma/fyvhu16l,2026-07-24T15:30:00.000Z,San Francisco,tech,2026-07-21
Building For Doctors 101,https://lu.ma/7eyx3e6t,2026-07-24T23:00:00.000Z,San Francisco,tech,2026-07-21
Founders Gatherings,https://lu.ma/gaeeosir,2026-07-24T23:00:00.000Z,San Francisco,tech,2026-07-21
Builders who Run SF — 5K,https://lu.ma/msdw1eg4,2026-07-25T16:00:00.000Z,San Francisco,tech,2026-07-21
European Sundays in SF #2,https://lu.ma/sytdq6dh,2026-07-26T22:00:00.000Z,San Francisco,tech,2026-07-21
Corgi Coffee Co-op,https://lu.ma/5w78yjyy,2026-07-27T18:00:00.000Z,San Francisco,tech,2026-07-21
CBS VC HH - SF Edition,https://lu.ma/40awvlsu,2026-07-29T00:30:00.000Z,San Francisco,tech,2026-07-21
GTM Strategy with Sam Blond,https://lu.ma/monaco-sushiandsales,2026-07-30T01:00:00.000Z,San Francisco,tech,2026-07-21
Built Different: Auth0 x Stripe Hackathon,https://lu.ma/builtdifferent-auth0-stripe,2026-07-30T19:00:00.000Z,San Francisco,tech,2026-07-21
Bootstrapped: Karthik Ravi,https://lu.ma/bootstrapped,2026-07-31T00:00:00.000Z,San Francisco,tech,2026-07-21
Late Night C.H.I.P Sessions,https://lu.ma/frzdck41,2026-07-31T01:00:00.000Z,San Francisco,tech,2026-07-21
V11 Seminar Series | Financing the Nuclear Energy Buildout,https://lu.ma/1oal28z8,2026-07-31T01:00:00.000Z,San Francisco,tech,2026-07-21
Yale Hacker House Finale,https://lu.ma/sa2k7wlg,2026-07-31T21:00:00.000Z,San Francisco,tech,2026-07-21
SoMA Manufacturing-Tech BBQ,https://lu.ma/pwp19v9g,2026-07-31T22:00:00.000Z,San Francisco,tech,2026-07-21
Atlantic @ e2vc: Summer After Dark,https://lu.ma/chc750ix,2026-08-01T04:00:00.000Z,San Francisco,tech,2026-07-21
VR Film & Embodied Discussion @ Gray Area,https://lu.ma/5ivf8y7y,2026-08-02T21:30:00.000Z,San Francisco,tech,2026-07-21
Nemo SoMa Launch Party: The Future of Hardware & Global Supply Chain ⚙️,https://lu.ma/c8gcn5kl,2026-08-06T01:30:00.000Z,San Francisco,tech,2026-07-21
Deep Tech + Cyber Dinner,https://lu.ma/sgxjzuj9,2026-08-12T01:00:00.000Z,San Francisco,tech,2026-07-21
IB Pitch & Pints 🎤🍻☕️,https://lu.ma/ibpp-pitchandpints1,2026-08-13T01:00:00.000Z,San Francisco,tech,2026-07-21
"TechWalk | San Francisco, 8/15",https://lu.ma/z0tulhes,2026-08-15T17:00:00.000Z,San Francisco,tech,2026-07-21
NTU in SV Demo Day,https://lu.ma/j5eczqkk,2026-08-18T01:00:00.000Z,San Francisco,tech,2026-07-21
"Fintech Networking. Connections, Conversations & Cocktails",https://lu.ma/9uccg3ke,2026-08-21T00:00:00.000Z,San Francisco,tech,2026-07-21
GP & LP Meetup Happy Hour @ The Art of San Francisco,https://lu.ma/xnsoq1me,2026-08-21T00:00:00.000Z,San Francisco,tech,2026-07-21
TiE Mumbai's Tech Delegation to USA,https://lu.ma/66mgp93d,2026-09-28T15:00:00.000Z,San Francisco,tech,2026-07-21
Korean Tech-based Companies Expanding to Global_TechCrunch USA,https://lu.ma/lv49ml4w,2026-10-14T16:30:00.000Z,San Francisco,tech,2026-07-21
"DON'T WORK FOR FREE! Navigating Contract Gigs, Rev Share & IP in Game Dev",https://lu.ma/tjzaf4fu,2026-07-22T23:00:00.000Z,New York,tech,2026-07-21
Soma's Summer Happy Hour,https://lu.ma/e7cp12bw,2026-07-22T23:30:00.000Z,New York,tech,2026-07-21
🌿 Healthtech Spritz 🍊,https://lu.ma/46wupxmg,2026-07-23T21:30:00.000Z,New York,tech,2026-07-21
Inside Tik Tok Shop US,https://lu.ma/47ex38b1,2026-07-23T22:00:00.000Z,New York,tech,2026-07-21
Pasta Making Party w/ Corgi and Allora,https://lu.ma/k8n2066r,2026-07-23T22:30:00.000Z,New York,tech,2026-07-21
Founder Coffee Meet,https://lu.ma/nl1d2wmt,2026-07-24T13:00:00.000Z,New York,tech,2026-07-21
"Greenpoint FOOD AND SHOP CRAWL - Founders, Creatives, Builders, Researchers, Supporters",https://lu.ma/she8wgzz,2026-07-25T16:00:00.000Z,New York,tech,2026-07-21
Tech Girl Walk NYC,https://lu.ma/osjda5d1,2026-07-26T15:30:00.000Z,New York,tech,2026-07-21
Startup Friends - Yoga & Chill w/ Mobius,https://lu.ma/satori-icaw,2026-07-26T17:00:00.000Z,New York,tech,2026-07-21
NYC Tech Poker @ SPC ($1/$1),https://lu.ma/jnoj83cs,2026-07-27T23:00:00.000Z,New York,tech,2026-07-21
Zo Meets Shopify Part 1: Marketing,https://lu.ma/zk35c9cd,2026-07-28T22:00:00.000Z,New York,tech,2026-07-21
All In Podcast Unofficial NYC Meetup,https://lu.ma/w5169ms0,2026-07-29T22:30:00.000Z,New York,tech,2026-07-21
Founder x Investor Boxing Club,https://lu.ma/8rw6tgx6,2026-07-29T23:00:00.000Z,New York,tech,2026-07-21
NYC Startup Pickleball Meetup #6,https://lu.ma/rls5p9u8,2026-07-30T00:00:00.000Z,New York,tech,2026-07-21
Speed Networking powered by ALINE Matchmaking,https://lu.ma/anwar-2ot5,2026-07-31T00:00:00.000Z,New York,tech,2026-07-21
Brits in Tech - Coffee Meet,https://lu.ma/5htfnadg,2026-07-31T13:00:00.000Z,New York,tech,2026-07-21
NYC Startup Pickleball Meetup #7,https://lu.ma/bwdbmz8r,2026-08-04T00:00:00.000Z,New York,tech,2026-07-21
Open Play x Viam,https://lu.ma/wgbwbdvm,2026-08-04T16:00:00.000Z,New York,tech,2026-07-21
Zo Meets Shopify Part 2: Sales,https://lu.ma/trtvvqtd,2026-08-04T22:00:00.000Z,New York,tech,2026-07-21
Investor & Founder Dinner,https://lu.ma/8u9i1z3y,2026-08-05T22:00:00.000Z,New York,tech,2026-07-21
Net Gains: A Founder Pickleball Social,https://lu.ma/ah9fmz8d,2026-08-05T22:00:00.000Z,New York,tech,2026-07-21
RE-Newlab,https://lu.ma/ipmw6rxp,2026-08-06T20:00:00.000Z,New York,tech,2026-07-21
Creating Interactive Fiction in Twine,https://lu.ma/rppxsupp,2026-08-06T22:00:00.000Z,New York,tech,2026-07-21
New York EVO Ventures | For Accredited Investors Only 🍸,https://lu.ma/snomjcsq,2026-08-13T23:00:00.000Z,New York,tech,2026-07-21
New York 2026 Venture Capital World Summit,https://lu.ma/tgowrd4a,2026-09-30T17:00:00.000Z,New York,tech,2026-07-21
Newspeak House Co-working Day - Jul 24 - Drawing Room,https://lu.ma/ozlimegk,2026-07-24T08:00:00.000Z,London,tech,2026-07-21
The Human Horizon Series,https://lu.ma/gkwsti34,2026-07-24T08:00:00.000Z,London,tech,2026-07-21
Dust - A Morning for High Performers,https://lu.ma/dust-pv6d,2026-07-28T07:30:00.000Z,London,tech,2026-07-21
[VIRTUAL] 2026 Amazon Sustainability Accelerator Demo Day,https://lu.ma/lxr66h7l,2026-07-28T14:00:00.000Z,London,tech,2026-07-21
Tech & Tonic at the Oval,https://lu.ma/m2t344so,2026-07-29T14:00:00.000Z,London,tech,2026-07-21
"London, Reconciled: A Rillet Happy Hour",https://lu.ma/rillet-ydjm,2026-08-04T16:30:00.000Z,London,tech,2026-07-21
London Startups Operator RunClub & Social,https://lu.ma/wvnb0yoz,2026-08-04T18:00:00.000Z,London,tech,2026-07-21
Systematising the Best Office Experience to Uphold Commercial Portfolio Value - Roundtable,https://lu.ma/7laujwa4,2026-09-09T14:15:00.000Z,London,tech,2026-07-21
Scale Up Europe! London Discovery Session,https://lu.ma/1q3ou4r1,2026-09-24T08:30:00.000Z,London,tech,2026-07-21
ClickHouse London Meetup,https://lu.ma/clickh-ykgp,2026-10-21T16:30:00.000Z,London,tech,2026-07-21
Open Coworking Day 🌿,https://lu.ma/o2fh7nfo,2026-07-23T07:00:00.000Z,Berlin,tech,2026-07-21
Meet the Machines,https://lu.ma/e8pi9xq8,2026-07-27T16:00:00.000Z,Berlin,tech,2026-07-21
Investing in civic infrastructure,https://lu.ma/ztxd9cgb,2026-08-04T16:00:00.000Z,Berlin,tech,2026-07-21
Coworking with Childcare - A Summer Session for Founder Parents,https://lu.ma/v7guhiv7,2026-08-11T07:00:00.000Z,Berlin,tech,2026-07-21
"Leap Open Office Day: Co-Working, Coffee & Quantum Vibes",https://lu.ma/jfkv45au,2026-08-13T08:00:00.000Z,Berlin,tech,2026-07-21
Business Strategic Lab -By Repensar,https://lu.ma/tam86dx1,2026-08-08T01:00:00.000Z,Lima,tech,2026-07-21
Open Coworking,https://lu.ma/wggtfl40,2026-07-21T15:00:00.000Z,Austin,tech,2026-07-21
The Decade Ahead,https://lu.ma/osffvtq0,2026-07-22T01:00:00.000Z,San Francisco,ai,2026-07-21
pAIthon Meetup,https://lu.ma/n5b8eay6,2026-07-22T01:30:00.000Z,San Francisco,ai,2026-07-21
Scrappy AI Founders Go Karting (seed to series A),https://lu.ma/513fkz7g,2026-07-23T00:30:00.000Z,San Francisco,ai,2026-07-21
"The Sovereign Enterprise: AI, Risk & Control",https://lu.ma/the-godf,2026-07-23T00:30:00.000Z,San Francisco,ai,2026-07-21
Build Your First AI Teammate - Open Registration,https://lu.ma/o0mhz5r1,2026-07-23T01:00:00.000Z,San Francisco,ai,2026-07-21
Future Of Conversational AI: Private Dinner With Fish Audio,https://lu.ma/nyht3gue,2026-07-24T02:00:00.000Z,San Francisco,ai,2026-07-21
Agent CTOs Fireside Chat | YC Startup School,https://lu.ma/4c67jnyj,2026-07-24T22:00:00.000Z,San Francisco,ai,2026-07-21
Build your AI Organization Workshop,https://lu.ma/guides-g0nw,2026-07-25T01:00:00.000Z,San Francisco,ai,2026-07-21
Hacker's Book Club,https://lu.ma/dqe672jm,2026-07-25T01:00:00.000Z,San Francisco,ai,2026-07-21
The Reve Hackathon,https://lu.ma/1ihgxqvm,2026-07-25T20:00:00.000Z,San Francisco,ai,2026-07-21
YC Startup School Afterparty: Founder Hot Pot,https://lu.ma/mtwf2nth,2026-07-26T01:00:00.000Z,San Francisco,ai,2026-07-21
Denoising the Noise (ML for Bio) Journal Club,https://lu.ma/l72tuoav,2026-07-28T23:00:00.000Z,San Francisco,ai,2026-07-21
MCP V2 RELEASE EVENT,https://lu.ma/iqs73qmu,2026-07-29T00:30:00.000Z,San Francisco,ai,2026-07-21
"Intelligence in the Open — Edition 01: Reasoning, Evaluation & Long-Horizon Agents",https://lu.ma/w61gmib2,2026-07-29T01:00:00.000Z,San Francisco,ai,2026-07-21
"""Spark Session: Build Night"" — a hands-on AI build event in Palo Alto",https://lu.ma/aiggb4qv,2026-07-29T01:00:00.000Z,San Francisco,ai,2026-07-21
ALICE Labs - Chez Panisse Private Dinner,https://lu.ma/qqsaoh0w,2026-08-01T03:30:00.000Z,San Francisco,ai,2026-07-21
AI Builders Basketball Tournament | .local Build Fest Week,https://lu.ma/7x50iban,2026-08-02T20:30:00.000Z,San Francisco,ai,2026-07-21
The AI Native Workforce Hackathon,https://lu.ma/buildclub-ua0n,2026-08-04T01:00:00.000Z,San Francisco,ai,2026-07-21
🧬 Inflection #002 — Health: AI's last problem w/ Omri Drory,https://lu.ma/inflection002,2026-08-06T00:30:00.000Z,San Francisco,ai,2026-07-21
Heritage as a Compass: Navigating Change Across 4 Generations Ft. Uli Maybach,https://lu.ma/Maybach1,2026-08-07T00:00:00.000Z,San Francisco,ai,2026-07-21
"Move Fast, Mean It: An Evening for Product Leaders (SF)",https://lu.ma/fi1qhcyq,2026-08-12T00:00:00.000Z,San Francisco,ai,2026-07-21
Founders Build Day: An afternoon of building for Early-Stage Founders (SF),https://lu.ma/kfouoxdq,2026-08-12T20:00:00.000Z,San Francisco,ai,2026-07-21
Agentic + AI Observability Meetup SF,https://lu.ma/Agentic_AI_8-12,2026-08-13T00:00:00.000Z,San Francisco,ai,2026-07-21
Building the AI-Native Startup Stack,https://lu.ma/aug14_ainative,2026-08-14T20:00:00.000Z,San Francisco,ai,2026-07-21
Agentic AI Hackathon 2 .0,https://lu.ma/0m4kvzm8,2026-08-20T16:00:00.000Z,San Francisco,ai,2026-07-21
"The New Builders: Megaprojects, Startups, and the World We’re Building",https://lu.ma/i97piz7y,2026-08-21T02:00:00.000Z,San Francisco,ai,2026-07-21
🌉 FTW: San Francisco | Sept 29–Oct 1,https://lu.ma/FTW_SF26,2026-09-29T17:00:00.000Z,San Francisco,ai,2026-07-21
Extraordinary Women in Tech/AI & Leadership Summit 2026,https://lu.ma/9bndbe9u,2026-10-01T20:00:00.000Z,San Francisco,ai,2026-07-21
Founders Breakfast: GTM Strategy’s & Tactics Leveraging AI,https://lu.ma/7e13v9p7,2026-07-22T13:00:00.000Z,New York,ai,2026-07-21
The New York IP Circle,https://lu.ma/o7q4sb83,2026-07-22T15:30:00.000Z,New York,ai,2026-07-21
Building Agents Workshop,https://lu.ma/filament-9dg1,2026-07-22T18:00:00.000Z,New York,ai,2026-07-21
New York | Claude Conversation,https://lu.ma/claude-5cbt,2026-07-24T22:00:00.000Z,New York,ai,2026-07-21
Databases for the People: How to use AI to unlock library archives,https://lu.ma/aboard-p9g1,2026-07-28T22:00:00.000Z,New York,ai,2026-07-21
The Day the Bot Broke the Backend | 8th New York QA Meetup,https://lu.ma/ttt-ny-0726,2026-07-28T22:00:00.000Z,New York,ai,2026-07-21
Distilled x Hyde: Post-Training & Prosecco,https://lu.ma/82uk0k30,2026-07-30T21:30:00.000Z,New York,ai,2026-07-21
2026 IBM Storage Scale NYC User Group Event,https://lu.ma/g5qdoh65,2026-09-14T12:30:00.000Z,New York,ai,2026-07-21
Startup Lab x Specialist Briefings: AI Innovation vs. Regulation - Is the UK Falling Behind or Playing it Safe?,https://lu.ma/hypbskyo,2026-07-22T16:30:00.000Z,London,ai,2026-07-21
Build AI Agents For SEO/GEO: Hack Night (6–9pm),https://lu.ma/4r3ufkny,2026-07-30T17:00:00.000Z,London,ai,2026-07-21
视觉 AI：从技术突破到全球产品｜Fotor × CBAIA,https://lu.ma/6rjsq00k,2026-08-01T13:00:00.000Z,London,ai,2026-07-21
Leading engineering when AI writes the code,https://lu.ma/8cfzesjj,2026-08-05T17:30:00.000Z,London,ai,2026-07-21
First Concepts Creative Sprint 3.0,https://lu.ma/knwqys43,2026-09-17T17:00:00.000Z,London,ai,2026-07-21
The Winner Takes It All - Can AI design life that beats nature?,https://lu.ma/m37mk27k,2026-07-22T17:00:00.000Z,Berlin,ai,2026-07-21
Touch Weights - Continual Learning Hack,https://lu.ma/0fgouohr,2026-08-01T08:00:00.000Z,Berlin,ai,2026-07-21
AI Builders Berlin,https://lu.ma/berlin-aug18,2026-08-18T15:30:00.000Z,Berlin,ai,2026-07-21
AI Adoption Executive Club #2,https://lu.ma/55f2uhsq,2026-09-01T12:00:00.000Z,Berlin,ai,2026-07-21
Women's AI Breakfast - Hypergrowth Playbook,https://lu.ma/womens-ai-breakfast-32,2026-09-08T07:00:00.000Z,Berlin,ai,2026-07-21
BERLIN SEO & Content Club #13 x BONIAL,https://lu.ma/6nvvmzy1,2026-09-09T16:00:00.000Z,Berlin,ai,2026-07-21
Mirai Tech City: Let's Build Biotech in Japan.,https://lu.ma/jgmfo654,2026-07-23T23:00:00.000Z,Austin,ai,2026-07-21
Claude Code Walk,https://lu.ma/organized-ozb6,2026-07-25T15:00:00.000Z,Austin,ai,2026-07-21
Full Lifecycle AI Software Teams Meetup,https://lu.ma/563dzwzo,2026-07-28T23:30:00.000Z,Austin,ai,2026-07-21
Product’s Done. Where’s Revenue?,https://lu.ma/yne05y9k,2026-07-22T21:00:00.000Z,San Francisco,tech,2026-07-22
Calvanize Summer Founder Showcase,https://lu.ma/bg3x6rty,2026-07-23T21:00:00.000Z,San Francisco,tech,2026-07-22
ACCELR8 | Board Game Night @ The Game Parlour,https://lu.ma/accelr8-s69w,2026-07-24T01:00:00.000Z,San Francisco,tech,2026-07-22
Honest Feedback,https://lu.ma/k7mets0i,2026-07-24T19:30:00.000Z,San Francisco,tech,2026-07-22
Founders Guide To San Francisco,https://lu.ma/4y341ygz,2026-07-24T21:00:00.000Z,San Francisco,tech,2026-07-22
"SF Builders Shabbat, hosted with Bria.ai",https://lu.ma/vpgduset,2026-07-25T02:00:00.000Z,San Francisco,tech,2026-07-22
How to make a baby | a computational theatre performance by Halim Madi,https://lu.ma/howbaby,2026-07-25T21:00:00.000Z,San Francisco,tech,2026-07-22
Anything But Names: a Sonder × Lemma afterparty,https://lu.ma/wmw6rnmh,2026-07-26T01:00:00.000Z,San Francisco,tech,2026-07-22
Canadian YC Founders Showcase @ Startup School,https://lu.ma/8sf0hjs0,2026-07-26T01:00:00.000Z,San Francisco,tech,2026-07-22
Chips & Chips: Wafer x YC Startup School Poker Night,https://lu.ma/wafer-s6dv,2026-07-26T01:00:00.000Z,San Francisco,tech,2026-07-22
new aesthetics,https://lu.ma/newaesthetics,2026-07-26T01:00:00.000Z,San Francisco,tech,2026-07-22
Greeks in SF. 🇬🇷,https://lu.ma/f7evbh16,2026-07-26T22:00:00.000Z,San Francisco,tech,2026-07-22
Founder DJ Party,https://lu.ma/yp4xhswa,2026-07-27T02:30:00.000Z,San Francisco,tech,2026-07-22
Build Night - Visions of the Post-Labor Future,https://lu.ma/5ppe7yap,2026-07-29T01:30:00.000Z,San Francisco,tech,2026-07-22
STEM Connect Social,https://lu.ma/STEMconnectsocial,2026-07-30T00:00:00.000Z,San Francisco,tech,2026-07-22
"Tech Teams Today Fireside Chat with Webflow CEO, Linda Tong - San Francisco",https://lu.ma/revelo-san-francisco-072926,2026-07-30T01:30:00.000Z,San Francisco,tech,2026-07-22
Spiderman: Brand New Day — Early Screening,https://lu.ma/6zktrhvw,2026-07-31T00:00:00.000Z,San Francisco,tech,2026-07-22
DATA STRUCTURES & ALGORITHMS STUDY GROUP,https://lu.ma/gp7e27fr,2026-07-31T01:30:00.000Z,San Francisco,tech,2026-07-22
Parallax Angels 001 — An Afternoon at the Water Temple,https://lu.ma/roicnpmq,2026-07-31T21:00:00.000Z,San Francisco,tech,2026-07-22
Process Technology Leaders Network - invite only,https://lu.ma/owow-8fk3,2026-08-01T00:00:00.000Z,San Francisco,tech,2026-07-22
Between Reality and the Impossible | Speculative Everything book club,https://lu.ma/se8,2026-08-04T02:00:00.000Z,San Francisco,tech,2026-07-22
Antler SF Summer Portfolio Founder + Friends Mixer x Google Cloud,https://lu.ma/antlerus-c9he,2026-08-05T00:30:00.000Z,San Francisco,tech,2026-07-22
IB Founder-First Series #3: The Art of the MVP,https://lu.ma/ib-founderfirst-3,2026-08-05T01:00:00.000Z,San Francisco,tech,2026-07-22
Unicorn Battle in Silicon Valley,https://lu.ma/oiep9efx,2026-08-07T00:00:00.000Z,San Francisco,tech,2026-07-22
"The SF Grind: Founder, Investor, & Operator Mixer",https://lu.ma/ul3khcc7,2026-08-13T01:30:00.000Z,San Francisco,tech,2026-07-22
SF Finance Society Night - Investors Only,https://lu.ma/hdjuih84,2026-08-14T03:00:00.000Z,San Francisco,tech,2026-07-22
On the Green (Aug),https://lu.ma/ottt8jwr,2026-08-15T18:30:00.000Z,San Francisco,tech,2026-07-22
CFOs on the Bay: A Private Yacht Excursion,https://lu.ma/g1pezx04,2026-08-21T17:30:00.000Z,San Francisco,tech,2026-07-22
Gateway Open House,https://lu.ma/dfa9ijka,2026-08-25T21:00:00.000Z,San Francisco,tech,2026-07-22
☀️VC Summer Happy Hour,https://lu.ma/jprwidfw,2026-08-25T23:30:00.000Z,San Francisco,tech,2026-07-22
Sec Nerds - August 2026,https://lu.ma/j4faq4n4,2026-08-27T01:00:00.000Z,San Francisco,tech,2026-07-22
Speculative Everything Showcase,https://lu.ma/speculative,2026-08-27T02:00:00.000Z,San Francisco,tech,2026-07-22
DevHouse 70,https://lu.ma/m5n0024z,2026-08-29T20:00:00.000Z,San Francisco,tech,2026-07-22
"Going, Going… Growth: Giants vs. Cardinals, hosted by Stifel Venture Banking",https://lu.ma/9gszqbq8,2026-09-09T01:45:00.000Z,San Francisco,tech,2026-07-22
Storytelling Masterclass for Founders,https://lu.ma/zakltbhk,2026-07-22T22:00:00.000Z,New York,tech,2026-07-22
Inkle x Razorpay x Leadbeam: Founders Meetup,https://lu.ma/inkle-3t14,2026-07-23T22:00:00.000Z,New York,tech,2026-07-22
Ship 'N Run: a run club for founders and builders,https://lu.ma/techun-vpx1,2026-07-24T11:00:00.000Z,New York,tech,2026-07-22
NYC Founders & Operators: Build Session,https://lu.ma/czkznl3g,2026-07-24T17:30:00.000Z,New York,tech,2026-07-22
The NYC Nexus Mixer - July Edition @ PI Apparel's Fashion Tech Show,https://lu.ma/ytpg96ji,2026-07-27T22:00:00.000Z,New York,tech,2026-07-22
"FOUNDER X INVESTOR ""COFFEE HOURS""",https://lu.ma/yn4xsovx,2026-07-28T13:00:00.000Z,New York,tech,2026-07-22
Scout Supper (July),https://lu.ma/ujiq82ep,2026-07-28T22:00:00.000Z,New York,tech,2026-07-22
Building a $100M Company: An Evening with Saad Alam & Ankur Nagpal,https://lu.ma/saadankur,2026-07-29T21:30:00.000Z,New York,tech,2026-07-22
From Cart to Shelf,https://lu.ma/rkqc0nug,2026-07-29T22:00:00.000Z,New York,tech,2026-07-22
Growth Mafia: NYC Summer Mixer 🌆 ☀️,https://lu.ma/59hl1wba,2026-07-29T22:00:00.000Z,New York,tech,2026-07-22
NYC Founders & Operators: Rooftop Drinks,https://lu.ma/tfk1qoin,2026-07-29T22:30:00.000Z,New York,tech,2026-07-22
consumer conversations: founder night,https://lu.ma/jt52gnmr,2026-07-29T23:30:00.000Z,New York,tech,2026-07-22
Matcha & Pastries for Founders,https://lu.ma/k1hmgv1r,2026-07-30T21:30:00.000Z,New York,tech,2026-07-22
Scout Screener: The Odyssey,https://lu.ma/q798tfag,2026-07-30T21:30:00.000Z,New York,tech,2026-07-22
Capital & Cocktails: LP x GP Reception,https://lu.ma/o1gxn6kf,2026-07-30T22:00:00.000Z,New York,tech,2026-07-22
"Data Salon: Systems Thinking, part 2",https://lu.ma/19shd6at,2026-08-11T22:30:00.000Z,New York,tech,2026-07-22
Cafe Cursor New York City,https://lu.ma/8e1o9zs3,2026-08-12T14:00:00.000Z,New York,tech,2026-07-22
Ukrainian Tech Meetup v.19,https://lu.ma/baetq9b6,2026-08-19T22:00:00.000Z,New York,tech,2026-07-22
NYC Commerce Club Champions Dinner,https://lu.ma/sept26CC,2026-09-16T22:30:00.000Z,New York,tech,2026-07-22
tldraw offline hack night,https://lu.ma/tldraw-i7d1,2026-07-29T17:00:00.000Z,London,tech,2026-07-22
Climate Coffee London,https://lu.ma/7rfuoqha,2026-07-30T07:30:00.000Z,London,tech,2026-07-22
TechGames Poker Tournament #7- London,https://lu.ma/kyijl62y,2026-07-30T17:00:00.000Z,London,tech,2026-07-22
DeepTech London SUMMER LAUNCH PARTY,https://lu.ma/5shy09z4,2026-07-30T18:00:00.000Z,London,tech,2026-07-22
Newspeak House Co-working Day - Jul 31,https://lu.ma/ep5nf6wr,2026-07-31T08:00:00.000Z,London,tech,2026-07-22
Black in Tech: Beyond the data,https://lu.ma/tmjypswe,2026-08-05T16:30:00.000Z,London,tech,2026-07-22
Campaign Lab Summer Hack Night!,https://lu.ma/2gla0phh,2026-08-17T18:00:00.000Z,London,tech,2026-07-22
"Hult Prize 2026: Pitch Day at Ashridge House, UK",https://lu.ma/t6yd76xx,2026-08-21T08:00:00.000Z,London,tech,2026-07-22
Web Summit Happy Hour🥂 Berlin,https://lu.ma/di34zigx,2026-07-23T16:00:00.000Z,Berlin,tech,2026-07-22
Napkin Sketch Pitching with SINGA & AiDiA,https://lu.ma/by0yrpmv,2026-08-08T11:30:00.000Z,Berlin,tech,2026-07-22
"BERLIndians x Berlin: Monthly Meet for founders, operators & investors",https://lu.ma/zlcx6qbb,2026-08-13T16:00:00.000Z,Berlin,tech,2026-07-22
The Non-Dilutive Funding Roadmap: from Pre-Seed to Series B,https://lu.ma/c6m7mm5b,2026-10-14T14:30:00.000Z,Berlin,tech,2026-07-22
LA DECANATRÓN UNMSM 2,https://lu.ma/h86j8avw,2026-10-30T16:00:00.000Z,Lima,tech,2026-07-22
Co-Working Day at Antler!,https://lu.ma/4z7indc3,2026-07-22T13:00:00.000Z,Austin,tech,2026-07-22
Austin Launch Live,https://lu.ma/hrsmcuno,2026-08-06T22:00:00.000Z,Austin,tech,2026-07-22
PEF Austin Monthly Breakfast #27 - August Edition (Every 1st Friday),https://lu.ma/pef-austin-breakfast,2026-08-07T14:00:00.000Z,Austin,tech,2026-07-22
Austin JavaScript Meetup,https://lu.ma/zryeg7ob,2026-08-18T23:00:00.000Z,Austin,tech,2026-07-22
🎉 FIESTA,https://lu.ma/26ts01bn,2026-08-25T22:30:00.000Z,Austin,tech,2026-07-22
Austin Ecommerce Leaders Coffee,https://lu.ma/x1t5a0xy,2026-09-10T13:30:00.000Z,Austin,tech,2026-07-22
Austin Female Founders & Friends,https://lu.ma/el67g68i,2026-10-16T13:30:00.000Z,Austin,tech,2026-07-22
"Prompt to Production: AI Builders, Secure Code & Agent Skills Workshop",https://lu.ma/w60dlf9f,2026-07-24T01:00:00.000Z,San Francisco,ai,2026-07-22
"The Origins of Neural Scaling Laws, with Surya Ganguli",https://lu.ma/h7mi5mrn,2026-07-24T01:30:00.000Z,San Francisco,ai,2026-07-22
Agents at Work: Brunch on the Rooftop,https://lu.ma/z9fubbi9,2026-07-24T17:30:00.000Z,San Francisco,ai,2026-07-22
community dinner: staying human in the age of AI agents,https://lu.ma/a70q0s2e,2026-07-25T00:00:00.000Z,San Francisco,ai,2026-07-22
Vibe Night Demos (#21),https://lu.ma/sfvibehouse,2026-07-25T01:00:00.000Z,San Francisco,ai,2026-07-22
YC Startup School After Party with Roboflow,https://lu.ma/bzdn8lr2,2026-07-26T01:00:00.000Z,San Francisco,ai,2026-07-22
Vibe Coding Cafe,https://lu.ma/892es1xa,2026-07-26T17:00:00.000Z,San Francisco,ai,2026-07-22
Touch Grass & Walk in the Park,https://lu.ma/leverage-z19v,2026-07-27T00:30:00.000Z,San Francisco,ai,2026-07-22
"Startup School Afterparty | by Vercel, Warp, Reducto, and Browserbase",https://lu.ma/browse-l2aj,2026-07-27T01:00:00.000Z,San Francisco,ai,2026-07-22
Silicon Valley Physical AI Builders July,https://lu.ma/f0h02szk,2026-07-27T22:30:00.000Z,San Francisco,ai,2026-07-22
AI × Health Happy Hour at Esther Wojcicki’s,https://lu.ma/15w0x4wn,2026-07-28T23:30:00.000Z,San Francisco,ai,2026-07-22
Physical AI over Coffee - Palo Alto,https://lu.ma/uxf409wl,2026-07-29T01:00:00.000Z,San Francisco,ai,2026-07-22
Emergent Builders & Bites. Open House EP1,https://lu.ma/zjc6w3tp,2026-07-30T01:00:00.000Z,San Francisco,ai,2026-07-22
✨Bay Area Voice AI Night,https://lu.ma/seamate-voiceai730,2026-07-31T00:00:00.000Z,San Francisco,ai,2026-07-22
"Pax Silica Dinner – SF, 30 July",https://lu.ma/pax-silica-3,2026-07-31T01:00:00.000Z,San Francisco,ai,2026-07-22
AI Control and Security Experts Dinner,https://lu.ma/xy4u291d,2026-07-31T02:00:00.000Z,San Francisco,ai,2026-07-22
Berkeley Agentic Summit Happy Hour,https://lu.ma/berkeley_sbc2026,2026-08-02T00:30:00.000Z,San Francisco,ai,2026-07-22
Software Design & Philosophy Club - Meetup #3,https://lu.ma/3kskgurw,2026-08-06T00:00:00.000Z,San Francisco,ai,2026-07-22
ODSC AI x Snowflake: Build an AI Agent in <60 Min | SF,https://lu.ma/odscai-imyl,2026-08-07T01:00:00.000Z,San Francisco,ai,2026-07-22
Korea's Next Move in AI,https://lu.ma/2g9kdx8p,2026-08-09T00:00:00.000Z,San Francisco,ai,2026-07-22
San Francisco. AI × Design Creative Picnic,https://lu.ma/prjctr-m24c,2026-08-09T18:00:00.000Z,San Francisco,ai,2026-07-22
Frontier Day: Building an AGI-Pilled Company,https://lu.ma/frontier-day-sf,2026-08-12T20:00:00.000Z,San Francisco,ai,2026-07-22
Mistral Catfe Coworking,https://lu.ma/mistral-summer-catfe-sf,2026-08-20T19:00:00.000Z,San Francisco,ai,2026-07-22
The Future of Open Source Science: Panel + Networking Happy Hour,https://lu.ma/k3fqgqcx,2026-08-27T00:30:00.000Z,San Francisco,ai,2026-07-22
AI-Native FinTech Happy Hour — Comma Capital x Revamp x Valyu,https://lu.ma/54j0xlqu,2026-07-22T22:30:00.000Z,New York,ai,2026-07-22
VC Happy Hour With Soma Capital,https://lu.ma/4dlnnkgo,2026-07-22T23:30:00.000Z,New York,ai,2026-07-22
Informationbanker Fintech & AI networking walk,https://lu.ma/cb6r434l,2026-07-26T19:00:00.000Z,New York,ai,2026-07-22
What to Build: Navigating Deep Tech in the Age of AI,https://lu.ma/osqvqpg7,2026-07-28T21:00:00.000Z,New York,ai,2026-07-22
AI After 5: NYC Monthly Mixer,https://lu.ma/mixer-nyc,2026-07-29T22:15:00.000Z,New York,ai,2026-07-22
Pogo Dinner Series: From Transactions to Insights: AI + Purchase-Verified Data,https://lu.ma/h2orvodk,2026-07-29T23:00:00.000Z,New York,ai,2026-07-22
PMAI: GTM Symposium,https://lu.ma/nrfqvjzl,2026-07-30T22:00:00.000Z,New York,ai,2026-07-22
"Po-Shen Loh | Raise A Thought Full Generation in the Age of AI | Millburn, NJ",https://lu.ma/rqxzfaca,2026-07-30T22:45:00.000Z,New York,ai,2026-07-22
Brand Futures with Notion + Ramp,https://lu.ma/5svift48,2026-08-04T22:00:00.000Z,New York,ai,2026-07-22
Yoga & AI @ Equinox Bond Street,https://lu.ma/equinox-nyc,2026-08-06T22:30:00.000Z,New York,ai,2026-07-22
AI Founders Supper Club (Hosted by The AI Furnace),https://lu.ma/11knizqn,2026-08-25T22:00:00.000Z,New York,ai,2026-07-22
Per My Last... AI in CS: What's Actually Working,https://lu.ma/qr2nf5k7,2026-08-27T22:00:00.000Z,New York,ai,2026-07-22
Pioneers: Build your own agent,https://lu.ma/sanity-pwc9,2026-09-08T19:00:00.000Z,New York,ai,2026-07-22
Vibe Coding Voice Agents w/ Replit,https://lu.ma/hwd6fnwt,2026-07-28T18:00:00.000Z,London,ai,2026-07-22
London | Claude Conversation Impact Lab,https://lu.ma/claude-impact-london,2026-07-30T13:00:00.000Z,London,ai,2026-07-22
OpenSourceIRL v1.2.0,https://lu.ma/cy8qk6qo,2026-07-31T17:00:00.000Z,London,ai,2026-07-22
Off the Record: An Evening at Spring,https://lu.ma/light-exec-dinner-aug26,2026-08-04T17:00:00.000Z,London,ai,2026-07-22
Superlinked X Qwen Hackathon,https://lu.ma/3ssiuf0l,2026-08-14T07:30:00.000Z,London,ai,2026-07-22
Anthemis Summer AI Series,https://lu.ma/gz5fluwm,2026-08-19T17:00:00.000Z,London,ai,2026-07-22
ACT Berlin #7 (AI Coworking Tuesday),https://lu.ma/mxdw3akr,2026-07-28T07:30:00.000Z,Berlin,ai,2026-07-22
MCP Release Party,https://lu.ma/2ceed3cp,2026-07-28T22:30:00.000Z,Austin,ai,2026-07-22
Claude Workshop · Austin,https://lu.ma/3xe581ds,2026-07-31T14:00:00.000Z,Austin,ai,2026-07-22
Austin GILD AI Forum x Tecla: AI and Engineering Leaders Dinner,https://lu.ma/GILD24,2026-08-11T23:00:00.000Z,Austin,ai,2026-07-22
Rust Meetup,https://lu.ma/eecg6o8p,2026-07-24T02:00:00.000Z,San Francisco,tech,2026-07-23
YC Application Review Night,https://lu.ma/mhqxh6z0,2026-07-25T01:00:00.000Z,San Francisco,tech,2026-07-23
JacHacks Pre-Hackathon Party,https://lu.ma/1atub69i,2026-07-25T02:00:00.000Z,San Francisco,tech,2026-07-23
Nowadays Presents: YC Startup School Afterparty,https://lu.ma/g560wlbu,2026-07-26T01:00:00.000Z,San Francisco,tech,2026-07-23
YC Startup School | Day 2 Run,https://lu.ma/ycschool-run-722,2026-07-26T14:00:00.000Z,San Francisco,tech,2026-07-23
WeAreDevelopers Community Hike,https://lu.ma/y41x3x7x,2026-07-26T19:00:00.000Z,San Francisco,tech,2026-07-23
YC Reject Camp Showcase | Presented by Paradigm,https://lu.ma/x9fo4o39,2026-07-27T02:00:00.000Z,San Francisco,tech,2026-07-23
scrappy sessions,https://lu.ma/7lhjec3b,2026-07-29T00:30:00.000Z,San Francisco,tech,2026-07-23
Future Visuals Bay Area Open Lab,https://lu.ma/r766w8ir,2026-07-29T01:00:00.000Z,San Francisco,tech,2026-07-23
after hours: a happy hour for san francisco's creatives and founders,https://lu.ma/ntcqcq2v,2026-07-30T00:30:00.000Z,San Francisco,tech,2026-07-23
YC S26 Laser Tag,https://lu.ma/j1x0xf7t,2026-07-31T02:15:00.000Z,San Francisco,tech,2026-07-23
2nd Linux Kernel and eBPF Meetup,https://lu.ma/ic6639ja,2026-08-01T02:00:00.000Z,San Francisco,tech,2026-07-23
"3rd Health Alliance - Intro, Network, Partner, Innovate",https://lu.ma/mcsz83vh,2026-08-03T17:30:00.000Z,San Francisco,tech,2026-07-23
CMU T & E South Bay Summer Happy Hour,https://lu.ma/6bdty9mo,2026-08-07T01:00:00.000Z,San Francisco,tech,2026-07-23
GTM strategy dinner with Monaco,https://lu.ma/monaco-closedwon3,2026-08-07T01:30:00.000Z,San Francisco,tech,2026-07-23
Robots & Sake,https://lu.ma/5spumz2h,2026-08-12T00:00:00.000Z,San Francisco,tech,2026-07-23
How to get press without a PR agency,https://lu.ma/jxgyqzt7,2026-08-13T00:30:00.000Z,San Francisco,tech,2026-07-23
Leaders Lab,https://lu.ma/tciabkrh,2026-08-14T01:00:00.000Z,San Francisco,tech,2026-07-23
GLITCHED - Women in Game Dev Meetup - Inspired Design and Informed Marketing,https://lu.ma/yc002d5k,2026-08-20T01:00:00.000Z,San Francisco,tech,2026-07-23
Inspiring Founders Meetup,https://lu.ma/radi8-r71l,2026-08-20T21:00:00.000Z,San Francisco,tech,2026-07-23
🔗 Founder Peer Group Meetup - The Scaling Paradox,https://lu.ma/wr7xewwo,2026-08-27T00:00:00.000Z,San Francisco,tech,2026-07-23
NYC Founders: Paint & Sip,https://lu.ma/xp791k3o,2026-07-24T23:00:00.000Z,New York,tech,2026-07-23
Coffee Chats with Inngest,https://lu.ma/inngest-ugl5,2026-07-29T12:00:00.000Z,New York,tech,2026-07-23
"Wednesday Coworking - Founders, Builders, Creatives, Researchers, and Supporters",https://lu.ma/6d8kbygu,2026-07-29T13:30:00.000Z,New York,tech,2026-07-23
Solo Founders: Find Your People and Build What's Next,https://lu.ma/1as1q456,2026-07-30T22:00:00.000Z,New York,tech,2026-07-23
Queer People Doing Cool Shit on the Internet,https://lu.ma/3b31e86r,2026-07-30T22:30:00.000Z,New York,tech,2026-07-23
Founders Friday by Neo,https://lu.ma/eraudq1p,2026-07-31T14:00:00.000Z,New York,tech,2026-07-23
"the medium, message, and machine",https://lu.ma/m37coslr,2026-08-04T21:00:00.000Z,New York,tech,2026-07-23
UGLY TALK: CREATORS AND BRANDS OPEN MIC & MIXER,https://lu.ma/i0xrk9jm,2026-08-04T22:30:00.000Z,New York,tech,2026-07-23
Tribeca Club Mixer,https://lu.ma/njwi7haw,2026-08-11T22:00:00.000Z,New York,tech,2026-07-23
Women in Tech 2026 Investor Forum,https://lu.ma/8iqxrq86,2026-08-12T20:00:00.000Z,New York,tech,2026-07-23
Founders Basketball New York City (Aug 2026),https://lu.ma/7g2xpuob,2026-08-12T23:00:00.000Z,New York,tech,2026-07-23
Decide: A Business of Your Own,https://lu.ma/icxfdmuv,2026-08-25T22:00:00.000Z,New York,tech,2026-07-23
"TechWalk | Brooklyn, 8/29",https://lu.ma/2on9rvjh,2026-08-29T16:00:00.000Z,New York,tech,2026-07-23
StartupExperts NYC: People Leaders Dinner,https://lu.ma/people-leaders-dinner,2026-09-03T23:00:00.000Z,New York,tech,2026-07-23
Table,https://lu.ma/5qbnnv06,2026-09-16T13:00:00.000Z,New York,tech,2026-07-23
Kintsugi for Infrastructure; A Climate Week NYC Morning Forum,https://lu.ma/9apmhf9l,2026-09-23T12:30:00.000Z,New York,tech,2026-07-23
Coffee Break with Gamma,https://lu.ma/gamma-july28,2026-07-28T13:00:00.000Z,London,tech,2026-07-23
"Data on tap - the social event for Data professionals, by Astrato Analytics 🍸🍺",https://lu.ma/57pe9fn2,2026-07-28T17:00:00.000Z,London,tech,2026-07-23
Climate Tech Time,https://lu.ma/zy3p3nps,2026-07-29T17:00:00.000Z,London,tech,2026-07-23
Sweat Equity Part 5 - real networking in a sauna,https://lu.ma/ixhe9bdp,2026-07-30T06:45:00.000Z,London,tech,2026-07-23
Startup Agony Aunt Clinic,https://lu.ma/iq7jvpe9,2026-07-30T11:30:00.000Z,London,tech,2026-07-23
How to make smarter angel investments. Silicon Valley vs UK.,https://lu.ma/wn2fn4ec,2026-07-30T17:00:00.000Z,London,tech,2026-07-23
London Startups Operator RunClub & Social,https://lu.ma/b2jku862,2026-08-18T18:00:00.000Z,London,tech,2026-07-23
London Biotech Boulderers,https://lu.ma/5jkxy477,2026-09-04T16:30:00.000Z,London,tech,2026-07-23
How to build product organisations that last,https://lu.ma/k7rv0z7k,2026-09-23T16:00:00.000Z,London,tech,2026-07-23
Endorphins & Exchanges – Founders Co-work & Run,https://lu.ma/kyui9h1e,2026-07-27T07:00:00.000Z,Berlin,tech,2026-07-23
Beer Nuts by PB&J: August Edition,https://lu.ma/8sokwvmy,2026-08-04T16:30:00.000Z,Berlin,tech,2026-07-23
Founders Co-working Day with Kazuna Yamamoto,https://lu.ma/cku4wkw2,2026-08-12T07:30:00.000Z,Berlin,tech,2026-07-23
Founder's Legal Essentials: Building a Solid Legal Foundation,https://lu.ma/j5hssvu2,2026-08-12T14:00:00.000Z,Berlin,tech,2026-07-23
App Founders Happy Hour · Berlin,https://lu.ma/superwall-hh-berlin,2026-08-27T17:30:00.000Z,Berlin,tech,2026-07-23
Founders After Five,https://lu.ma/bydhr7l5,2026-07-30T22:00:00.000Z,Austin,tech,2026-07-23
Out in Tech Austin: August Mixer,https://lu.ma/t5moxy94,2026-08-19T00:00:00.000Z,Austin,tech,2026-07-23
Austin International Founders Meetup (Vol. 08),https://lu.ma/nrakzzzm,2026-08-27T23:30:00.000Z,Austin,tech,2026-07-23
🎉 FIESTA Round Rock,https://lu.ma/yav0sfg0,2026-09-09T21:00:00.000Z,Austin,tech,2026-07-23
Open World Hackathon: building the future of physical AI,https://lu.ma/ttc3tp9d,2026-07-25T16:00:00.000Z,San Francisco,ai,2026-07-23
Personal Branding Round Table in AI Era,https://lu.ma/43sue6gn,2026-07-25T18:30:00.000Z,San Francisco,ai,2026-07-23
She Nicest Hackathon Pop-up|The Bay Area,https://lu.ma/ch1xw5jf,2026-07-25T20:30:00.000Z,San Francisco,ai,2026-07-23
Agent-Native Founders Pitch & Mingle,https://lu.ma/sm6t19mc,2026-07-25T23:00:00.000Z,San Francisco,ai,2026-07-23
Recursive Self Improvement for AI Agents - Hack,https://lu.ma/en4yjmyr,2026-07-26T17:00:00.000Z,San Francisco,ai,2026-07-23
Legacy Lounge Palo Alto: The Capital Playbook,https://lu.ma/rpgkq6qp,2026-07-29T00:00:00.000Z,San Francisco,ai,2026-07-23
AI Infra Sellers Meetup #5,https://lu.ma/hdpzwrnu,2026-07-29T00:30:00.000Z,San Francisco,ai,2026-07-23
Enterprise AI Meetup - LTMs and Structured Data,https://lu.ma/pgni1ixx,2026-07-29T00:30:00.000Z,San Francisco,ai,2026-07-23
Agentic AI Kickoff Happy Hour | Hosted by Centific x AI Circle,https://lu.ma/7bm1ej4o,2026-07-30T01:30:00.000Z,San Francisco,ai,2026-07-23
Agentic Happy Hour with GitKraken,https://lu.ma/m7lqzial,2026-07-30T01:30:00.000Z,San Francisco,ai,2026-07-23
IREN AI Social,https://lu.ma/4yta9i2j,2026-07-31T00:00:00.000Z,San Francisco,ai,2026-07-23
ALICE Labs - Chez Panisse Private Dinner,https://lu.ma/fpk4g0f6,2026-07-31T00:30:00.000Z,San Francisco,ai,2026-07-23
The Private Table: Robotics Founders Dinner @ SBC,https://lu.ma/TPT_Robotics_SBC,2026-07-31T01:00:00.000Z,San Francisco,ai,2026-07-23
Token Scarcity: Founder's Dinner @ Agentic AI Summit,https://lu.ma/ycir7vk7,2026-08-02T01:00:00.000Z,San Francisco,ai,2026-07-23
A Morning Walk: When AI Agents Touch Money,https://lu.ma/beyond-yh96,2026-08-03T17:00:00.000Z,San Francisco,ai,2026-07-23
"MIT Media Lab roundtable in Palo Alto, CA: AI Agents + Agentic Web, Monday Aug 3rd, 4pm-7pm",https://lu.ma/bqeujky2,2026-08-03T22:45:00.000Z,San Francisco,ai,2026-07-23
localhost · vol 1 · for CTOs,https://lu.ma/yto93d42,2026-08-06T00:30:00.000Z,San Francisco,ai,2026-07-23
Mahjong Party for AI Builders,https://lu.ma/jp19k28s,2026-08-07T00:00:00.000Z,San Francisco,ai,2026-07-23
Agent Infra Night,https://lu.ma/6uaouoxj,2026-08-07T01:00:00.000Z,San Francisco,ai,2026-07-23
Bridging the Agentic Era: The Future of Commerce Cocktail Hour,https://lu.ma/baselayer-zaav,2026-08-07T01:00:00.000Z,San Francisco,ai,2026-07-23
Donuts and Demos: Student Meetup @ Stanford d.school,https://lu.ma/replithq-qnnp,2026-08-07T01:00:00.000Z,San Francisco,ai,2026-07-23
Premise & JPM End of Summer Mixer at TopGolf,https://lu.ma/b52zowe2,2026-08-08T01:00:00.000Z,San Francisco,ai,2026-07-23
The Pacific Innovation Corridor,https://lu.ma/pacific-inno-sf,2026-08-18T23:30:00.000Z,San Francisco,ai,2026-07-23
Researcher Night: Grace Gong x Patronus AI,https://lu.ma/c3jansgp,2026-08-20T00:30:00.000Z,San Francisco,ai,2026-07-23
AI Data Center Night,https://lu.ma/datacenterai,2026-08-26T01:00:00.000Z,San Francisco,ai,2026-07-23
Building Resilient Systems in the Age of Agentic Development,https://lu.ma/antith-f2e9,2026-08-28T00:00:00.000Z,San Francisco,ai,2026-07-23
ClickHouse + Postgres Hackathon SF,https://lu.ma/clickh-sie8,2026-08-28T16:00:00.000Z,San Francisco,ai,2026-07-23
"Ontology of Value® Certification Training: Demo Day (San Francisco, Invite only)",https://lu.ma/izk945i4,2026-08-28T17:00:00.000Z,San Francisco,ai,2026-07-23
Pre-AIWSNYC Meetup,https://lu.ma/tjh7veia,2026-07-25T22:30:00.000Z,New York,ai,2026-07-23
NYC PM Breakfast,https://lu.ma/2lkyfn2p,2026-07-30T14:00:00.000Z,New York,ai,2026-07-23
"NYC: Fireside Chat ""Motherhood & AI""",https://lu.ma/8e3si9zj,2026-08-04T13:00:00.000Z,New York,ai,2026-07-23
Seltz & Friends Private Dinner,https://lu.ma/ini1ys63,2026-08-06T22:30:00.000Z,New York,ai,2026-07-23
AI Won't Take Your Job. Someone Using AI Will,https://lu.ma/tmm10ian,2026-08-07T22:00:00.000Z,New York,ai,2026-07-23
"Don't just dream it, Build it.",https://lu.ma/nike-nyc,2026-08-12T21:00:00.000Z,New York,ai,2026-07-23
WHAT HAPPENS TO HUMANITY WHEN EVERYTHING BECOMES INTELLIGENT?,https://lu.ma/61h4hmej,2026-08-12T22:00:00.000Z,New York,ai,2026-07-23
Tech/IT/Security/AI Folks Gather in Fairfield County CT - Fall Happy Hour,https://lu.ma/p6py3zi5,2026-09-10T21:00:00.000Z,New York,ai,2026-07-23
London growth leaders dinner hosted by Yolodex and Tano,https://lu.ma/9d3jw1xq,2026-08-04T17:00:00.000Z,London,ai,2026-07-23
Builders Club #01,https://lu.ma/buildersclub01,2026-08-06T15:00:00.000Z,London,ai,2026-07-23
Unblock: Challenges in AI for Science Salon,https://lu.ma/pillarvc-z5p8,2026-08-13T17:00:00.000Z,London,ai,2026-07-23
Human in The Loop,https://lu.ma/ig1fqn9n,2026-08-26T15:00:00.000Z,London,ai,2026-07-23
[Coffee Lab] Notion + OpenClaw: convierte tu workspace en un AI Assistant,https://lu.ma/78tgqguj,2026-07-24T21:00:00.000Z,Lima,ai,2026-07-23
Tech Talks | AI Leaders,https://lu.ma/i7k6atam,2026-08-26T23:00:00.000Z,Austin,ai,2026-07-23
Saturday Volunteer Day at Rancho San Gregorio,https://lu.ma/nqydi1h0,2026-07-25T17:00:00.000Z,San Francisco,tech,2026-07-24
Punk Software Hack Night: Take the Plunge,https://lu.ma/imbue-6sbg,2026-07-25T20:00:00.000Z,San Francisco,tech,2026-07-24
YC x LemonLime – Calling All Crazy Builders Afterparty,https://lu.ma/lvtktjm7,2026-07-26T01:00:00.000Z,San Francisco,tech,2026-07-24
Duke Sunset Pregame - YC Startup School,https://lu.ma/wpqj3pvm,2026-07-27T02:00:00.000Z,San Francisco,tech,2026-07-24
Founder Rooftop Gala | YC Startup School Afterparty,https://lu.ma/z9teb942,2026-07-28T01:00:00.000Z,San Francisco,tech,2026-07-24
"South Bay Founders, Indies, & Builders co-working",https://lu.ma/u2gpx0r5,2026-07-28T17:00:00.000Z,San Francisco,tech,2026-07-24
Afore Founders Dinner & Boardgames @ Corgi Cafe 🎉,https://lu.ma/zbbnpkcd,2026-07-29T00:30:00.000Z,San Francisco,tech,2026-07-24
on Mercury - SF,https://lu.ma/on-mercury-sf,2026-07-29T16:00:00.000Z,San Francisco,tech,2026-07-24
Native Reading Room SF – #6,https://lu.ma/1tojomxv,2026-07-30T01:30:00.000Z,San Francisco,tech,2026-07-24
PEF Health Founders Dinner,https://lu.ma/xp4e5b36,2026-07-30T01:30:00.000Z,San Francisco,tech,2026-07-24
"The Making of an Investor - Building A Career Across Finance and Venture with Jeffrey Lonsdale, Fmr. Managing Director, Founders Fund",https://lu.ma/ni1biuhr,2026-07-30T01:30:00.000Z,San Francisco,tech,2026-07-24
South Bay Systems: July Coffee Chat,https://lu.ma/kn6j9xyj,2026-07-31T00:00:00.000Z,San Francisco,tech,2026-07-24
SF Creatives Night: Hard Launch x Osmo x a16z new media,https://lu.ma/db3xynd2,2026-07-31T01:30:00.000Z,San Francisco,tech,2026-07-24
Aureum x Pilot — The CEO's Guide to Financial Clarity w/ Katie Nowak,https://lu.ma/fb4jwlxs,2026-08-04T00:30:00.000Z,San Francisco,tech,2026-07-24
Startup Workshop for Teens,https://lu.ma/zpiw3iip,2026-08-10T16:00:00.000Z,San Francisco,tech,2026-07-24
Giants vs. Astros Airwallex Summer Suite,https://lu.ma/n4h22ooe,2026-08-11T01:00:00.000Z,San Francisco,tech,2026-07-24
PlanetScale: Porffor Alpha Launch Meetup,https://lu.ma/wzp44hd7,2026-08-12T00:30:00.000Z,San Francisco,tech,2026-07-24
Female Founders and Funders Walk,https://lu.ma/tdicqg4p,2026-08-13T21:30:00.000Z,San Francisco,tech,2026-07-24
Monaco & Judgment Labs Presents: Battle for Billboards,https://lu.ma/battleforbillboards,2026-08-14T02:00:00.000Z,San Francisco,tech,2026-07-24
VR Film & Embodied Discussion @ Gray Area,https://lu.ma/i9onaloi,2026-08-16T21:30:00.000Z,San Francisco,tech,2026-07-24
🦀 Bay Area Rust August Meetup,https://lu.ma/00f2s7q9,2026-08-20T01:00:00.000Z,San Francisco,tech,2026-07-24
San Francisco Future of Production Summit,https://lu.ma/wtsopky0,2026-08-20T01:00:00.000Z,San Francisco,tech,2026-07-24
Blue Planet Energy + CHANGE Climate Fund Happy Hour,https://lu.ma/iwy4k8d1,2026-08-21T02:00:00.000Z,San Francisco,tech,2026-07-24
STARTUPS MIX & PITCH,https://lu.ma/znhkugzf,2026-08-22T01:30:00.000Z,San Francisco,tech,2026-07-24
The Acquired Meetup,https://lu.ma/acquiredmeetup,2026-09-18T00:00:00.000Z,San Francisco,tech,2026-07-24
TikTok Shop Master Class: Learn to Monetize with AFM Agency x Dream Build Connect,https://lu.ma/2k4oy2gf,2026-07-24T22:00:00.000Z,New York,tech,2026-07-24
"Monday Coworking Around NYC - UWS - Founders, Creatives, Builders, Researchers, Supporters",https://lu.ma/bh7si3qm,2026-07-27T14:00:00.000Z,New York,tech,2026-07-24
Whop | Disputifier Rooftop Takeover,https://lu.ma/kt6vszx6,2026-07-27T16:30:00.000Z,New York,tech,2026-07-24
Crane Club: Moonlight & Rocket Metrics Mixer,https://lu.ma/fptrq0rc,2026-07-28T01:00:00.000Z,New York,tech,2026-07-24
LoFi Meetup NY (Hosted by Iroh),https://lu.ma/08byrv8l,2026-07-28T23:00:00.000Z,New York,tech,2026-07-24
Pilot Happy Hour: Tech & Early-Stage Attorneys,https://lu.ma/e625hisz,2026-07-30T21:30:00.000Z,New York,tech,2026-07-24
Intro to Laser Cutting & Engraving: Basic Use & Safety,https://lu.ma/bqx4huwr,2026-07-30T22:00:00.000Z,New York,tech,2026-07-24
NOI and Networking,https://lu.ma/ly4a9f4m,2026-07-30T22:00:00.000Z,New York,tech,2026-07-24
DATLAB NYC Event 18,https://lu.ma/gx2mab25,2026-07-31T22:00:00.000Z,New York,tech,2026-07-24
NYC Tech Basketball Run #4,https://lu.ma/4rn24tdv,2026-08-01T14:30:00.000Z,New York,tech,2026-07-24
Uplift Mentorship Summit,https://lu.ma/c8we4c2b,2026-08-04T20:00:00.000Z,New York,tech,2026-07-24
Sunset Sips: Allium × Snowflake,https://lu.ma/o4005m85,2026-08-04T21:00:00.000Z,New York,tech,2026-07-24
Workshop Wednesday: GTM Mastermind by Valli Ventures,https://lu.ma/hpmc4z57,2026-08-05T21:00:00.000Z,New York,tech,2026-07-24
Kinstead x Roo Capital: Engineer Pizza Night,https://lu.ma/emowvv2g,2026-08-06T21:30:00.000Z,New York,tech,2026-07-24
"TechWalk | NYC, 8/7",https://lu.ma/epv6jig6,2026-08-07T13:00:00.000Z,New York,tech,2026-07-24
RLOE Get Together: Women in eCommerce | NYC Edition,https://lu.ma/xdxyft6s,2026-08-11T12:30:00.000Z,New York,tech,2026-07-24
The Founder's Table,https://lu.ma/rfx27n75,2026-08-11T22:00:00.000Z,New York,tech,2026-07-24
(N)YC Alumni + Founder Friends Monthly #20 by Rho and NYC Founders Club,https://lu.ma/yi4cebz6,2026-08-12T22:30:00.000Z,New York,tech,2026-07-24
Nourish x Candid Rooftop Party!,https://lu.ma/7gaqhb0j,2026-08-13T22:00:00.000Z,New York,tech,2026-07-24
Gen Z NYC Founder & Creator Mixer,https://lu.ma/f5cverfc,2026-08-19T18:00:00.000Z,New York,tech,2026-07-24
"Founders, Investors, Creators: Happy Hour Social in West Village!",https://lu.ma/5az9zzwy,2026-08-20T22:00:00.000Z,New York,tech,2026-07-24
Founders & Investors NYC Rooftop Mixer,https://lu.ma/mixer-mongodb,2026-08-26T22:00:00.000Z,New York,tech,2026-07-24
Co-Working Fridays,https://lu.ma/1l5g2758,2026-07-24T08:00:00.000Z,London,tech,2026-07-24
Workshop #12,https://lu.ma/rsygoa91,2026-07-25T09:00:00.000Z,London,tech,2026-07-24
Indispensable Room: Founders Meet Up,https://lu.ma/ac2cc9ds,2026-07-27T17:00:00.000Z,London,tech,2026-07-24
Pre-Hack Coworking at Oneder - The Calm Before the Combat,https://lu.ma/vjwob5za,2026-07-28T09:00:00.000Z,London,tech,2026-07-24
Founder Cowork Club: Focus and Flow with Dimi & Ivey,https://lu.ma/xok7kbff,2026-07-30T08:00:00.000Z,London,tech,2026-07-24
3D Printing Hackathon: Act II,https://lu.ma/cy7wp3um,2026-07-31T17:00:00.000Z,London,tech,2026-07-24
Automate Further,https://lu.ma/5a584dfd,2026-08-18T09:30:00.000Z,London,tech,2026-07-24
The Captain’s Playbook | Tactical Human Defense,https://lu.ma/y1khcjgv,2026-09-03T16:30:00.000Z,London,tech,2026-07-24
Shipaton @ Ramen Space,https://lu.ma/ramen-cl5p,2026-09-16T17:00:00.000Z,London,tech,2026-07-24
🌸Women Founders Picnic,https://lu.ma/mzxboros,2026-07-26T10:00:00.000Z,Berlin,tech,2026-07-24
Founder Legal Bootcamp: Start Smart from Day One,https://lu.ma/1gmkixar,2026-08-19T14:00:00.000Z,Berlin,tech,2026-07-24
ENAPI BRUNCH,https://lu.ma/iao9m1f0,2026-09-02T06:00:00.000Z,Berlin,tech,2026-07-24
"Masterclass: Build the Team, Win the Game",https://lu.ma/aczp2obp,2026-09-16T14:00:00.000Z,Berlin,tech,2026-07-24
Startups & Angels Matching Night,https://lu.ma/ra78n5xs,2026-09-17T15:00:00.000Z,Berlin,tech,2026-07-24
Out in Tech Demo Night 3.0,https://lu.ma/eid3npzs,2026-08-04T23:30:00.000Z,Austin,tech,2026-07-24
AI Builder Dinner with Andrew Ng,https://lu.ma/6nkh10ic,2026-07-25T00:00:00.000Z,San Francisco,ai,2026-07-24
"AI Creators Meetup: Build, Experiment & Get Featured",https://lu.ma/qz17mbko,2026-07-27T20:00:00.000Z,San Francisco,ai,2026-07-24
Investors Summer Drinks,https://lu.ma/ag41vlaz,2026-07-28T00:30:00.000Z,San Francisco,ai,2026-07-24
Post YC SUS Tech Founder & Researcher Happy Hour at Berkeley Summit House,https://lu.ma/ka4bo75j,2026-07-28T01:00:00.000Z,San Francisco,ai,2026-07-24
Research Game Night: Belief State,https://lu.ma/wbw8lox8,2026-07-30T00:00:00.000Z,San Francisco,ai,2026-07-24
AI Safety Career Pivot Office Hours,https://lu.ma/ggkzzvmb,2026-07-30T18:00:00.000Z,San Francisco,ai,2026-07-24
The Rise of AI Field Engineers (FDEs),https://lu.ma/or8rjrri,2026-07-31T01:30:00.000Z,San Francisco,ai,2026-07-24
Architect Labs - Chips & Dip,https://lu.ma/xoox2g4l,2026-08-01T01:00:00.000Z,San Francisco,ai,2026-07-24
AI & Mobile meet-up by Software Mansion,https://lu.ma/kgddqkx2,2026-08-05T01:30:00.000Z,San Francisco,ai,2026-07-24
Wild AI SF # 1 Hidden Infrastructure of Intelligence,https://lu.ma/s9lskws9,2026-08-06T00:30:00.000Z,San Francisco,ai,2026-07-24
"Agent Builders Breakfast - Founders & Builders in SOMA, SF",https://lu.ma/yhb5b2kn,2026-08-06T15:00:00.000Z,San Francisco,ai,2026-07-24
[Invite only] Startx & Google Cloud: Future of AI Lunch,https://lu.ma/0tixphr5,2026-08-06T17:30:00.000Z,San Francisco,ai,2026-07-24
IT and SecOps Happy Hour San Francisco,https://lu.ma/ConsoleSF,2026-08-07T01:00:00.000Z,San Francisco,ai,2026-07-24
Frontier Signals #01: Infrastructure Behind Physical AI — Intelligence Beyond the Screen,https://lu.ma/ckpqzfae,2026-08-11T00:00:00.000Z,San Francisco,ai,2026-07-24
UC Berkeley Startup Showcase: AI in Operations,https://lu.ma/qyyl8ptl,2026-08-12T01:00:00.000Z,San Francisco,ai,2026-07-24
SmartStart x The DO Reception @ AI Summer School,https://lu.ma/364qpobl,2026-08-13T01:00:00.000Z,San Francisco,ai,2026-07-24
Biopharma Hack Day at AWS,https://lu.ma/pharma-hack-day-aws-builder-loft-aug13-2026,2026-08-13T16:30:00.000Z,San Francisco,ai,2026-07-24
How AI Can Revolutionize Your Business,https://lu.ma/9en93rqp,2026-08-13T19:00:00.000Z,San Francisco,ai,2026-07-24
Silicon Valley VIP Club Annual Forum 2026,https://lu.ma/7y8f4l1l,2026-08-16T16:00:00.000Z,San Francisco,ai,2026-07-24
Foundry Live Demo Night,https://lu.ma/yw5v3s62,2026-08-19T00:00:00.000Z,San Francisco,ai,2026-07-24
The Agent Harness Workshop,https://lu.ma/agent-harness-workshop,2026-08-19T00:00:00.000Z,San Francisco,ai,2026-07-24
"The Future of Work Pitch Night + Open Demos: Worktech, Robotics & Agentic AI",https://lu.ma/yktcpve0,2026-08-26T00:00:00.000Z,San Francisco,ai,2026-07-24
Agentic + AI Coding Night SF,https://lu.ma/agenticaiobsnightsf-9-1,2026-09-01T22:30:00.000Z,San Francisco,ai,2026-07-24
Data for AI,https://lu.ma/dataforai-h5ua,2026-09-17T00:30:00.000Z,San Francisco,ai,2026-07-24
Enterprise Ready Conf 2026,https://lu.ma/erc-26,2026-10-07T15:00:00.000Z,San Francisco,ai,2026-07-24
Breaking Models AI Security,https://lu.ma/yfijjifa,2026-11-01T22:30:00.000Z,San Francisco,ai,2026-07-24
Jersey City PM & AI Meetup - July,https://lu.ma/azd6o0y2,2026-07-26T14:30:00.000Z,New York,ai,2026-07-24
Forward-Deployed AI Forum,https://lu.ma/ztwl005g,2026-07-29T21:30:00.000Z,New York,ai,2026-07-24
Rooftop Happy Hour with Gradient Labs,https://lu.ma/gradient-ibs9,2026-07-29T21:30:00.000Z,New York,ai,2026-07-24
Forus: Models & Methods in Medicine,https://lu.ma/t5udaxre,2026-07-30T22:30:00.000Z,New York,ai,2026-07-24
In Pulse Soirée: Summer Rooftop Social,https://lu.ma/dehoagz7,2026-07-30T23:00:00.000Z,New York,ai,2026-07-24
Design with the End in Mind: Building AI Workflows That Deliver | Stamford AI Meetup | (w/ AI Collective),https://lu.ma/aic-st-8-4,2026-08-04T21:30:00.000Z,New York,ai,2026-07-24
So You Want To Get Physical?,https://lu.ma/gvydn706,2026-08-08T22:00:00.000Z,New York,ai,2026-07-24
New York. Creative & Tech AI Networking eve,https://lu.ma/prjctr-4cxz,2026-08-12T22:00:00.000Z,New York,ai,2026-07-24
RevGenius IRL: Panel and Happy Hour,https://lu.ma/nychappyhour-aug12,2026-08-12T22:00:00.000Z,New York,ai,2026-07-24
"AI and What Makes Us Human, a Fireside Chat with Camille Carlton",https://lu.ma/84wnmw5y,2026-08-24T22:00:00.000Z,New York,ai,2026-07-24
AI Founders' Oasis: A Multi-Sensory Experience,https://lu.ma/dnjusrnc,2026-08-27T21:00:00.000Z,New York,ai,2026-07-24
Commerce Symposium: This Is Water | NY,https://lu.ma/commerce-symposium-this-is-water-ny,2026-09-08T20:00:00.000Z,New York,ai,2026-07-24
Build with AI Meetup,https://lu.ma/n6ow7220,2026-09-15T22:30:00.000Z,New York,ai,2026-07-24
Made possible by AI Agents | London Meetup,https://lu.ma/gradient-fo62,2026-07-30T17:00:00.000Z,London,ai,2026-07-24
AI-Assisted Math Research Paper Club by Nebius Academy,https://lu.ma/yk0g4pq1,2026-08-05T17:30:00.000Z,London,ai,2026-07-24
PauseAI London Meetup,https://lu.ma/5f0u5bl1,2026-08-12T17:00:00.000Z,London,ai,2026-07-24
Understanding AI: Digital Skills for the Modern Workplace,https://lu.ma/impact-ivwc,2026-08-27T15:00:00.000Z,London,ai,2026-07-24
Weave:London - Building the Agentic Enterprise: From Individual Productivity to Organisational Reinvention,https://lu.ma/ymvrb9wq,2026-09-23T07:30:00.000Z,London,ai,2026-07-24
AI Transformation Forum: 28th September 2026 (@ Google HQ),https://lu.ma/9uuwbaal,2026-09-28T16:30:00.000Z,London,ai,2026-07-24
AI Safety Lunch + Coworking @ CIC,https://lu.ma/56p5cnho,2026-08-13T08:00:00.000Z,Berlin,ai,2026-07-24
Digital Minds Research Sprint 2026 - Berlin - Apart Research,https://lu.ma/digital-minds-research-sprint-2026-berlin,2026-08-14T16:00:00.000Z,Berlin,ai,2026-07-24
Neulandpro Meetup in Berlin,https://lu.ma/69inojhx,2026-08-19T15:00:00.000Z,Berlin,ai,2026-07-24
AI Safety Lunch + Coworking @ CIC,https://lu.ma/b11gpt28,2026-08-27T08:00:00.000Z,Berlin,ai,2026-07-24
KurdConnect Tech Night #3: We Created. Now We Found.,https://lu.ma/vf3j7hn0,2026-09-19T16:30:00.000Z,Berlin,ai,2026-07-24
"Speaking Revenue: How CSMs Drive Renewals, Prove Value, and Stay Trusted in an AI World",https://lu.ma/xrpp7re5,2026-08-27T22:30:00.000Z,Austin,ai,2026-07-24
From AI User to AI Builder - Base44 x AI Collective x UT McCombs MBA Tech Club,https://lu.ma/1hxal81p,2026-08-27T23:00:00.000Z,Austin,ai,2026-07-24
YC Startup School: The EXA.ai After-After Party,https://lu.ma/90tzyxq3,2026-07-26T04:00:00.000Z,San Francisco,tech,2026-07-25
Verilog Meetup,https://lu.ma/dlvyghdj,2026-07-26T18:00:00.000Z,San Francisco,tech,2026-07-25
YC S26: Demo & Roast,https://lu.ma/bs8fz5xr,2026-07-27T17:00:00.000Z,San Francisco,tech,2026-07-25
3Cs Dinner,https://lu.ma/k8prxfhg,2026-07-28T01:30:00.000Z,San Francisco,tech,2026-07-25
Founder x Investor Run: San Francisco,https://lu.ma/tz12kwqe,2026-07-28T14:30:00.000Z,San Francisco,tech,2026-07-25
Deel Startup Programs Happy Hour,https://lu.ma/8tm2uv6o,2026-07-29T00:00:00.000Z,San Francisco,tech,2026-07-25
Inkle x Razorpay: Founders Meetup,https://lu.ma/inkle-razorpay,2026-07-30T01:00:00.000Z,San Francisco,tech,2026-07-25
San Rafael Hardware Happy Hour @ Pond Farm Brewing Co.,https://lu.ma/guz3e09z,2026-07-30T01:30:00.000Z,San Francisco,tech,2026-07-25
Modern C++,https://lu.ma/olt49733,2026-07-30T02:00:00.000Z,San Francisco,tech,2026-07-25
Agilent Imaging Seminar& C10 Basic Training,https://lu.ma/nean97my,2026-07-30T21:00:00.000Z,San Francisco,tech,2026-07-25
Startup Haven Founders Dinner + (Optional) Poker - Bay Area (Location: San Francisco Zipcode: 94121),https://lu.ma/z6dbzb5w,2026-07-31T00:30:00.000Z,San Francisco,tech,2026-07-25
Founder Run Club – The Panhandle Pacers,https://lu.ma/lw3yu303,2026-07-31T16:00:00.000Z,San Francisco,tech,2026-07-25
Filipino Founders and Funders Monthly Mixer,https://lu.ma/pfao2odm,2026-08-01T01:00:00.000Z,San Francisco,tech,2026-07-25
Beyond Founder-Led Sales: A Closed-Door GTM Session,https://lu.ma/yjltm5y2,2026-08-01T01:30:00.000Z,San Francisco,tech,2026-07-25
Frenchies & Friends - Apéro #1,https://lu.ma/1sy2riut,2026-08-02T01:00:00.000Z,San Francisco,tech,2026-07-25
Early Stage Pitch and Lunch,https://lu.ma/pitch-and-lunch,2026-08-04T18:30:00.000Z,San Francisco,tech,2026-07-25
Women as Capital Allocators,https://lu.ma/g4g2ftiq,2026-08-05T01:00:00.000Z,San Francisco,tech,2026-07-25
game night.,https://lu.ma/wu03vfrz,2026-08-06T02:00:00.000Z,San Francisco,tech,2026-07-25
Inside the Investor Mind,https://lu.ma/k701jn7z,2026-08-20T23:30:00.000Z,San Francisco,tech,2026-07-25
Al Dente: A Founder-Investor pasta-making dinner,https://lu.ma/pk8b8b5h,2026-09-03T01:00:00.000Z,San Francisco,tech,2026-07-25
Tech Basketball Run - SF Tech Week,https://lu.ma/mlvc-e0o4,2026-10-10T20:45:00.000Z,San Francisco,tech,2026-07-25
"CONFESSIONS: growth, Life & Business With nas Daily",https://lu.ma/fwascuce,2026-07-25T13:00:00.000Z,New York,tech,2026-07-25
JULY PERCHWELL TRAINING & OFFICE HOURS,https://lu.ma/gdrwo9hj,2026-07-27T17:00:00.000Z,New York,tech,2026-07-25
"harvard club x rednote ""creator dinner""",https://lu.ma/anwar-lt39,2026-07-28T23:00:00.000Z,New York,tech,2026-07-25
Fusion Network | Greenwich CT,https://lu.ma/a6nzzbqb,2026-07-30T21:00:00.000Z,New York,tech,2026-07-25
New York Investors and Innovators,https://lu.ma/w27giq9x,2026-07-30T21:30:00.000Z,New York,tech,2026-07-25
"Brooklyn Bites & Brownstones - Founders, Creatives, Builders, Researchers, Supporters",https://lu.ma/4gnppk5t,2026-07-31T16:00:00.000Z,New York,tech,2026-07-25
YC Founders Dinner,https://lu.ma/xo7xl6o0,2026-07-31T23:00:00.000Z,New York,tech,2026-07-25
🔐 Escape Room Hangout with Tavern💼,https://lu.ma/h55053mg,2026-08-04T23:00:00.000Z,New York,tech,2026-07-25
Techyon x FirstMark @ Summit One,https://lu.ma/cmj3fivs,2026-08-06T23:00:00.000Z,New York,tech,2026-07-25
Scientist to Founder by Fifty Years,https://lu.ma/iheszf1a,2026-08-13T21:00:00.000Z,New York,tech,2026-07-25
ClimateTech Connect NYC Edition,https://lu.ma/igjc398t,2026-09-22T17:00:00.000Z,New York,tech,2026-07-25
Venture Feud @ New York Climate Week,https://lu.ma/noybgz1w,2026-09-24T21:30:00.000Z,New York,tech,2026-07-25
The GTM Dinner | NYC,https://lu.ma/gzuln1u3,2026-09-30T22:00:00.000Z,New York,tech,2026-07-25
Tech Leaders Meetup,https://lu.ma/zr23df3u,2026-08-18T17:00:00.000Z,London,tech,2026-07-25
Bilt in Berlin community night,https://lu.ma/0u53h9a6,2026-07-31T16:00:00.000Z,Berlin,tech,2026-07-25
Product Hiring Managers Meetup #2,https://lu.ma/t8l7dbck,2026-08-03T16:00:00.000Z,Berlin,tech,2026-07-25
BAD1 & Steffen Krach: Shaping the Future of Berlin's Startup Ecosystem,https://lu.ma/ya8jn7zn,2026-08-05T12:45:00.000Z,Berlin,tech,2026-07-25
Hike for Impact VI am 28. August,https://lu.ma/hike-for-impact-6,2026-08-28T12:00:00.000Z,Berlin,tech,2026-07-25
Startup Huddle Lima - 6ta Edición,https://lu.ma/gsr17e89,2026-08-19T00:00:00.000Z,Lima,tech,2026-07-25
ATXR: Austin's XR Industry Mastermind,https://lu.ma/p78xvq6r,2026-08-04T00:00:00.000Z,Austin,tech,2026-07-25
Starburst ICDA Demo Day,https://lu.ma/eciycsje,2026-08-19T21:00:00.000Z,Austin,tech,2026-07-25
Sip & Swipe (Founder Meetup),https://lu.ma/z7d44gwv,2026-08-26T13:00:00.000Z,Austin,tech,2026-07-25
Lunch Talk Series #4:,https://lu.ma/x50gv11n,2026-07-25T19:15:00.000Z,San Francisco,ai,2026-07-25
YC AI Startup School Infra Layer After-party,https://lu.ma/9qz4l69s,2026-07-26T01:00:00.000Z,San Francisco,ai,2026-07-25
Claude Code users / Vibe coders. — Power Walk,https://lu.ma/staaake-ars1,2026-07-26T23:00:00.000Z,San Francisco,ai,2026-07-25
Stop the AI Race: Occupy OpenAI,https://lu.ma/aha4w3kr,2026-07-27T16:00:00.000Z,San Francisco,ai,2026-07-25
0g Hack VC Delarosa Builders Brunch,https://lu.ma/hack-yzqj,2026-07-30T19:00:00.000Z,San Francisco,ai,2026-07-25
AI Founder Dinner: Founder Mindset,https://lu.ma/6s94ze2o,2026-07-31T01:00:00.000Z,San Francisco,ai,2026-07-25
Mercor Enterprise Applied AI Happy Hour,https://lu.ma/36y93kyx,2026-07-31T01:00:00.000Z,San Francisco,ai,2026-07-25
the Silicon Valley AI/Tech Investing Summit,https://lu.ma/angellaunchaugust3ai,2026-08-03T21:00:00.000Z,San Francisco,ai,2026-07-25
SF Coffee Club | Experienced Founders,https://lu.ma/7gda67x7,2026-08-05T17:00:00.000Z,San Francisco,ai,2026-07-25
Machine Cinema SF Work-In-Progress Salon,https://lu.ma/machine-jkv0,2026-08-06T01:30:00.000Z,San Francisco,ai,2026-07-25
"Motherhood as Medium: Lauren McCarthy, Sputniko!, Yoon Chung Han & Jiabao Li",https://lu.ma/untvldqu,2026-08-07T02:00:00.000Z,San Francisco,ai,2026-07-25
How to Build Your Data Layer for AI Transformation,https://lu.ma/aalhoruq,2026-08-12T00:00:00.000Z,San Francisco,ai,2026-07-25
The Money Is Back in Pharma. The Returns Get Decided Downstream.,https://lu.ma/8e038lss,2026-08-12T00:30:00.000Z,San Francisco,ai,2026-07-25
Bay Area AI Artists Group Monthly Meeting,https://lu.ma/iw49jxrr,2026-08-12T01:00:00.000Z,San Francisco,ai,2026-07-25
VCN #49: The Swarm,https://lu.ma/vcn-49-the-swarm,2026-08-13T02:00:00.000Z,San Francisco,ai,2026-07-25
Reactorfield - SF Launch,https://lu.ma/hxsbz3xb,2026-08-14T01:00:00.000Z,San Francisco,ai,2026-07-25
AI for Science Demo Night @ Edison Scientific,https://lu.ma/worldwide-1i1a,2026-08-14T01:30:00.000Z,San Francisco,ai,2026-07-25
VCN #50: Own the Stack,https://lu.ma/vcn-50-own-the-stack,2026-08-15T17:00:00.000Z,San Francisco,ai,2026-07-25
"CHRO & CPO Dinner in the East Bay | Hosted by Mento, Zapier & Coinbase",https://lu.ma/mento-hbuu,2026-08-21T01:00:00.000Z,San Francisco,ai,2026-07-25
NEAR Legion Build City: A.I. For You,https://lu.ma/near-17st,2026-07-26T15:00:00.000Z,New York,ai,2026-07-25
Which Jobs Will AI Take First?,https://lu.ma/avyalvgo,2026-07-26T20:00:00.000Z,New York,ai,2026-07-25
From Single-player to Multiplayer Agents,https://lu.ma/vkjjn7t6,2026-07-30T21:00:00.000Z,New York,ai,2026-07-25
NYC HealthTech Medstartr ClawCamp at StackAI,https://lu.ma/healthtech-clawcamp,2026-08-01T13:00:00.000Z,New York,ai,2026-07-25
Sovereign AI: A Fight for the Future of Freedom,https://lu.ma/1pme2n4b,2026-08-04T22:30:00.000Z,New York,ai,2026-07-25
Style Around the Block,https://lu.ma/vfzcud1b,2026-08-05T22:00:00.000Z,New York,ai,2026-07-25
Teaching AI as a Tool for Freedom | PubKey NYC,https://lu.ma/pubkey-jj3u,2026-08-05T22:00:00.000Z,New York,ai,2026-07-25
Should We Be Building a Mind? - Metacrisis Salon #13,https://lu.ma/7e8cy7p4,2026-08-15T22:00:00.000Z,New York,ai,2026-07-25
Hard Negatives: AI Engineers Debate & Game Night,https://lu.ma/nyc-meetup-qdrant-07,2026-08-26T22:30:00.000Z,New York,ai,2026-07-25
AI Agents for CS Teams Workshop,https://lu.ma/dust-8dg1,2026-07-29T17:30:00.000Z,London,ai,2026-07-25
Hackathon: Empathetic Agents,https://lu.ma/bf1apy19,2026-07-30T16:00:00.000Z,London,ai,2026-07-25
AI Tech & Startup Night — London,https://lu.ma/ltg0z9nr,2026-08-05T17:00:00.000Z,London,ai,2026-07-25
Build Vision AI 2.0 LDN,https://lu.ma/7tr84kts,2026-09-10T17:00:00.000Z,London,ai,2026-07-25
Our 2nd Event,https://lu.ma/vrzltqym,2026-09-15T17:00:00.000Z,London,ai,2026-07-25
"Above the Fold: AI and the Future of Legal in TV, Media & Entertainment",https://lu.ma/yi58z2wp,2026-09-17T17:30:00.000Z,London,ai,2026-07-25
Speed VS Sovereignty - Europe’s AI Startup Dilemma,https://lu.ma/2lr17xz3,2026-08-06T16:00:00.000Z,Berlin,ai,2026-07-25
Data&AI Meet-Up Berlin,https://lu.ma/8ccmdtn2,2026-08-27T16:00:00.000Z,Berlin,ai,2026-07-25
AI Tech & Startup Night — Austin,https://lu.ma/vnptkjqw,2026-07-29T23:00:00.000Z,Austin,ai,2026-07-25
Austin | Claude Code Meetup,https://lu.ma/claude-1m5n,2026-08-01T16:00:00.000Z,Austin,ai,2026-07-25
Free Coffee & Matcha Popup Startup School - Context.dev (YC S26),https://lu.ma/olo162dg,2026-07-26T18:00:00.000Z,San Francisco,tech,2026-07-26
Seed - Series B CTO Dinner | Rho & Interfaze (YC SP26),https://lu.ma/pju45c1o,2026-07-27T01:00:00.000Z,San Francisco,tech,2026-07-26
YC STARTUP SCHOOL FINALE AFTER-PARTY - SUMMER SLUSHY SOIREE,https://lu.ma/538icqa3,2026-07-27T04:30:00.000Z,San Francisco,tech,2026-07-26
Edges of Science (ARIA x 50Y),https://lu.ma/edges-of-science,2026-08-01T01:00:00.000Z,San Francisco,tech,2026-07-26
Fidget Camp 2026 Showcase,https://lu.ma/tiat-z1tr,2026-08-02T20:00:00.000Z,San Francisco,tech,2026-07-26
"Medtech Fireside: The Recall, The RTA, and the Successful 510(k)",https://lu.ma/ht14lqo3,2026-08-22T16:00:00.000Z,San Francisco,tech,2026-07-26
Leadership Salon - An Evening for New York's Security & Technology Leaders,https://lu.ma/gambit-Leadership-Salon-ny-072926,2026-07-29T22:00:00.000Z,New York,tech,2026-07-26
Substack Creative Club: Build Your Founder Profile | Fabrik Member Exclusive,https://lu.ma/kx9gtl8i,2026-07-31T16:00:00.000Z,New York,tech,2026-07-26
SpeechBuddy Rooftop Launch Party,https://lu.ma/tvenhs83,2026-08-06T22:00:00.000Z,New York,tech,2026-07-26
NYC Backstage Pass: Spotify x Design Meetup,https://lu.ma/j76178ol,2026-08-07T21:00:00.000Z,New York,tech,2026-07-26
"August 13: How to talk to people (strangers, investors, customers, and your own employees)",https://lu.ma/6ecsc9b1,2026-08-13T22:00:00.000Z,New York,tech,2026-07-26
NJ Code & Coffee - August meetup,https://lu.ma/4gw4rd47,2026-08-15T18:00:00.000Z,New York,tech,2026-07-26
Hulm Venture - The Fireside with Omar Waseem,https://lu.ma/24wldsqe,2026-07-28T17:30:00.000Z,London,tech,2026-07-26
Test the China market this September — Briefing Registration,https://lu.ma/pv4ftrb5,2026-07-30T15:00:00.000Z,London,tech,2026-07-26
2026 Mayfair Funding and Business Networking .,https://lu.ma/fvd2b8xl,2026-08-10T15:00:00.000Z,London,tech,2026-07-26
Mayfair Capital Investment Meet UP,https://lu.ma/MayfairCapitalMeet,2026-08-10T15:00:00.000Z,London,tech,2026-07-26
Weekly football 7-aside by Granola!,https://lu.ma/sklwgcki,2026-08-12T17:20:00.000Z,London,tech,2026-07-26
Build. Pitch. Fund. - Startup Funding Event - London,https://lu.ma/d428asdq,2026-08-17T09:00:00.000Z,London,tech,2026-07-26
Founder Reset,https://lu.ma/guc4juah,2026-09-05T10:30:00.000Z,London,tech,2026-07-26
Campaign Lab Summer Hack Night!,https://lu.ma/e0gtnzhq,2026-09-07T18:00:00.000Z,London,tech,2026-07-26
AI for Science YC Startup School Afterparty,https://lu.ma/yo5rg95q,2026-07-27T02:00:00.000Z,San Francisco,ai,2026-07-26
硅谷清华校友会｜清二代 OPC 创业营,https://lu.ma/44dogxpv,2026-07-27T17:00:00.000Z,San Francisco,ai,2026-07-26
AI+ Roundtable No.6: The Agent Learning Loop,https://lu.ma/ai-hfn9,2026-07-29T01:30:00.000Z,San Francisco,ai,2026-07-26
Operating at the Frontier: Building a Distributed Reasoning Layer for Production Systems,https://lu.ma/hdb8yl3p,2026-07-29T01:30:00.000Z,San Francisco,ai,2026-07-26
Private Investor Dinner with AGI Pioneer Peter Voss,https://lu.ma/agi-dinner,2026-07-29T02:00:00.000Z,San Francisco,ai,2026-07-26
"AI Creators Meetup: Build, Experiment & Get Featured",https://lu.ma/fovjtm7b,2026-07-30T20:00:00.000Z,San Francisco,ai,2026-07-26
AI After Hours: Berkeley,https://lu.ma/s8pmj838,2026-08-03T01:00:00.000Z,San Francisco,ai,2026-07-26
AASF 2026,https://lu.ma/aasf2026,2026-08-07T15:00:00.000Z,San Francisco,ai,2026-07-26
The Table,https://lu.ma/10kr3wzs,2026-08-21T01:30:00.000Z,San Francisco,ai,2026-07-26
"Behind Closed Doors：A Technical Roundtable on AI, Quant, and What's Next",https://lu.ma/jwekb9do,2026-08-31T20:00:00.000Z,San Francisco,ai,2026-07-26
Mistral Catfe Coworking,https://lu.ma/mistral-summer-cat-cafe-nyc,2026-08-03T17:00:00.000Z,New York,ai,2026-07-26
FIF Collective: An Evening with Vayu,https://lu.ma/o87oa7z0,2026-08-11T21:30:00.000Z,New York,ai,2026-07-26
Digital Fashion Week,https://lu.ma/dfw26,2026-09-10T14:00:00.000Z,New York,ai,2026-07-26
AI Engineers: Poker & Game Night,https://lu.ma/f0os45z4,2026-09-17T23:00:00.000Z,New York,ai,2026-07-26
"Scrape. Build. Destroy - Bring a Laptop, Not a Robot. BattleBots Hack Night",https://lu.ma/battle-bots-hack-night-jul28-2026,2026-07-28T15:00:00.000Z,London,ai,2026-07-26
Cursor Cybersecurity London Hackathon,https://lu.ma/cursor-h41d,2026-08-01T08:00:00.000Z,London,ai,2026-07-26
AI Research Night — Case Studies in Pretraining,https://lu.ma/pretraining-night,2026-08-03T17:30:00.000Z,London,ai,2026-07-26
"Daytona AI Builders - London, September 2026",https://lu.ma/ai-builders-london-02,2026-09-08T17:00:00.000Z,London,ai,2026-07-26
YC Startup School Cowork at European Startup Embassy,https://lu.ma/nise2plo,2026-07-27T15:00:00.000Z,San Francisco,tech,2026-07-27
Monday Founders Hike | Post - YC SUS,https://lu.ma/6rtpmei7,2026-07-27T19:00:00.000Z,San Francisco,tech,2026-07-27
MANSION 27 AFTER SCHOOL,https://lu.ma/3hj8tfuh,2026-07-28T01:00:00.000Z,San Francisco,tech,2026-07-27
SF 2026 | Founders Camp — Day 2,https://lu.ma/rtc-camp-sf26day2,2026-07-28T17:00:00.000Z,San Francisco,tech,2026-07-27
"Preseed Happy Hour with Charles, Slash & Active Capital",https://lu.ma/j079jkoh,2026-07-30T01:00:00.000Z,San Francisco,tech,2026-07-27
SF Make-a-thon,https://lu.ma/b0l7tzxd,2026-07-31T01:00:00.000Z,San Francisco,tech,2026-07-27
Prosocial Media ideaspace,https://lu.ma/7lpiaf3y,2026-08-02T21:00:00.000Z,San Francisco,tech,2026-07-27
Print Club Art Swap,https://lu.ma/luerexmj,2026-08-08T19:00:00.000Z,San Francisco,tech,2026-07-27
Demo Night @ WorkOS (October),https://lu.ma/demo-night-oct2026,2026-10-20T00:30:00.000Z,San Francisco,tech,2026-07-27
Demo Night @ WorkOS (December),https://lu.ma/demo-night-dec2026,2026-12-08T01:30:00.000Z,San Francisco,tech,2026-07-27
Founder Jetskis | Manhattan Lap,https://lu.ma/b496scvv,2026-07-29T22:00:00.000Z,New York,tech,2026-07-27
Fashion x Design Meetup,https://lu.ma/vjwfeift,2026-08-02T15:00:00.000Z,New York,tech,2026-07-27
Founders & Investors: Mocktails & Legal AMA,https://lu.ma/ishaans-jrbb,2026-08-12T23:00:00.000Z,New York,tech,2026-07-27
poker night (pt. 2),https://lu.ma/1ozehnv8,2026-08-13T23:00:00.000Z,New York,tech,2026-07-27
Soho Loft Brazilian Lunch: Investor & Founder Series - August 16th,https://lu.ma/thebuilderseriesbrasil,2026-08-16T17:30:00.000Z,New York,tech,2026-07-27
game night.,https://lu.ma/e3b59t0u,2026-08-20T23:00:00.000Z,New York,tech,2026-07-27
build night,https://lu.ma/l6w1jktu,2026-07-30T17:15:00.000Z,London,tech,2026-07-27
Tools for Live-coding Visuals,https://lu.ma/1qraybxe,2026-08-22T10:00:00.000Z,London,tech,2026-07-27
"Impact by Innovation | Breakfast for Climate, Health & Bio Founders",https://lu.ma/za2tsow9,2026-08-25T07:00:00.000Z,London,tech,2026-07-27
London Startups Operator RunClub & Social,https://lu.ma/6p0g1gxp,2026-09-01T18:00:00.000Z,London,tech,2026-07-27
Open Coworking Day 🌿,https://lu.ma/zkoeqn4n,2026-07-28T07:30:00.000Z,Berlin,tech,2026-07-27
BreakfastInMotion,https://lu.ma/lgk4qhfq,2026-07-29T08:00:00.000Z,Berlin,tech,2026-07-27
Community Coworking,https://lu.ma/2ahspxks,2026-07-27T15:00:00.000Z,Austin,tech,2026-07-27
"The Future is Low-Tech: An intimate evening of ideas, conversation, and community",https://lu.ma/cn7pnbdl,2026-08-03T23:30:00.000Z,Austin,tech,2026-07-27
prox works @YC SUS,https://lu.ma/zsgl2dqw,2026-07-27T19:00:00.000Z,San Francisco,ai,2026-07-27
"SFC After SIGGRAPH: 3D AI, XR & World Models",https://lu.ma/cfiizsbj,2026-07-31T00:30:00.000Z,San Francisco,ai,2026-07-27
Agentification: The Next Evolution of AI,https://lu.ma/5b4k629g,2026-08-01T00:00:00.000Z,San Francisco,ai,2026-07-27
Builder & Researcher Dinner @ Panhandle,https://lu.ma/u6lf0uds,2026-08-01T02:00:00.000Z,San Francisco,ai,2026-07-27
"Search Is Dead? The Future of Search: How OpenAI, TikTok, and AI Are Reinventing Discovery, Knowledge, and the Internet",https://lu.ma/7cywa41t,2026-08-01T21:00:00.000Z,San Francisco,ai,2026-07-27
Scrappy AI Founders Play Soccer,https://lu.ma/ft6j7nb9,2026-08-04T01:00:00.000Z,San Francisco,ai,2026-07-27
VCN #47: Fast Local,https://lu.ma/vcn-47-fast-local,2026-08-06T02:00:00.000Z,San Francisco,ai,2026-07-27
AI Dev Showcase Night (August Edition),https://lu.ma/4hobc7r5,2026-08-13T00:30:00.000Z,San Francisco,ai,2026-07-27
Revenue Growth in the Age of AI,https://lu.ma/zo4sh62f,2026-08-19T00:00:00.000Z,San Francisco,ai,2026-07-27
Degrees of Freedom: Bring Your Own Robot,https://lu.ma/278ujx64,2026-08-19T01:00:00.000Z,San Francisco,ai,2026-07-27
Marketing Measurement and Attribution in the AI Era,https://lu.ma/c51ehsdv,2026-08-20T00:30:00.000Z,San Francisco,ai,2026-07-27
AWS Agentic AI in Production (7th Edition),https://lu.ma/kwk473ih,2026-08-20T23:30:00.000Z,San Francisco,ai,2026-07-27
vibecode with YIMBYs,https://lu.ma/plm3v0rc,2026-08-21T02:00:00.000Z,San Francisco,ai,2026-07-27
"AI TECH & Startup Night — Manhattan, New York",https://lu.ma/penkrw3n,2026-08-05T22:00:00.000Z,New York,ai,2026-07-27
Applied AI Engineering Residency Showcase,https://lu.ma/3hsciy0c,2026-08-13T12:30:00.000Z,New York,ai,2026-07-27
Actually Interesting 002 | NYC Dinner & Dialogue,https://lu.ma/efsva6f5,2026-08-25T23:00:00.000Z,New York,ai,2026-07-27
ALD 🗽 NYC | THE FUTURE OF AGENTIC AI IN FINANCE AND BANKING,https://lu.ma/zeyn7lh4,2026-12-11T14:00:00.000Z,New York,ai,2026-07-27
AI Designer Dinner + Demos,https://lu.ma/ta7kwyqi,2026-07-28T17:30:00.000Z,London,ai,2026-07-27
Founders' Breakfast,https://lu.ma/t3lrtt9a,2026-07-29T07:00:00.000Z,London,ai,2026-07-27
"The New Normal (TNN) : The Future of...CREATIVITY! ([s]QUAD: Lee Bofkin, Laura Jordan Bambach, Rebecca Rowntree, AND Miss Yankey!)",https://lu.ma/moog3f5c,2026-08-06T07:00:00.000Z,London,ai,2026-07-27
Does AI Belong In The Creator Economy?,https://lu.ma/mzl14nsb,2026-08-12T07:30:00.000Z,London,ai,2026-07-27
AI Builders Monthly London,https://lu.ma/lon-aug13,2026-08-13T17:00:00.000Z,London,ai,2026-07-27
Founders Inc: Open Campus Tuesday,https://lu.ma/open-campus-13,2026-07-29T00:00:00.000Z,San Francisco,tech,2026-07-28
SF Security Padel Club - Week 7,https://lu.ma/prcj6xn5,2026-07-29T01:00:00.000Z,San Francisco,tech,2026-07-28
Friendly Founder Butter Taster - Butter Tasting Evening,https://lu.ma/2rfbum8b,2026-07-30T01:00:00.000Z,San Francisco,tech,2026-07-28
Prometheus Dinner,https://lu.ma/wxrljlbw,2026-07-30T02:00:00.000Z,San Francisco,tech,2026-07-28
staaake Global Dinner Club for Founders & Creators now in San Francisco,https://lu.ma/9ivzssmp,2026-07-30T02:00:00.000Z,San Francisco,tech,2026-07-28
Summer Interns & Founders Late Night Mixer [Exclusive],https://lu.ma/vo06qzbz,2026-07-30T04:00:00.000Z,San Francisco,tech,2026-07-28
UnCommon Thursday no. 02 | Weekly Work Session for UnCommon Founders,https://lu.ma/0c0ecuwb,2026-07-30T16:00:00.000Z,San Francisco,tech,2026-07-28
Founders Gatherings,https://lu.ma/3gae659z,2026-07-31T23:00:00.000Z,San Francisco,tech,2026-07-28
Founder & Builders Climb Night,https://lu.ma/kix3j0h7,2026-08-01T01:30:00.000Z,San Francisco,tech,2026-07-28
"Treena Launch Party: Your Dev Machine, Now on Your Phone 📱",https://lu.ma/6uxhrmtl,2026-08-01T01:30:00.000Z,San Francisco,tech,2026-07-28
New Technologies Seminar – Lipid Nanoparticles,https://lu.ma/e7jjb4hp,2026-08-04T19:00:00.000Z,San Francisco,tech,2026-07-28
How to do a Viral Launch,https://lu.ma/m668kijy,2026-08-07T00:00:00.000Z,San Francisco,tech,2026-07-28
Drive a Supercar at Sonoma Raceway,https://lu.ma/8j1enbqt,2026-08-07T19:00:00.000Z,San Francisco,tech,2026-07-28
Break It? Fix it! Lamp Repair Workshop,https://lu.ma/6pv15u12,2026-08-13T01:00:00.000Z,San Francisco,tech,2026-07-28
"TechWalk | Silicon Valley, 8/12",https://lu.ma/26ny74xb,2026-08-13T01:00:00.000Z,San Francisco,tech,2026-07-28
UX Wizards Talk: Josh Gold of LinkedIn. Rethinking the Role of a Product Designer to Meet New Business Needs (Early Bird $10),https://lu.ma/mytmflx6,2026-08-13T01:30:00.000Z,San Francisco,tech,2026-07-28
MLT Company Spotlight & Mixer featuring Convex (San Francisco),https://lu.ma/h55dz5pn,2026-08-14T00:30:00.000Z,San Francisco,tech,2026-07-28
Thunder Compute Office Warming + Pregame,https://lu.ma/ywix8pny,2026-08-15T04:00:00.000Z,San Francisco,tech,2026-07-28
Silicon Impact - Business Edition,https://lu.ma/o0fvu2n7,2026-08-15T17:00:00.000Z,San Francisco,tech,2026-07-28
How to get press without a PR agency,https://lu.ma/press,2026-08-18T00:30:00.000Z,San Francisco,tech,2026-07-28
Soft Circuit Crown Workshop | Electronic Tea Time by Nasha,https://lu.ma/o8gq6l4m,2026-08-23T01:00:00.000Z,San Francisco,tech,2026-07-28
Venmo Documentary Red Carpet Premiere,https://lu.ma/spn3lke3,2026-09-09T01:00:00.000Z,San Francisco,tech,2026-07-28
AV Academy Bootcamp: Menlo Park,https://lu.ma/AVX_MP_BCSEP26,2026-09-15T21:00:00.000Z,San Francisco,tech,2026-07-28
corgi spritz's & founders,https://lu.ma/x83g7xo5,2026-07-28T23:00:00.000Z,New York,tech,2026-07-28
Antler Interview Superday,https://lu.ma/s7to3tjy,2026-07-29T15:00:00.000Z,New York,tech,2026-07-28
Hardware Founders Manhattan Mixer,https://lu.ma/21gpbeua,2026-07-29T22:00:00.000Z,New York,tech,2026-07-28
RTM Nexus Meet Up,https://lu.ma/ro0f2ifj,2026-07-29T22:00:00.000Z,New York,tech,2026-07-28
Founders × Investors Night — FiDi Rooftop,https://lu.ma/6g6cubvd,2026-07-29T22:30:00.000Z,New York,tech,2026-07-28
Pitch & Climb - Brooklyn,https://lu.ma/e5pvo046,2026-07-29T23:00:00.000Z,New York,tech,2026-07-28
Founders & Friends,https://lu.ma/wkf15edu,2026-07-30T20:30:00.000Z,New York,tech,2026-07-28
NYC Tech Poker Night,https://lu.ma/lz25iogx,2026-07-30T23:00:00.000Z,New York,tech,2026-07-28
NYC Soccer Community Day,https://lu.ma/nyc-soccer-community-day,2026-07-31T12:30:00.000Z,New York,tech,2026-07-28
VC Institute Meet-up,https://lu.ma/oirfz2cp,2026-08-01T20:00:00.000Z,New York,tech,2026-07-28
Swift Excelsior Presents: Shipaton Begins,https://lu.ma/9h4pgmz9,2026-08-01T21:30:00.000Z,New York,tech,2026-07-28
Uplift Coffee Chats -IN PERSON EVENT,https://lu.ma/8wd7c753,2026-08-03T21:30:00.000Z,New York,tech,2026-07-28
Undefined / Aug 3rd 2026,https://lu.ma/undefined-20260803,2026-08-03T22:30:00.000Z,New York,tech,2026-07-28
Co Ventures x Aussie Founders in NYC,https://lu.ma/9jz0l805,2026-08-04T15:00:00.000Z,New York,tech,2026-07-28
"The Builder Series: Founder, Investor & Operator Nights - August 6th",https://lu.ma/thebuilderseries15,2026-08-06T22:00:00.000Z,New York,tech,2026-07-28
Swift Excelsior X Shipaton: How to Build an App101 Workshop,https://lu.ma/7s67790i,2026-08-08T22:00:00.000Z,New York,tech,2026-07-28
Brits in Tech Discuss: Cyber Security - Panel & Networking,https://lu.ma/b31onhp6,2026-08-24T22:00:00.000Z,New York,tech,2026-07-28
2026 US Open Tennis Championships Suite Experience,https://lu.ma/g87iy616,2026-09-04T14:30:00.000Z,New York,tech,2026-07-28
"Local Meetup in Brooklyn, NY!",https://lu.ma/bz3d97nd,2026-09-18T13:00:00.000Z,New York,tech,2026-07-28
Canopy Co-Working Day,https://lu.ma/1819u3ip,2026-08-04T08:00:00.000Z,London,tech,2026-07-28
A Pitch Night with Brandon Willington: From Debt to Eight Figures!,https://lu.ma/qdjf3n1x,2026-08-10T17:00:00.000Z,London,tech,2026-07-28
Pick Up The Mic Indoor Picnic & Games Night,https://lu.ma/lmjp1pnp,2026-08-14T17:30:00.000Z,London,tech,2026-07-28
Adaptive Demo Night,https://lu.ma/2w5gj3ky,2026-08-20T17:00:00.000Z,London,tech,2026-07-28
Annual General Meeting 2026,https://lu.ma/e74zujdr,2026-09-03T08:00:00.000Z,London,tech,2026-07-28
TailscaleUp London | Executive Event,https://lu.ma/7uty4yly,2026-09-22T08:00:00.000Z,London,tech,2026-07-28
Constructech Meetup - September 2026,https://lu.ma/yavi3lld,2026-09-24T17:00:00.000Z,London,tech,2026-07-28
Endorphins & Exchanges – Founders Co-work & Run,https://lu.ma/2m1i8gpo,2026-08-03T07:00:00.000Z,Berlin,tech,2026-07-28
Beyond the Paycheck: The Financial Wellbeing Edge,https://lu.ma/beyond-the-paycheck,2026-09-01T15:00:00.000Z,Berlin,tech,2026-07-28
Open Coworking,https://lu.ma/txhory4e,2026-07-28T15:00:00.000Z,Austin,tech,2026-07-28
FoundHERs GatHERing! 🎉,https://lu.ma/5o75kwr7,2026-08-04T23:00:00.000Z,Austin,tech,2026-07-28
OpenCoffee Club Austin - Downtown,https://lu.ma/txxqcv4o,2026-08-06T13:30:00.000Z,Austin,tech,2026-07-28
ATX Marketing Innovators Power Breakfast,https://lu.ma/hzhbjjiq,2026-08-13T13:30:00.000Z,Austin,tech,2026-07-28
Austin Fintech Happy Hour // Hosted by Spinwheel and Prove in Partnership with Fintechas,https://lu.ma/jps695m6,2026-08-25T22:00:00.000Z,Austin,tech,2026-07-28
Agents you Love 2: Hackathon,https://lu.ma/8lez4n99,2026-07-28T17:00:00.000Z,San Francisco,ai,2026-07-28
Circle × Pantera: The Agentic Economy,https://lu.ma/sgs5pubk,2026-07-29T00:30:00.000Z,San Francisco,ai,2026-07-28
Agents & Bagels: Weekly breakfast meet up for agent builders,https://lu.ma/plmj4nkv,2026-07-29T15:00:00.000Z,San Francisco,ai,2026-07-28
Codex Community Meetup,https://lu.ma/abj16de1,2026-07-30T00:00:00.000Z,San Francisco,ai,2026-07-28
Fundraising AMA - How I raised $15M for 6 startups from 140+ investors—even though 4 of the startups were in “not hot” categories,https://lu.ma/sfvibehouse-fundraising,2026-07-30T00:00:00.000Z,San Francisco,ai,2026-07-28
SBC DAO Workshop 2026,https://lu.ma/28l6e18l,2026-07-30T16:00:00.000Z,San Francisco,ai,2026-07-28
Café Clerk,https://lu.ma/czzutgw3,2026-07-31T01:00:00.000Z,San Francisco,ai,2026-07-28
Black Forest Labs x Nous Research: Open Studio,https://lu.ma/071qvqom,2026-08-01T01:00:00.000Z,San Francisco,ai,2026-07-28
AI Innovation Studio,https://lu.ma/5g7a63ns,2026-08-02T01:00:00.000Z,San Francisco,ai,2026-07-28
"🤖🍨 Sundae Robotics 02: Robotics, Dexterity, Cross-Embodiment & World Models — DexterityGen & SPIDER",https://lu.ma/ijfr2e6f,2026-08-02T21:00:00.000Z,San Francisco,ai,2026-07-28
硅谷清华校友会 × AI Vanguard《AI语音交互界面》校友创业项目交流会,https://lu.ma/02ng6nju,2026-08-02T22:00:00.000Z,San Francisco,ai,2026-07-28
Agents & Bagels: Weekly breakfast meet up for agent builders,https://lu.ma/9c3mtnvj,2026-08-05T15:00:00.000Z,San Francisco,ai,2026-07-28
"The Whole Stack: An Evening with Researchers, Founders, and VCs",https://lu.ma/37gfp8f1,2026-08-07T00:00:00.000Z,San Francisco,ai,2026-07-28
Software Factory #1 — Multi-Agent Orchestration Round Table,https://lu.ma/software-factory,2026-08-07T01:00:00.000Z,San Francisco,ai,2026-07-28
AI Workshop for Beginners: Private ChatGPT Experience on Your Own Computer - Running AI Locally,https://lu.ma/r8ft63zq,2026-08-08T00:30:00.000Z,San Francisco,ai,2026-07-28
👾 Hack with VoiceOS | $5k in OpenAI Credits,https://lu.ma/pxdhdo4a,2026-08-09T17:00:00.000Z,San Francisco,ai,2026-07-28
A Night of Creating: Launch Party for Gamma's Creation Index,https://lu.ma/aelgfyuw,2026-08-14T00:00:00.000Z,San Francisco,ai,2026-07-28
"Frontiers of Tech: Builders, Data & Capital",https://lu.ma/owow-h8t7,2026-08-14T00:30:00.000Z,San Francisco,ai,2026-07-28
AI Builders Forum,https://lu.ma/7kjes5bz,2026-08-19T01:00:00.000Z,San Francisco,ai,2026-07-28
"WOCs San Francisco: AI Show & Tell, hosted with Pylon",https://lu.ma/womenofcs-rikc,2026-08-21T00:00:00.000Z,San Francisco,ai,2026-07-28
"Cybersecurity at the Frontier: Benchmarking Super-Intelligent LLMs - Talk, Panel & Gourmet Dinner",https://lu.ma/tejas-rf5u,2026-09-17T01:00:00.000Z,San Francisco,ai,2026-07-28
AI in Law Departments: Beyond the Pilot,https://lu.ma/2nzc71zt,2026-09-23T23:00:00.000Z,San Francisco,ai,2026-07-28
☕️ Codex Community Meetup-San Francisco #10,https://lu.ma/t9hadxgx,2026-09-25T00:00:00.000Z,San Francisco,ai,2026-07-28
Women Applying AI | NYC Live (In Person),https://lu.ma/6qvp3dzi,2026-07-28T21:30:00.000Z,New York,ai,2026-07-28
BuzzFeed AI Demos & Happy Social Hour,https://lu.ma/1zd6999o,2026-07-30T19:00:00.000Z,New York,ai,2026-07-28
Robot Brunch Hackathon with UFactory & Viam,https://lu.ma/a1gb61fl,2026-07-31T13:30:00.000Z,New York,ai,2026-07-28
Build with Gemma NYC: On-Device AI for Healthcare,https://lu.ma/9ujmu9jp,2026-08-01T14:00:00.000Z,New York,ai,2026-07-28
The Citizen AI Project,https://lu.ma/vmcoj259,2026-08-03T21:00:00.000Z,New York,ai,2026-07-28
New York City | Claude Code for Developers,https://lu.ma/claude-wln0,2026-08-04T22:00:00.000Z,New York,ai,2026-07-28
CoClaude & CoWork NYC (Ops Edition),https://lu.ma/filament-uuw9,2026-08-05T14:00:00.000Z,New York,ai,2026-07-28
Building With AI: Hackathon Office Hours (w/ The AI Collective),https://lu.ma/aic-st-8-12,2026-08-12T22:00:00.000Z,New York,ai,2026-07-28
The AI Briefing by Startup Grind - Agentic Governance,https://lu.ma/o1sok59g,2026-08-14T14:00:00.000Z,New York,ai,2026-07-28
Housewarming!,https://lu.ma/8y549wq7,2026-08-20T22:30:00.000Z,New York,ai,2026-07-28
Healthcare AI Professionals & Builders Night (NYC),https://lu.ma/mfk3vjpf,2026-08-25T22:00:00.000Z,New York,ai,2026-07-28
Michelin Dinner: Agentic Underwriting,https://lu.ma/ngu9akhj,2026-09-09T22:00:00.000Z,New York,ai,2026-07-28
AI Search Meetup in New York,https://lu.ma/do6ww9ae,2026-09-10T21:00:00.000Z,New York,ai,2026-07-28
"Deutschland, was geht?",https://lu.ma/newspeak-yhz8,2026-07-29T18:30:00.000Z,London,ai,2026-07-28
Finance Transformation Deep-Dive,https://lu.ma/llds81ir,2026-08-27T07:00:00.000Z,London,ai,2026-07-28
Trust is the new evidence: Philanthropy in the age of AI,https://lu.ma/7tfzok6i,2026-09-10T08:30:00.000Z,London,ai,2026-07-28
HealthTech Night 🧠⚡,https://lu.ma/futura-mtcj,2026-07-29T17:00:00.000Z,Berlin,ai,2026-07-28
The Ai Implementation Club,https://lu.ma/fz7o9g8x,2026-08-02T18:00:00.000Z,Austin,ai,2026-07-28
ACCELR8 | Run!,https://lu.ma/accelr8-6bss,2026-07-29T14:30:00.000Z,San Francisco,tech,2026-07-29
Off the Record: A Lunch for YC Founders,https://lu.ma/mem0-y93i,2026-07-29T19:00:00.000Z,San Francisco,tech,2026-07-29
"midweek hustle after hours: house, $5 beer, 50c wings",https://lu.ma/jq3b9rn2,2026-07-30T00:30:00.000Z,San Francisco,tech,2026-07-29
Corgi x Briq: French Founder Meetup 🇫🇷,https://lu.ma/u0ifi864,2026-07-30T16:00:00.000Z,San Francisco,tech,2026-07-29
Thursday Communi-tea @ The Fold SF: Apollo Innovation Commons x Human Flourishing,https://lu.ma/tgb07s7t,2026-07-30T19:00:00.000Z,San Francisco,tech,2026-07-29
Builders who Run SF — 5K,https://lu.ma/4pvddtkk,2026-08-01T16:00:00.000Z,San Francisco,tech,2026-07-29
"SF Founders Night @New Delhi: Food, Drinks, No Pitches",https://lu.ma/wa4wwtpk,2026-08-02T00:00:00.000Z,San Francisco,tech,2026-07-29
Portfolio & Personal Brand Work Session,https://lu.ma/iksh8tvu,2026-08-02T20:00:00.000Z,San Francisco,tech,2026-07-29
Women/Trans/Femme - Intro to Laser Cutting,https://lu.ma/mka2a0jd,2026-08-04T02:00:00.000Z,San Francisco,tech,2026-07-29
🚀 Beyond the Bench: Deep Tech Entrepreneurship Showcase ( in Mandarin),https://lu.ma/zdin4n2p,2026-08-05T01:00:00.000Z,San Francisco,tech,2026-07-29
North Bay Creative Leaders - Happy Hour,https://lu.ma/gopoc7bf,2026-08-05T01:00:00.000Z,San Francisco,tech,2026-07-29
Lunch & Learn: NIH SBIR Workshop,https://lu.ma/80vi1fpz,2026-08-05T19:00:00.000Z,San Francisco,tech,2026-07-29
Dinner with Poshmark & Intuit's Board Member | Berkeley/Stanford Founders,https://lu.ma/akfln62x,2026-08-06T01:00:00.000Z,San Francisco,tech,2026-07-29
Sillicon Valley founders BBQ,https://lu.ma/a6d41wz9,2026-08-06T01:30:00.000Z,San Francisco,tech,2026-07-29
YC Alumni Monthly #50,https://lu.ma/19i8zze2,2026-08-06T01:30:00.000Z,San Francisco,tech,2026-07-29
For Those Who Know.,https://lu.ma/no53qpz6,2026-08-06T18:00:00.000Z,San Francisco,tech,2026-07-29
Community Showcase Night,https://lu.ma/prclry87,2026-08-07T00:00:00.000Z,San Francisco,tech,2026-07-29
"Everyone Lies in Silicon Valley: Raising, Surviving, and Building for the Long Game",https://lu.ma/berkeley-3rlj,2026-08-07T01:00:00.000Z,San Francisco,tech,2026-07-29
Agora Series: Interdisciplinary Salons for the New Renaissance #2,https://lu.ma/1x8zdbv6,2026-08-08T01:00:00.000Z,San Francisco,tech,2026-07-29
🌐 Methane Cluster Kickoff- Solving for Methane (In-Person),https://lu.ma/gh7tmbep,2026-08-14T00:00:00.000Z,San Francisco,tech,2026-07-29
Founders and Funders Lunch,https://lu.ma/q1mdyhys,2026-08-14T19:00:00.000Z,San Francisco,tech,2026-07-29
Hardware Pitch Night,https://lu.ma/s1szlu9h,2026-08-21T01:00:00.000Z,San Francisco,tech,2026-07-29
Park Meetup For Designers 🌳,https://lu.ma/7eor5kgm,2026-08-22T18:00:00.000Z,San Francisco,tech,2026-07-29
Pyrios x Khorium - VIP Networking Happy Hour,https://lu.ma/9qasuaro,2026-08-22T18:00:00.000Z,San Francisco,tech,2026-07-29
KSC Founders Pitch Day | August 2026,https://lu.ma/j83l497h,2026-08-27T22:30:00.000Z,San Francisco,tech,2026-07-29
VC/LP Fundraising Kickoff Night,https://lu.ma/6i9sei8v,2026-08-28T01:00:00.000Z,San Francisco,tech,2026-07-29
DAF 101: Why Smart VCs and Founders Never Donate Cash,https://lu.ma/6656f0y2,2026-09-11T01:00:00.000Z,San Francisco,tech,2026-07-29
"HOP Graduation, Class of 2025",https://lu.ma/a9uct4us,2026-09-17T16:00:00.000Z,San Francisco,tech,2026-07-29
Amplify San Francisco | AppTweak & Vibe.co,https://lu.ma/s31n0jgx,2026-09-23T18:30:00.000Z,San Francisco,tech,2026-07-29
Taiwan Tech Summit 2026,https://lu.ma/fum0o6xh,2026-09-26T16:00:00.000Z,San Francisco,tech,2026-07-29
Gerrit User Summit,https://lu.ma/h8c7b5xo,2026-11-09T18:30:00.000Z,San Francisco,tech,2026-07-29
Tavern Happy Hour with Founder Benji Schwartz,https://lu.ma/tavern-2fyf,2026-07-29T21:00:00.000Z,New York,tech,2026-07-29
Invite from Darius Somekhian for Wednesday Dinner Fundraising Dinner at Kolbeh Kabob with CEO J. Scotch McClure from Maxwell Bioscience,https://lu.ma/dds-Maxwell,2026-07-29T23:00:00.000Z,New York,tech,2026-07-29
Open House at Fat Cat Fab Lab,https://lu.ma/qw9hck4j,2026-07-29T23:00:00.000Z,New York,tech,2026-07-29
Soma Capital: Founders x Interns,https://lu.ma/xcitwo0j,2026-07-29T23:30:00.000Z,New York,tech,2026-07-29
[Founders Only] DTC Founders Dinner with The Vulcan Agency × DTC Builders,https://lu.ma/lap24t9g,2026-08-06T23:00:00.000Z,New York,tech,2026-07-29
The High Line Founder and Investor Walk by Catalyst Intro,https://lu.ma/ahvxlyzp,2026-08-07T13:30:00.000Z,New York,tech,2026-07-29
Founders Friday by Neo with Shaan Arora,https://lu.ma/2p9fuixt,2026-08-07T14:00:00.000Z,New York,tech,2026-07-29
Makerspace Series / Workshop 03: Cyberdeck,https://lu.ma/1eje51iz,2026-08-09T19:00:00.000Z,New York,tech,2026-07-29
"TechWalk | NYC, 8/14",https://lu.ma/wpbj0ue5,2026-08-14T13:00:00.000Z,New York,tech,2026-07-29
"Local Meetup in Woodbridge, NJ!",https://lu.ma/3745xz0l,2026-08-14T21:00:00.000Z,New York,tech,2026-07-29
Pre-Seed → Series B Founder Brunch with Comp AI,https://lu.ma/ol8gbclk,2026-08-18T13:30:00.000Z,New York,tech,2026-07-29
Bogeys & Builders Vol. 02,https://lu.ma/bogeys.builders,2026-08-20T21:00:00.000Z,New York,tech,2026-07-29
Coffee & Code: Culture Edition,https://lu.ma/4n4t2j1y,2026-08-25T14:00:00.000Z,New York,tech,2026-07-29
2026 K-Innovation Business Matchmaking @New York,https://lu.ma/nsljimdr,2026-09-09T14:00:00.000Z,New York,tech,2026-07-29
UNC Alumni Networking Happy Hour: NYC,https://lu.ma/j0qi38bq,2026-09-16T21:00:00.000Z,New York,tech,2026-07-29
Preparing for Emerging Mobility: Autonomous Vehicles and Mobility Horizons,https://lu.ma/parking-bfim,2026-09-24T19:00:00.000Z,New York,tech,2026-07-29
Club Redilee - Founders Evening,https://lu.ma/zxzlcnsw,2026-08-04T16:30:00.000Z,London,tech,2026-07-29
Founder Cowork Club: Focus and Flow with Special Guest Lindsay Brielle Strouse,https://lu.ma/pejpb6d5,2026-08-06T08:00:00.000Z,London,tech,2026-07-29
EF x Omnea - Lessons for Future Founders,https://lu.ma/l2wpjv59,2026-08-06T17:00:00.000Z,London,tech,2026-07-29
PEF: Padel & Paella,https://lu.ma/postexit-8a3y,2026-08-06T18:00:00.000Z,London,tech,2026-07-29
Introduction to Electronics and Computing,https://lu.ma/28k4t2x9,2026-08-10T17:00:00.000Z,London,tech,2026-07-29
08. Rooftop Summer Social,https://lu.ma/0jszebh3,2026-08-11T17:30:00.000Z,London,tech,2026-07-29
Reset: Run Club with Alice Polle,https://lu.ma/my6raudr,2026-08-18T06:00:00.000Z,London,tech,2026-07-29
zeroheight presents hops & props london 001 - an evening of talks and drinks,https://lu.ma/o8xc45pn,2026-08-20T17:00:00.000Z,London,tech,2026-07-29
Member Drinks Social,https://lu.ma/utrkadwz,2026-08-20T18:00:00.000Z,London,tech,2026-07-29
"Game Development on Linux: Free, Open and Powerful",https://lu.ma/ty52kik7,2026-08-25T17:00:00.000Z,London,tech,2026-07-29
"Aperture Sessions London, sponsored by Superwall",https://lu.ma/fjbucey8,2026-09-01T17:30:00.000Z,London,tech,2026-07-29
"Consumer Health, Longevity & the New Care Economy",https://lu.ma/66j90z1s,2026-09-02T09:00:00.000Z,London,tech,2026-07-29
Startup2Stepup - The London Walk for Founders,https://lu.ma/5ezics6h,2026-09-03T12:00:00.000Z,London,tech,2026-07-29
Contractors on Tap,https://lu.ma/adbnyssl,2026-09-09T17:00:00.000Z,London,tech,2026-07-29
Demo Night - The Return,https://lu.ma/w7o2nhp1,2026-09-09T17:00:00.000Z,London,tech,2026-07-29
London - Mercia Ventures NED Dinner,https://lu.ma/zmepxv0c,2026-09-23T17:30:00.000Z,London,tech,2026-07-29
AML TALKS - KPMG | Regpit,https://lu.ma/nd8azmw2,2026-09-17T14:00:00.000Z,Berlin,tech,2026-07-29
Community Coworking + Founder Round Table (Special Edition),https://lu.ma/epviksa6,2026-07-31T15:00:00.000Z,Austin,tech,2026-07-29
digital privacy workshop,https://lu.ma/y0delxum,2026-08-04T22:00:00.000Z,Austin,tech,2026-07-29
Founder Coffee Tasting (founders),https://lu.ma/op4q5yvi,2026-08-11T14:30:00.000Z,Austin,tech,2026-07-29
ScaleUp Bootcamp,https://lu.ma/ji9bcgio,2026-09-16T21:00:00.000Z,Austin,tech,2026-07-29
July 29 | Columbia University Bay Area Asian Alumni Gathering,https://lu.ma/82xo611w,2026-07-30T00:30:00.000Z,San Francisco,ai,2026-07-29
AI GTM After-Work Gathering,https://lu.ma/simular-kd21,2026-07-30T01:00:00.000Z,San Francisco,ai,2026-07-29
Applied Frontier #2: TBD | Frontier Labs,https://lu.ma/6fg7hube,2026-07-31T01:00:00.000Z,San Francisco,ai,2026-07-29
10x Yourself: Chief of Staff Dinner,https://lu.ma/Minds2,2026-07-31T01:30:00.000Z,San Francisco,ai,2026-07-29
Building Trust Infrastructure for the AI Era - By Griting,https://lu.ma/0o6n7pef,2026-07-31T03:00:00.000Z,San Francisco,ai,2026-07-29
Vibe Night Demos (#22),https://lu.ma/sfvibehouse,2026-08-01T01:00:00.000Z,San Francisco,ai,2026-07-29
Agentic AI Summit After Hours,https://lu.ma/4o529bs0,2026-08-02T01:00:00.000Z,San Francisco,ai,2026-07-29
9Zero x Vectors Capital Community Lunch & Learn: Data Center Series - China vs U.S.,https://lu.ma/22tpqm4s,2026-08-03T19:00:00.000Z,San Francisco,ai,2026-07-29
Workato AI BuildHERs,https://lu.ma/cacis465,2026-08-05T00:30:00.000Z,San Francisco,ai,2026-07-29
The Model Question: Routing Models for Production Agents,https://lu.ma/gmicloud-384l,2026-08-05T01:30:00.000Z,San Francisco,ai,2026-07-29
Zen & AI: Technology in Service of Human Flourishing,https://lu.ma/1po8fwd5,2026-08-05T01:30:00.000Z,San Francisco,ai,2026-07-29
Human Longevity: Whole Genome Deep Dive,https://lu.ma/15dfrjgo,2026-08-06T01:00:00.000Z,San Francisco,ai,2026-07-29
"How AI Is Reshaping Technology Business Models, and What It Means for Technology Sales",https://lu.ma/njcamizt,2026-08-07T00:30:00.000Z,San Francisco,ai,2026-07-29
Reimagining Proteins with AI: Antibodies and Beyond,https://lu.ma/2qiy3z11,2026-08-07T00:30:00.000Z,San Francisco,ai,2026-07-29
"Fireside Chat with Dan Wright, CEO of Armada AI",https://lu.ma/9e1q857c,2026-08-11T19:00:00.000Z,San Francisco,ai,2026-07-29
Spark Tank by super{set},https://lu.ma/kw0izstx,2026-08-12T00:00:00.000Z,San Francisco,ai,2026-07-29
Voice AI Workshop - SF Bay Area,https://lu.ma/agoraio-cbba,2026-08-13T00:30:00.000Z,San Francisco,ai,2026-07-29
The Persistent Context Sprint Hackathon | Live at MongoDB .Local Build Fest,https://lu.ma/3ck0cd9g,2026-08-13T19:30:00.000Z,San Francisco,ai,2026-07-29
Agentic Coding Workshop 007: Agents Across Platforms,https://lu.ma/hpovcp0q,2026-08-14T16:30:00.000Z,San Francisco,ai,2026-07-29
Ship It: TTS Edition,https://lu.ma/deepgram-4yld,2026-08-19T01:00:00.000Z,San Francisco,ai,2026-07-29
SVH Capital Presents: Robotics & AI Global Showcase,https://lu.ma/roboticsaiaug26,2026-08-19T19:00:00.000Z,San Francisco,ai,2026-07-29
Founders' Studio: Builders Night,https://lu.ma/deepgram-iti1,2026-08-20T01:00:00.000Z,San Francisco,ai,2026-07-29
Women Applying AI | Live (In Person) - Los Altos (San Francisco Bay Area),https://lu.ma/l6pskexj,2026-08-21T01:00:00.000Z,San Francisco,ai,2026-07-29
GMI Summer Signal '26 - The Modern Renaissance,https://lu.ma/gmicloud-ysuc,2026-08-24T19:00:00.000Z,San Francisco,ai,2026-07-29
"Embodied AI Night: Founders, Builders, and Researchers",https://lu.ma/7tvf89y2,2026-08-26T01:00:00.000Z,San Francisco,ai,2026-07-29
"AI, X-rays, and Manufacturing: Lumafield SF Open House and Live Go/No-Go Recording",https://lu.ma/uo8fmq5o,2026-08-27T00:00:00.000Z,San Francisco,ai,2026-07-29
Tenki for Startups Kick-Off,https://lu.ma/luxorkickoff,2026-08-29T00:00:00.000Z,San Francisco,ai,2026-07-29
AI 101 Series: Be the Answer When AI Gets Asked,https://lu.ma/vaeql259,2026-09-03T01:00:00.000Z,San Francisco,ai,2026-07-29
AI Design Thinking Workshop by SDN SF x Miro,https://lu.ma/9sunjbvp,2026-09-10T23:30:00.000Z,San Francisco,ai,2026-07-29
AI Reality Summit,https://lu.ma/ai-reality-summit,2026-09-28T15:00:00.000Z,San Francisco,ai,2026-07-29
Silicon Valley AI/Tech Investing Summit---Attend or Pitch,https://lu.ma/o0if43el,2026-10-12T20:30:00.000Z,San Francisco,ai,2026-07-29
Girlie Pops Who VibeCode,https://lu.ma/s3a50t13,2026-08-07T22:00:00.000Z,New York,ai,2026-07-29
LangChain NY Meetup: LLM Wikis and Managing Agent Context,https://lu.ma/uf8g8uwg,2026-08-13T22:00:00.000Z,New York,ai,2026-07-29
FountainHead RI (FHRI) Leadership Exchange: New York,https://lu.ma/hg70rqbz,2026-08-16T15:00:00.000Z,New York,ai,2026-07-29
Voice AI Workshop - NYC,https://lu.ma/pwwt80eq,2026-08-18T21:30:00.000Z,New York,ai,2026-07-29
Omnigent & Multi-Agent Coding Meetup @ Databricks NYC,https://lu.ma/omnigent_multi-agent_coding819,2026-08-19T21:00:00.000Z,New York,ai,2026-07-29
Power What's Possible: Build Enterprise Production-Ready AI Workflows in a Day,https://lu.ma/99g3pjbn,2026-08-20T13:00:00.000Z,New York,ai,2026-07-29
"AI, Food, and Water: Designing Systems for Lasting Security",https://lu.ma/ai-food-water-cwnyc26,2026-09-24T13:00:00.000Z,New York,ai,2026-07-29
AI After 5 x C-réer: What happens after 5?,https://lu.ma/0jc81ae0,2026-07-29T16:00:00.000Z,London,ai,2026-07-29
"God, the Bible & AI",https://lu.ma/4ykujjxd,2026-07-30T17:00:00.000Z,London,ai,2026-07-29
AI Native Club Run London :: 005,https://lu.ma/sqfe7ggu,2026-08-02T17:00:00.000Z,London,ai,2026-07-29
🔥 Ops Club Sessions: The Art of the Possible with AI (for Hospitality),https://lu.ma/5tvszbco,2026-09-30T12:00:00.000Z,London,ai,2026-07-29
Content club @canva,https://lu.ma/phvao3hd,2026-10-08T09:00:00.000Z,London,ai,2026-07-29
Education & AI Connect: Emerging Technologies and How AI Is Reshaping Int’l Student Recruitment,https://lu.ma/edusolvsalesforce,2026-10-09T08:30:00.000Z,London,ai,2026-07-29
Your Human Edge in the AI Era: Leading without Burning Out,https://lu.ma/fifmiabp,2026-07-29T15:00:00.000Z,Berlin,ai,2026-07-29
#05 What do designers still get to decide?,https://lu.ma/yjpy1rcr,2026-08-01T13:00:00.000Z,Berlin,ai,2026-07-29
Touring the AI Safety Circut with a Safe-By-Design Agenda around Human Empowerment,https://lu.ma/oti6jg0y,2026-08-05T15:00:00.000Z,Berlin,ai,2026-07-29
Die zukunftssichere HNO-Praxis,https://lu.ma/l8pqkb2d,2026-09-11T15:30:00.000Z,Berlin,ai,2026-07-29
Agents that Ship Workshop,https://lu.ma/agents-that-ship,2026-08-01T14:00:00.000Z,Lima,ai,2026-07-29
"Autonomy in Motion: Drones, UAV, USV, UUV & Supply Chains - Texas Physical AI Meetup",https://lu.ma/kobzkzsz,2026-08-01T21:00:00.000Z,Austin,ai,2026-07-29
Austin | Intro to Harness Engineering | Build & Brew,https://lu.ma/sdngb9c9,2026-08-03T22:30:00.000Z,Austin,ai,2026-07-29
Where is AI in 2026 and Where is it Going?,https://lu.ma/aisap-fpec,2026-08-04T23:00:00.000Z,Austin,ai,2026-07-29
Private Dinner in Austin: AI Agents — From PoC to Production,https://lu.ma/y6nw6hf5,2026-08-11T22:30:00.000Z,Austin,ai,2026-07-29
Clawstin - August Meetup,https://lu.ma/ctxe78xv,2026-08-13T23:00:00.000Z,Austin,ai,2026-07-29
AI Builder Journey 02: Build Your First AI Product | by Manus Fellow,https://lu.ma/d249jze7,2026-08-27T22:30:00.000Z,Austin,ai,2026-07-29
Slop Free Coworking,https://lu.ma/ppmcd42l,2026-07-31T17:00:00.000Z,San Francisco,tech,2026-07-30
Founders Running Club :: SF,https://lu.ma/0ilyojt6,2026-08-01T16:30:00.000Z,San Francisco,tech,2026-07-30
EF X SummerIn Coast-to-Coast Hackathon,https://lu.ma/u7udmvjk,2026-08-01T18:00:00.000Z,San Francisco,tech,2026-07-30
Rooftop Happy Hour,https://lu.ma/d04ciyns,2026-08-02T01:00:00.000Z,San Francisco,tech,2026-07-30
Women's Founder Night,https://lu.ma/m6gib2iu,2026-08-04T01:00:00.000Z,San Francisco,tech,2026-07-30
Drinks & Dinner with Yape + Credicorp,https://lu.ma/rgvg3cjw,2026-08-05T02:30:00.000Z,San Francisco,tech,2026-07-30
"TechWalk | Silicon Valley, 8/5",https://lu.ma/dye0zwep,2026-08-06T01:00:00.000Z,San Francisco,tech,2026-07-30
Pre-OSL Coworking Popup 〰️ Scale Venture Partners,https://lu.ma/scale-c20e,2026-08-06T16:00:00.000Z,San Francisco,tech,2026-07-30
Investors Yacht Cruise,https://lu.ma/mzlqza43,2026-08-07T21:30:00.000Z,San Francisco,tech,2026-07-30
Paint and Sip: Art and Technology,https://lu.ma/rko0ggcy,2026-08-09T00:30:00.000Z,San Francisco,tech,2026-07-30
Founders Run Club SF x MongoDB | .local Build Fest Week,https://lu.ma/3i1vzdfr,2026-08-12T15:30:00.000Z,San Francisco,tech,2026-07-30
Celltrio Summer Innovation Open House,https://lu.ma/zs0irr0l,2026-08-12T22:00:00.000Z,San Francisco,tech,2026-07-30
Bay Area Impact Ecosystem Happy Hour,https://lu.ma/vrl0uy0g,2026-08-13T00:00:00.000Z,San Francisco,tech,2026-07-30
DATA STRUCTURES & ALGORITHMS STUDY GROUP,https://lu.ma/5delf7kd,2026-08-14T01:30:00.000Z,San Francisco,tech,2026-07-30
SF Boilermaker Founder Meetup @ Third Coast Foundry,https://lu.ma/ixf3nmm8,2026-08-14T23:00:00.000Z,San Francisco,tech,2026-07-30
A Night of Computational Theater,https://lu.ma/h4fol217,2026-08-20T01:30:00.000Z,San Francisco,tech,2026-07-30
Founders Dinner at Harris' Steakhouse,https://lu.ma/yfjmh6xg,2026-08-21T02:00:00.000Z,San Francisco,tech,2026-07-30
AntlerVC / Apify / Bolt / N8N Hackathon,https://lu.ma/apify-v8vw,2026-08-22T17:00:00.000Z,San Francisco,tech,2026-07-30
UW MSDS Bay Area Summer Mixer,https://lu.ma/p1wicm8z,2026-08-22T20:00:00.000Z,San Francisco,tech,2026-07-30
Bitwarden Bytes: San Francisco happy hour,https://lu.ma/bitwarden-bytes-sf,2026-08-27T00:30:00.000Z,San Francisco,tech,2026-07-30
Berkeley's Next Wave: A Deep Tech Founder & Investor Mixer,https://lu.ma/berkeley-2seh,2026-09-01T23:30:00.000Z,San Francisco,tech,2026-07-30
Propel Coworking 1.0 · The Wilson x Wayo Club,https://lu.ma/propelcoworking1.0,2026-07-30T14:00:00.000Z,New York,tech,2026-07-30
ShopDoLess.Com Launch Party by Anwar Enterprises,https://lu.ma/anwar-mbyi,2026-08-01T22:30:00.000Z,New York,tech,2026-07-30
on Mercury - NY,https://lu.ma/on-mercury-nyc,2026-08-04T13:00:00.000Z,New York,tech,2026-07-30
Stripe Dinner,https://lu.ma/pm7ju8nh,2026-08-04T23:00:00.000Z,New York,tech,2026-07-30
Open House at Fat Cat Fab Lab,https://lu.ma/4uslhq8h,2026-08-05T23:00:00.000Z,New York,tech,2026-07-30
August Healthcare Coffee Meet Up,https://lu.ma/oaip1bg8,2026-08-07T12:30:00.000Z,New York,tech,2026-07-30
Aug Oyster Happy Hour @ The Yard,https://lu.ma/fm77uqwj,2026-08-07T20:30:00.000Z,New York,tech,2026-07-30
NYC MoGraph August Meetup,https://lu.ma/qspjjp8g,2026-08-11T23:00:00.000Z,New York,tech,2026-07-30
Clip Content #2: The Fork in the Road,https://lu.ma/ly4mt817,2026-08-12T22:30:00.000Z,New York,tech,2026-07-30
Founder Breakfast - Eight Seats.,https://lu.ma/n9qg4jsr,2026-08-19T12:30:00.000Z,New York,tech,2026-07-30
Pitch Roast Live - August,https://lu.ma/pitchroastaugust,2026-08-19T22:30:00.000Z,New York,tech,2026-07-30
Ornn Institutional Compute Desk Event at NYSE,https://lu.ma/22m7npfh,2026-08-20T19:00:00.000Z,New York,tech,2026-07-30
"TechWalk | NYC, 8/21",https://lu.ma/xu3750rp,2026-08-21T13:00:00.000Z,New York,tech,2026-07-30
OOO Boat Edition with KTN & Friends,https://lu.ma/hyg9p4ry,2026-08-28T22:30:00.000Z,New York,tech,2026-07-30
September Healthcare Coffee Meet Up,https://lu.ma/dg8ef8wt,2026-09-04T12:30:00.000Z,New York,tech,2026-07-30
NYC Founder & Investor Dinner,https://lu.ma/tqv3fry4,2026-09-16T23:00:00.000Z,New York,tech,2026-07-30
The Cool House: The Unofficial Cooling Destination of Climate Week NYC,https://lu.ma/x9325kwa,2026-09-22T14:00:00.000Z,New York,tech,2026-07-30
The Night Shift,https://lu.ma/ojbsfzak,2026-07-31T17:00:00.000Z,London,tech,2026-07-30
EF saturday_club,https://lu.ma/k1m0zvov,2026-08-01T09:30:00.000Z,London,tech,2026-07-30
PowGR Investment Strategy Room,https://lu.ma/lysztyq0,2026-08-06T12:00:00.000Z,London,tech,2026-07-30
First Commit – Where Founding Engineers & Founders Meet,https://lu.ma/dex-prnq,2026-08-06T17:30:00.000Z,London,tech,2026-07-30
🍣 FoundHers Table Vol. 1 - Sushi & Pitches,https://lu.ma/rzwl9u4k,2026-08-07T17:00:00.000Z,London,tech,2026-07-30
"Startup Funding & Networking: VCs, Angels & Founders",https://lu.ma/ntl-0l69,2026-08-18T17:30:00.000Z,London,tech,2026-07-30
CultureBlocs - Creative x Tech Summer Meetup,https://lu.ma/4083pmnh,2026-08-19T17:30:00.000Z,London,tech,2026-07-30
⚽ Startup Athletic 006 ⚽,https://lu.ma/qhem6t5o,2026-08-19T18:00:00.000Z,London,tech,2026-07-30
"Aura Talks: Product Data & Analytics for the Modern Engineer - with Will Cottrell, Head of Data Science at Numan (Ex Deliveroo)",https://lu.ma/868fo231,2026-08-20T17:00:00.000Z,London,tech,2026-07-30
Data-Driven Occupancy: The Foundation of High-Performance Smart Buildings - Roundtable,https://lu.ma/oaku4zq1,2026-09-09T10:00:00.000Z,London,tech,2026-07-30
AdTech Connect: Explain It Like I'm Five,https://lu.ma/a12150b2,2026-09-09T16:30:00.000Z,London,tech,2026-07-30
One Knight at the Pub October 2026,https://lu.ma/hqjkgezy,2026-10-22T17:00:00.000Z,London,tech,2026-07-30
One Knight at the Pub December 2026,https://lu.ma/gny0a9hl,2026-12-16T18:00:00.000Z,London,tech,2026-07-30
CIC Berlin Experience Day,https://lu.ma/b3fitwd7,2026-07-30T07:00:00.000Z,Berlin,tech,2026-07-30
Open Coworking Day 🌿,https://lu.ma/ee8c6tsa,2026-07-30T07:30:00.000Z,Berlin,tech,2026-07-30
Morning Walk & Talk | Deep Work Club x The Delta,https://lu.ma/3s6fs228,2026-08-13T06:30:00.000Z,Berlin,tech,2026-07-30
Texas Cyber Vendor Alliance @ Zanzibar,https://lu.ma/nrtoc4xz,2026-07-30T21:30:00.000Z,Austin,tech,2026-07-30
Boozyless: Meditation & Psychedelics Discussion w/ Andy Wolfe (founders),https://lu.ma/kbe9vo9d,2026-09-03T21:30:00.000Z,Austin,tech,2026-07-30
SaaSy Swing | ATX Marketing Innovators @ Venture Week,https://lu.ma/uuri9nzo,2026-09-22T22:00:00.000Z,Austin,tech,2026-07-30
"Pax Silica Drinks Reception – SF, 30 July",https://lu.ma/pax-silica-3-drinks,2026-07-31T01:00:00.000Z,San Francisco,ai,2026-07-30
a1mobile Voice AI 1 day Hackathon - $4000 in Prizes,https://lu.ma/f8cratbb,2026-07-31T16:00:00.000Z,San Francisco,ai,2026-07-30
Hilbert Co-Work 2.0,https://lu.ma/n26d3l6s,2026-07-31T20:00:00.000Z,San Francisco,ai,2026-07-30
San Francisco | Claude Conversation,https://lu.ma/claude-uumk,2026-08-01T01:00:00.000Z,San Francisco,ai,2026-07-30
CIMC Hackathon: Distributed Mind Sandbox Coopetition,https://lu.ma/hjnbiqd5,2026-08-01T17:00:00.000Z,San Francisco,ai,2026-07-30
Silicon Valley Power Infrastructure Meetup,https://lu.ma/grzr9pso,2026-08-01T23:00:00.000Z,San Francisco,ai,2026-07-30
From Newcomer to Insider - Immigrant Founders Party,https://lu.ma/iblz54oi,2026-08-02T00:00:00.000Z,San Francisco,ai,2026-07-30
Outside LLMs III,https://lu.ma/OutsideLLMS3,2026-08-02T20:00:00.000Z,San Francisco,ai,2026-07-30
AI Founders & Researcher Dinner,https://lu.ma/paqyqao9,2026-08-03T02:00:00.000Z,San Francisco,ai,2026-07-30
Recursively Self-Improving AI & AI Neofactories,https://lu.ma/e23fljnm,2026-08-05T00:00:00.000Z,San Francisco,ai,2026-07-30
AI Founder & Builder Poker Night | .local Build Fest Week,https://lu.ma/9h0c6wgu,2026-08-06T01:30:00.000Z,San Francisco,ai,2026-07-30
From First Customers to Repeatable Growth,https://lu.ma/fxwyfyx3,2026-08-07T00:00:00.000Z,San Francisco,ai,2026-07-30
GOAI Open-source Pioneer Summit | Silicon Valley Stop,https://lu.ma/cxu2xd95,2026-08-08T20:30:00.000Z,San Francisco,ai,2026-07-30
The AI Risk Reserve | Socure,https://lu.ma/i6nkpcyt,2026-08-12T17:00:00.000Z,San Francisco,ai,2026-07-30
AI Dev Showcase Night at Workato,https://lu.ma/q9z99fhe,2026-08-13T00:30:00.000Z,San Francisco,ai,2026-07-30
Best Move Club: Chess Community Event Series,https://lu.ma/openro-y6oq,2026-08-13T00:30:00.000Z,San Francisco,ai,2026-07-30
The AGI Transition: How AI Affects Work and Life,https://lu.ma/aisap-07pt,2026-08-13T01:00:00.000Z,San Francisco,ai,2026-07-30
ZETIC AI Builder’s Night 🍕: What if you can build On-device AI in 1 hour?,https://lu.ma/49dipf9r,2026-08-13T01:00:00.000Z,San Francisco,ai,2026-07-30
AI + Infrastructure Leaders Dinner,https://lu.ma/ai-infra-aug12-2026,2026-08-13T02:00:00.000Z,San Francisco,ai,2026-07-30
Women in AI x Equinox: A Private Wellness Evening,https://lu.ma/cjf10p73,2026-08-13T02:00:00.000Z,San Francisco,ai,2026-07-30
Humanoid Sound Bath,https://lu.ma/gjo9ws1t,2026-08-15T18:00:00.000Z,San Francisco,ai,2026-07-30
Find Your First 100 Customers Power Panel (ft. Apollo) 🚀,https://lu.ma/MGxApolloSF,2026-08-18T00:30:00.000Z,San Francisco,ai,2026-07-30
Towards Personal AGI —— A private salon for researchers and investors.,https://lu.ma/xogw7z7k,2026-08-18T01:00:00.000Z,San Francisco,ai,2026-07-30
From Frontier Research to Global Impact: Hon Hai Research Institute in Silicon Valley,https://lu.ma/sv-u5yy,2026-08-18T20:00:00.000Z,San Francisco,ai,2026-07-30
AI Happy Hour hosted by Founders Bay x Founder Institute,https://lu.ma/yk7rnh3h,2026-08-20T00:00:00.000Z,San Francisco,ai,2026-07-30
NATEA Silicon Valley Summer Happy Hour: AI tips and tricks,https://lu.ma/ticqfdf8,2026-08-22T00:00:00.000Z,San Francisco,ai,2026-07-30
Oracle Founders & Executives Dinner,https://lu.ma/92ibwsd9,2026-08-25T01:00:00.000Z,San Francisco,ai,2026-07-30
CISO Roundtable Dinner,https://lu.ma/jd7xiw8i,2026-08-27T00:30:00.000Z,San Francisco,ai,2026-07-30
AI in Finance: Roundtable for F&A Leaders,https://lu.ma/8rltnp9j,2026-09-16T00:30:00.000Z,San Francisco,ai,2026-07-30
Voice Agents Forum,https://lu.ma/voiceagentssf,2026-09-16T16:00:00.000Z,San Francisco,ai,2026-07-30
Halogen VC Bay Area Networking Event,https://lu.ma/0pmvt8ub,2026-09-17T16:30:00.000Z,San Francisco,ai,2026-07-30
"SVAI Hub: One-Year Celebration! AI, Community & What Comes Next",https://lu.ma/7mdzwof8,2026-09-23T00:00:00.000Z,San Francisco,ai,2026-07-30
GenMedia Conference 2026 Registration,https://lu.ma/zwnmf3oo,2026-09-24T16:00:00.000Z,San Francisco,ai,2026-07-30
🐟 Fish Audio's $52M Toast: Voice AI Happy Hour in NYC,https://lu.ma/g7o47tx3,2026-07-30T21:00:00.000Z,New York,ai,2026-07-30
LongHash Ventures VIP Dinner | New York,https://lu.ma/iro7xief,2026-08-05T23:00:00.000Z,New York,ai,2026-07-30
Raingentic Commerce Hackathon NYC,https://lu.ma/encode-2gj9,2026-08-08T13:00:00.000Z,New York,ai,2026-07-30
How I Closed My First 6 Figure Deal: A Fireside Chat w. Apollo's Alexa Grabell,https://lu.ma/MGxApolloNYC,2026-08-25T22:00:00.000Z,New York,ai,2026-07-30
NJ FAST Selection Day 2026,https://lu.ma/jkwhxcj1,2026-09-08T17:00:00.000Z,New York,ai,2026-07-30
Open House New York,https://lu.ma/sl4dcdhx,2026-09-10T13:00:00.000Z,New York,ai,2026-07-30
AI and Energy Climate Startup Pitch Event by Remarkable Ventures Climate Hosted by SVB,https://lu.ma/phwo6q58,2026-09-25T17:00:00.000Z,New York,ai,2026-07-30
AI Safety Cinema Society #1: The AI Doc + Seat at the Table,https://lu.ma/kp2cff0u,2026-07-31T16:30:00.000Z,London,ai,2026-07-30
Ship & Chips: Open Tech/AI Demos,https://lu.ma/tw7gyfm7,2026-08-07T12:30:00.000Z,London,ai,2026-07-30
Between Boom and Doom,https://lu.ma/b99z0ue3,2026-08-07T18:30:00.000Z,London,ai,2026-07-30
"Exclusive AI, Cybersecurity, Cloud & Emerging Technologies at Vonage",https://lu.ma/ntl-l92c,2026-08-11T17:00:00.000Z,London,ai,2026-07-30
{Tech: Europe} x VEED Hackathon | The Summer Lock-In,https://lu.ma/london-summer-lock-in,2026-08-22T08:30:00.000Z,London,ai,2026-07-30
[London] Is my product even defensible in the age of AI?,https://lu.ma/4nff7m72,2026-10-21T17:00:00.000Z,London,ai,2026-07-30
The Full Revenue Stack: AI Pricing meets AI-Powered GTM,https://lu.ma/57616eic,2026-08-27T15:30:00.000Z,Berlin,ai,2026-07-30
Austin | Claude Workshop for Beginners,https://lu.ma/claude-4rps,2026-07-30T23:00:00.000Z,Austin,ai,2026-07-30
Claude MasterClass,https://lu.ma/ot0ksn9a,2026-08-08T14:30:00.000Z,Austin,ai,2026-07-30
"Cohort 6, Gold Event Day",https://lu.ma/1ljdut5a,2026-08-10T13:00:00.000Z,Austin,ai,2026-07-30
AITX Community Monthly Meetup,https://lu.ma/aitx-aug26,2026-08-25T22:30:00.000Z,Austin,ai,2026-07-30
Devtools founders coffee and waffles: Go-To-Market,https://lu.ma/2h5p99f6,2026-08-04T16:00:00.000Z,San Francisco,tech,2026-07-31
MESA & BAOC Internship Presentations,https://lu.ma/rm2wxl8x,2026-08-05T19:00:00.000Z,San Francisco,tech,2026-07-31
The RelaXi Curator Lab 001: How We Relax Through Time,https://lu.ma/vv63s2ze,2026-08-05T21:00:00.000Z,San Francisco,tech,2026-07-31
Global Venture Lunch Club,https://lu.ma/sj4boo5g,2026-08-10T18:00:00.000Z,San Francisco,tech,2026-07-31
Sony SH800 Training @ 953 Indiana,https://lu.ma/8gl1plop,2026-08-11T17:00:00.000Z,San Francisco,tech,2026-07-31
🔗 Operator Peer Group | Meetup,https://lu.ma/9zero-1smb,2026-08-12T00:00:00.000Z,San Francisco,tech,2026-07-31
Deep Tech Startups in the Age of AI by Fifty Years,https://lu.ma/omjqw3uk,2026-08-13T00:00:00.000Z,San Francisco,tech,2026-07-31
Ultrasound Innovators Unite!,https://lu.ma/f0zlas7n,2026-08-13T00:00:00.000Z,San Francisco,tech,2026-07-31
Nucleate x NFX: From Lab to Venture-Backed Biotech,https://lu.ma/n9msxql2,2026-08-13T00:30:00.000Z,San Francisco,tech,2026-07-31
HARD RESET PRESENTS: Berry foraging + a guided discussion in the Presidio with @TheBayForager!,https://lu.ma/6xnjooad,2026-08-15T17:00:00.000Z,San Francisco,tech,2026-07-31
Cybersentics Book Club August 2026: Ghastly Marionettes,https://lu.ma/0fvkcmej,2026-08-16T19:00:00.000Z,San Francisco,tech,2026-07-31
PITCH INVESTORS @ RAISI X FINIX PITCH NIGHT - SF VENTURE WEEK,https://lu.ma/raisi-0ilr,2026-08-18T01:30:00.000Z,San Francisco,tech,2026-07-31
Majulah Abroad (SF): A Student Panel + Mixer on Navigating Life & Career Overseas,https://lu.ma/3bd9nnuh,2026-08-27T01:30:00.000Z,San Francisco,tech,2026-07-31
Berkeley FireBreak : East Bay Wildfire Resilience,https://lu.ma/berkeley-cq5i,2026-08-28T00:30:00.000Z,San Francisco,tech,2026-07-31
Whose Cloud Is It Anyway? Take ownership of your data and your costs with BYOC,https://lu.ma/ruft92qf,2026-09-03T01:00:00.000Z,San Francisco,tech,2026-07-31
DTDS: Foreign Cinema,https://lu.ma/81h90gsr,2026-09-10T01:00:00.000Z,San Francisco,tech,2026-07-31
Modern C++,https://lu.ma/cnt0079i,2026-09-10T02:00:00.000Z,San Francisco,tech,2026-07-31
Twin Atlas RDC 2026 Developer Mixer Ft. Gamebeast,https://lu.ma/azq035wq,2026-09-10T22:00:00.000Z,San Francisco,tech,2026-07-31
MBC BioLabs Immunology Innovation Forum,https://lu.ma/3g96tttb,2026-09-24T22:00:00.000Z,San Francisco,tech,2026-07-31
Ship n' Run: a run club for founders and builders,https://lu.ma/techun-05hg,2026-07-31T11:00:00.000Z,New York,tech,2026-07-31
"Sychedelic Headphones for Stress, Focus and Sleep | Meetup and Demo - New York",https://lu.ma/k27x93g6,2026-08-03T20:00:00.000Z,New York,tech,2026-07-31
Founders Breakfast Club with Corgi,https://lu.ma/tn61n9pj,2026-08-04T13:00:00.000Z,New York,tech,2026-07-31
"FOUNDER X INVESTOR ""COFFEE HOURS""",https://lu.ma/zgn19imb,2026-08-04T13:00:00.000Z,New York,tech,2026-07-31
Wings & Whiskey Wednesday @ Meow HQ,https://lu.ma/047qog77,2026-08-05T22:00:00.000Z,New York,tech,2026-07-31
August NYC Internet Meetup,https://lu.ma/tqsjkc08,2026-08-05T22:00:00.000Z,New York,tech,2026-07-31
Comma Blueprint Program Session 1 Ft. Jimmy McDermott from Rubie,https://lu.ma/wi6ta4xh,2026-08-05T22:00:00.000Z,New York,tech,2026-07-31
⚡ Fractal Weekly Demo Party #3 ⚡,https://lu.ma/nyc-jwst,2026-08-05T22:30:00.000Z,New York,tech,2026-07-31
[August 2026] Monthly NYC Tech Poker Night!,https://lu.ma/inrvt8pq,2026-08-05T23:00:00.000Z,New York,tech,2026-07-31
Fintech Coffee NYC,https://lu.ma/9rvoki8s,2026-08-11T12:30:00.000Z,New York,tech,2026-07-31
Early-Stage Founder Coworking & Pitches,https://lu.ma/august-founder-house,2026-08-11T14:00:00.000Z,New York,tech,2026-07-31
Comma Blueprint Program Session 3: Startup Cofounder Matchmaking,https://lu.ma/uugwvevf,2026-08-19T22:00:00.000Z,New York,tech,2026-07-31
HAX Open House + Co-Working Day,https://lu.ma/akz5uqe7,2026-08-20T14:00:00.000Z,New York,tech,2026-07-31
"Breaking Into Defense: SBIR/STTR, BAAs, and Your First DoW Contracts",https://lu.ma/j0bjghn1,2026-08-20T19:00:00.000Z,New York,tech,2026-07-31
Founder Coffee Meet,https://lu.ma/wv0mjze3,2026-08-21T13:00:00.000Z,New York,tech,2026-07-31
[INVITE ONLY] NYC Builders & Backers Field Day 2026,https://lu.ma/z03jcik0,2026-08-23T12:00:00.000Z,New York,tech,2026-07-31
Meow x Tribeca Club Founders Run Club,https://lu.ma/cllvqjnd,2026-08-26T12:00:00.000Z,New York,tech,2026-07-31
Comma Blueprint Program Session 4: Lightning Pitches,https://lu.ma/z81tk1m0,2026-08-26T22:00:00.000Z,New York,tech,2026-07-31
Net Gains: A Founder Pickleball Social,https://lu.ma/kcgboja0,2026-09-16T22:00:00.000Z,New York,tech,2026-07-31
NYC CTOs & Tech Founders Night: Secret Garden Edition,https://lu.ma/9dkh861r,2026-09-23T22:30:00.000Z,New York,tech,2026-07-31
NYC Poker Tournament: Table Stakes,https://lu.ma/4lsxe49t,2026-09-24T10:00:00.000Z,New York,tech,2026-07-31
The Dex Beta Test – Bouldering at The Castle,https://lu.ma/dex-di4x,2026-08-11T17:30:00.000Z,London,tech,2026-07-31
Rev/Tech Ops Summer Social,https://lu.ma/1v52z4to,2026-08-13T16:30:00.000Z,London,tech,2026-07-31
Founders Rooftop Dinner,https://lu.ma/3lyiyuw7,2026-08-13T17:30:00.000Z,London,tech,2026-07-31
Alumni Founders Co-working Day (August),https://lu.ma/p8xkg1wu,2026-08-14T09:00:00.000Z,London,tech,2026-07-31
Frontline London Hackathon 2026,https://lu.ma/mgwpj5jn,2026-08-15T08:00:00.000Z,London,tech,2026-07-31
HMCTS Engineering Townhall,https://lu.ma/wccftds3,2026-09-07T09:00:00.000Z,London,tech,2026-07-31
No Agenda Breakfast: Evelyn Partners,https://lu.ma/fn0mrwvh,2026-09-09T07:45:00.000Z,London,tech,2026-07-31
Startup Founder - Summer Break get together,https://lu.ma/q633vjrh,2026-08-13T16:30:00.000Z,Berlin,tech,2026-07-31
AWS User Group Berlin - Summer Networking Special,https://lu.ma/iixtgy7p,2026-08-14T16:30:00.000Z,Berlin,tech,2026-07-31
Operators Poker Night,https://lu.ma/l1vc6kyu,2026-08-14T17:00:00.000Z,Berlin,tech,2026-07-31
CTO Craft Mixers: Berlin,https://lu.ma/dak84upd,2026-10-07T16:00:00.000Z,Berlin,tech,2026-07-31
Desayuno Técnico con Port: taller introductorio sobre Agentic SDLC Platform,https://lu.ma/qu81hzr1,2026-08-24T13:30:00.000Z,Lima,tech,2026-07-31
Scrappy Startups Meetup #6,https://lu.ma/0c5be0t3,2026-08-11T23:00:00.000Z,Austin,tech,2026-07-31
Pitch Roast Live Austin 🤠 Sept 3,https://lu.ma/pitchroastliveaustin,2026-09-03T23:00:00.000Z,Austin,tech,2026-07-31
ATEA - Securing Agentic AI: Harnessing Autonomy without Losing Control,https://lu.ma/asnfwfau,2026-08-01T00:00:00.000Z,San Francisco,ai,2026-07-31
"INTENT Research Series: Frontiers of Adaptive Intelligence - Continual Learning, RSI, Self-Improving Harnesses, and more",https://lu.ma/l666hxiw,2026-08-01T01:00:00.000Z,San Francisco,ai,2026-07-31
"Get-together, the email game (we have $1.7k in prizes!)",https://lu.ma/p32tfjbc,2026-08-01T18:00:00.000Z,San Francisco,ai,2026-07-31
Project Imago Dei: Why do Christians Matter for AI Safety?,https://lu.ma/zkxe2fil,2026-08-01T22:30:00.000Z,San Francisco,ai,2026-07-31
SundAI Club SF Hack,https://lu.ma/yabnxgqq,2026-08-02T17:00:00.000Z,San Francisco,ai,2026-07-31
"AI ""Agents"". — Power Walk",https://lu.ma/staaake-b36c,2026-08-02T23:00:00.000Z,San Francisco,ai,2026-07-31
"Bots, Bevs & Devs",https://lu.ma/6h8hzcez,2026-08-06T01:00:00.000Z,San Francisco,ai,2026-07-31
Omakase for the AGI-Curious,https://lu.ma/n8wjxsy1,2026-08-06T01:30:00.000Z,San Francisco,ai,2026-07-31
"Open-Source Evening with MiniMax, Moonshot, Baseten & Factory",https://lu.ma/factoryai-2rsc,2026-08-07T01:00:00.000Z,San Francisco,ai,2026-07-31
VCN #48: Total Recall,https://lu.ma/vcn-48-total-recall,2026-08-08T17:00:00.000Z,San Francisco,ai,2026-07-31
GOAI Global Open-source AI Challenge | ~US$730K Prize Pool | GOAI Open-source Pioneer Summit | Silicon Valley Stop,https://lu.ma/rj50dx5x,2026-08-08T20:30:00.000Z,San Francisco,ai,2026-07-31
Built on Bedrock Demo Night - Aug 2026,https://lu.ma/j3521gwn,2026-08-12T00:00:00.000Z,San Francisco,ai,2026-07-31
Grace Gong x Nebius x Chargebee Dinner [Venture with Grace CEO Club],https://lu.ma/x0fhyucv,2026-08-13T01:00:00.000Z,San Francisco,ai,2026-07-31
Screening: Ghost in the Shell (1995),https://lu.ma/1bieh5i1,2026-08-14T01:00:00.000Z,San Francisco,ai,2026-07-31
Builders Campfire,https://lu.ma/vsl63ftr,2026-08-18T01:00:00.000Z,San Francisco,ai,2026-07-31
CorpGov Tech Summit SF,https://lu.ma/f2x31sb1,2026-08-18T21:00:00.000Z,San Francisco,ai,2026-07-31
"Agent Builders Breakfast - Founders & Builders in SOMA, SF",https://lu.ma/6uipkrvi,2026-08-20T15:00:00.000Z,San Francisco,ai,2026-07-31
San Francisco Wine Night with Base44,https://lu.ma/aisnack-x1ja,2026-08-21T00:30:00.000Z,San Francisco,ai,2026-07-31
THE FUTURE OF PROGRAM MANAGEMENT,https://lu.ma/bryqeaqk,2026-08-21T00:30:00.000Z,San Francisco,ai,2026-07-31
Founders & Sales Leaders Dinner (Seed/Series A+),https://lu.ma/oaop8a3y,2026-08-21T01:30:00.000Z,San Francisco,ai,2026-07-31
Frontier Table: San Francisco,https://lu.ma/frontierTableSF,2026-08-22T02:30:00.000Z,San Francisco,ai,2026-07-31
Improving Efficiency & Quality in Design Documentation with AI,https://lu.ma/q4iq7fa6,2026-08-25T18:00:00.000Z,San Francisco,ai,2026-07-31
Hard Negatives Meetup | Engineers Debate Night,https://lu.ma/sf-meetup-aug26,2026-08-26T01:30:00.000Z,San Francisco,ai,2026-07-31
Founders & Fika,https://lu.ma/qrdusggp,2026-08-26T21:30:00.000Z,San Francisco,ai,2026-07-31
Demo Night SF: Ship AI Apps with Postman + Supabase + Vercel,https://lu.ma/august-SF-supabase-vercel-postman,2026-08-28T00:30:00.000Z,San Francisco,ai,2026-07-31
"AI 101 Series: Is AI Recommending You? How to Check, Fix, and Climb",https://lu.ma/szngzkm1,2026-09-10T01:00:00.000Z,San Francisco,ai,2026-07-31
AI in the Wild: Silicon Valley Backyard BBQ,https://lu.ma/women-fqdk,2026-09-13T22:00:00.000Z,San Francisco,ai,2026-07-31
AI 101 Series: Build the AI Team You Do Not Have,https://lu.ma/nb19ttdy,2026-09-17T01:00:00.000Z,San Francisco,ai,2026-07-31
Agents & APIs SF Developer Meetup,https://lu.ma/Sept-SF-Agents-APIS-meetup,2026-09-25T00:30:00.000Z,San Francisco,ai,2026-07-31
AI Executive Dinner,https://lu.ma/exec_dinner_sept,2026-09-27T02:00:00.000Z,San Francisco,ai,2026-07-31
FUSION '26,https://lu.ma/fusion-26,2026-09-29T18:00:00.000Z,San Francisco,ai,2026-07-31
GovTech Smart Cities,https://lu.ma/govtech-sf,2026-10-06T16:00:00.000Z,San Francisco,ai,2026-07-31
Wiki3: Own Your Own AI Workshop,https://lu.ma/9q5jgqax,2026-10-29T01:00:00.000Z,San Francisco,ai,2026-07-31
AI INFRA SUMMIT 6,https://lu.ma/aiinfra6,2026-12-03T16:30:00.000Z,San Francisco,ai,2026-07-31
New York | Claude Impact Lab,https://lu.ma/claude-fwy0,2026-08-07T21:00:00.000Z,New York,ai,2026-07-31
Assembly Studio Launch Party,https://lu.ma/assembly-studio-launch,2026-08-11T22:30:00.000Z,New York,ai,2026-07-31
Research Meetup: Benchmarking Coding Agents (NYC),https://lu.ma/scale-nyc-meetup,2026-08-12T21:30:00.000Z,New York,ai,2026-07-31
Claude Cowork 101: Set up your AI chief of staff,https://lu.ma/lz0e45t9,2026-08-13T12:30:00.000Z,New York,ai,2026-07-31
NYC B2B: AI Founders & Investors Meetup,https://lu.ma/coos76ur,2026-09-14T22:00:00.000Z,New York,ai,2026-07-31
Various Labs - Technology/AI Meetup,https://lu.ma/mqijpf9d,2026-07-31T11:00:00.000Z,London,ai,2026-07-31
LIaiSE Summer Picnic Mixer,https://lu.ma/twuqn3vb,2026-08-01T15:00:00.000Z,London,ai,2026-07-31
AI Skills for employability workshop,https://lu.ma/169fkx9q,2026-08-11T11:00:00.000Z,London,ai,2026-07-31
BrainFest,https://lu.ma/brainfest,2026-08-12T17:00:00.000Z,London,ai,2026-07-31
Be The Answer: Discoverability in 2026 for leading brands,https://lu.ma/iaokxt0k,2026-08-13T17:00:00.000Z,London,ai,2026-07-31
Talent~People Hackathon: Dragons Den Edition,https://lu.ma/rsxxsn7m,2026-09-16T07:30:00.000Z,London,ai,2026-07-31
Berlin | Claude Meetup | Claude Constitution Reading,https://lu.ma/claude-e6wo,2026-08-05T16:00:00.000Z,Berlin,ai,2026-07-31
"Build a GTM machine, live: Claude + Apollo",https://lu.ma/y9ilqoml,2026-08-06T16:00:00.000Z,Berlin,ai,2026-07-31
"Laura’s Stammtisch mit Ottobock: KI, Forschung und Innovation im Gesundheitswesen bei Ottobock",https://lu.ma/jkggc8is,2026-08-27T16:00:00.000Z,Berlin,ai,2026-07-31
Already Possible #4 (MIND/F◡̈CK),https://lu.ma/3vxoaa1d,2026-09-05T16:00:00.000Z,Berlin,ai,2026-07-31
[Coffee Lab] Notion for Devs: construye tu Notion Worker e integra tu propio workflow system,https://lu.ma/fgc9au7s,2026-07-31T21:00:00.000Z,Lima,ai,2026-07-31
Mutafter: ¿Qué onda con la IA?,https://lu.ma/ncegezf8,2026-08-04T23:30:00.000Z,Lima,ai,2026-07-31
Almuerzo Técnico con Port: taller avanzado sobre Agentic SDLC Platform,https://lu.ma/iaxf1zdp,2026-08-24T17:30:00.000Z,Lima,ai,2026-07-31
Noche de Agentic SDLC Platform con Port,https://lu.ma/h0agrx9j,2026-08-25T23:30:00.000Z,Lima,ai,2026-07-31
Austin | Ethicality of Artificial intelligence | Build & Brew,https://lu.ma/w8lxn9kx,2026-08-02T20:00:00.000Z,Austin,ai,2026-07-31
"🔮 Client Journey on Autopilot (Lite) – Turn Complex Processes into Simple, Magical Client Experiences ⚙️",https://lu.ma/nmccjvo0,2026-08-24T23:00:00.000Z,Austin,ai,2026-07-31
Full Lifecycle AI Software Teams Meetup,https://lu.ma/xyqgsmr5,2026-08-25T23:30:00.000Z,Austin,ai,2026-07-31
Bay Area Racket Meetup #3,https://lu.ma/wbfxbzvx,2026-08-01T22:00:00.000Z,San Francisco,tech,2026-08-01
Craft Night with Granola,https://lu.ma/tzgcpjx9,2026-08-06T01:00:00.000Z,San Francisco,tech,2026-08-01
Michelin Guide Founder's Dinner (Series A/B),https://lu.ma/591t7nym,2026-08-06T01:00:00.000Z,San Francisco,tech,2026-08-01
Genes and Cells,https://lu.ma/onuiw9et,2026-08-06T22:30:00.000Z,San Francisco,tech,2026-08-01
ACCELR8 | 1412 Hacker Hotel OPEN HOUSE,https://lu.ma/m1udaf1c,2026-08-07T20:00:00.000Z,San Francisco,tech,2026-08-01
Design Meetup x Apple,https://lu.ma/ryw61pad,2026-08-08T00:00:00.000Z,San Francisco,tech,2026-08-01
Off Season II Festival,https://lu.ma/festival,2026-08-08T00:00:00.000Z,San Francisco,tech,2026-08-01
SF Giants Game hosted by SVB & Vouch,https://lu.ma/cfd8u5jp,2026-08-11T01:00:00.000Z,San Francisco,tech,2026-08-01
Bay Area Frontier Research Club #17 | AGI House SF (dinner + paper discussion),https://lu.ma/r5ae521o,2026-08-13T00:30:00.000Z,San Francisco,tech,2026-08-01
Tiramisu Club SF,https://lu.ma/wjdjxazf,2026-08-15T02:00:00.000Z,San Francisco,tech,2026-08-01
Verilog Meetup,https://lu.ma/gxmu601y,2026-08-16T18:00:00.000Z,San Francisco,tech,2026-08-01
Noctrix Health - Shri Raghunathan Talk,https://lu.ma/zm4w22i3,2026-08-17T22:00:00.000Z,San Francisco,tech,2026-08-01
"Revvity Drug Discovery Mixer: Science, Posters & Cocktails",https://lu.ma/vw6bkef9,2026-08-18T22:00:00.000Z,San Francisco,tech,2026-08-01
Decagon x Centralize: GTM Summer Mixer,https://lu.ma/9ha07os2,2026-08-27T00:00:00.000Z,San Francisco,tech,2026-08-01
"ThursdayNights San Francisco PE Golf Outing & Reception at Lake Merced GC Benefitting USF Golf, Presented by Oracle",https://lu.ma/mi62t7iq,2026-08-27T20:00:00.000Z,San Francisco,tech,2026-08-01
Inside the Operating System: A Conversation with Cristina Cordova & Michael Altom,https://lu.ma/cristina-michael,2026-09-09T01:00:00.000Z,San Francisco,tech,2026-08-01
Horizon House Party,https://lu.ma/q2mndgh3,2026-09-11T01:30:00.000Z,San Francisco,tech,2026-08-01
⚡Lightning Talks⚡,https://lu.ma/g3zow2x4,2026-09-12T02:00:00.000Z,San Francisco,tech,2026-08-01
14th Annual michaelforce Cigar Shindig,https://lu.ma/5pld5v4t,2026-09-18T01:30:00.000Z,San Francisco,tech,2026-08-01
From ore to orbit,https://lu.ma/ai1kqdp6,2026-10-08T00:00:00.000Z,San Francisco,tech,2026-08-01
Demo Night @ WorkOS (November),https://lu.ma/demo-night-nov2026,2026-11-17T01:30:00.000Z,San Francisco,tech,2026-08-01
Founders & Friends: Ping Pong Night,https://lu.ma/vztrmrgf,2026-08-03T22:00:00.000Z,New York,tech,2026-08-01
"Wednesday Coworking - Founders, Builders, Creatives, Researchers, and Supporters",https://lu.ma/ot3gg0gf,2026-08-05T13:30:00.000Z,New York,tech,2026-08-01
Propel Coworking 2.0 · The Wilson x Wayo Club,https://lu.ma/propelcoworking2.0,2026-08-06T14:00:00.000Z,New York,tech,2026-08-01
NexGen: Healthcare Builders Night,https://lu.ma/casaw9mn,2026-08-10T21:00:00.000Z,New York,tech,2026-08-01
Founder Picnic,https://lu.ma/tqigv4wz,2026-08-11T22:30:00.000Z,New York,tech,2026-08-01
Yankees vs. Mariners Home Plate Suite Experience,https://lu.ma/qlxys2ke,2026-08-11T23:00:00.000Z,New York,tech,2026-08-01
Founder & Investor Breakfast Mixer,https://lu.ma/egx6d66j,2026-08-12T13:30:00.000Z,New York,tech,2026-08-01
Keb Cerda and María Elena Pombo in Conversation with Dr. Vivian Crockett,https://lu.ma/8oyxm4kq,2026-08-13T22:00:00.000Z,New York,tech,2026-08-01
Mintlify NYC Opening Party,https://lu.ma/mintlify-ivq7,2026-08-18T22:30:00.000Z,New York,tech,2026-08-01
Fintech Run Club ft. Rain + Monk + JP Morgan,https://lu.ma/2ezybaln,2026-08-25T11:00:00.000Z,New York,tech,2026-08-01
Brits in Tech - Coffee Meet,https://lu.ma/kvariiuq,2026-08-28T13:00:00.000Z,New York,tech,2026-08-01
DET NYC #3 Meetup,https://lu.ma/qoicouwb,2026-09-17T22:00:00.000Z,New York,tech,2026-08-01
Ajim Summit 2026 | Where capital meets conviction on Africa,https://lu.ma/sjbtps32,2026-09-22T13:00:00.000Z,New York,tech,2026-08-01
Co-Working With Noeome,https://lu.ma/vqx285fu,2026-08-01T09:00:00.000Z,London,tech,2026-08-01
Escalate to the Net,https://lu.ma/lgm8hpxc,2026-08-05T17:00:00.000Z,London,tech,2026-08-01
Founder Speed Pitching to Investors,https://lu.ma/kbtlrtae,2026-08-06T17:00:00.000Z,London,tech,2026-08-01
Personal Branding Masterclass with Dr Daanish,https://lu.ma/wji5c6mi,2026-08-07T17:00:00.000Z,London,tech,2026-08-01
CEO Dinner · London,https://lu.ma/2vwct8ny,2026-08-12T18:30:00.000Z,London,tech,2026-08-01
Council Data Hack Day,https://lu.ma/campaign-g74e,2026-08-22T10:00:00.000Z,London,tech,2026-08-01
Freelancer Coworking Day,https://lu.ma/vf5zz0a7,2026-08-27T08:00:00.000Z,London,tech,2026-08-01
US Expansion Dinner,https://lu.ma/btahgbq9,2026-09-02T17:30:00.000Z,London,tech,2026-08-01
JAIKU Storytelling Summit 2026: Can stories save us?,https://lu.ma/ch5ph310,2026-09-17T08:00:00.000Z,London,tech,2026-08-01
The UK ScaleUp Funding Forum,https://lu.ma/jbwtwtkp,2026-09-22T13:00:00.000Z,London,tech,2026-08-01
Apache Iceberg™ Europe Community Meetup - London Hub,https://lu.ma/ogtqk9eh,2026-10-08T16:00:00.000Z,London,tech,2026-08-01
Internet Friends Berlin Vol. VIII,https://lu.ma/fx8jiysx,2026-08-04T17:00:00.000Z,Berlin,tech,2026-08-01
Founders Co-working Day,https://lu.ma/ufb1f72v,2026-08-14T07:30:00.000Z,Berlin,tech,2026-08-01
Off-the-Record Night: Berlin,https://lu.ma/07dxvky8,2026-09-02T15:30:00.000Z,Berlin,tech,2026-08-01
[Lima] Full Day Hackathon: The Next Craft,https://lu.ma/b6hqjpzd,2026-08-29T14:00:00.000Z,Lima,tech,2026-08-01
"Agents, Cells & Swirls 🧬🍦",https://lu.ma/s548e0vu,2026-08-02T19:00:00.000Z,San Francisco,ai,2026-08-01
"9030 club reading ""Reinforcement Learning via Self-Distillation"": #63 - ML Paper Reading Group",https://lu.ma/q6qd9wx2,2026-08-04T02:00:00.000Z,San Francisco,ai,2026-08-01
Paper Reading Night by HydraDB: Graph Neural Retrieval for LLM Reasoning,https://lu.ma/llxvc0d6,2026-08-05T00:00:00.000Z,San Francisco,ai,2026-08-01
AI Founders Showcase | KIC StartX Program,https://lu.ma/fkqc8fc3,2026-08-06T00:00:00.000Z,San Francisco,ai,2026-08-01
ModelOps Night: Evals & Benchmarks,https://lu.ma/7g7wck7w,2026-08-07T00:30:00.000Z,San Francisco,ai,2026-08-01
"Agora × Seeed Studio Physical AI Workshop: Build, customize, and deploy an AI agent using Agora Convo AI to Seeed Studio reSpeaker Flex",https://lu.ma/bethe-hdos,2026-08-08T20:00:00.000Z,San Francisco,ai,2026-08-01
Accountable AI: Governing Autonomous Agents in Production,https://lu.ma/msf5yzmh,2026-08-08T22:00:00.000Z,San Francisco,ai,2026-08-01
No Data Centers In My Backyard: a midwest field report on the AI buildout,https://lu.ma/00ewrebj,2026-08-11T00:30:00.000Z,San Francisco,ai,2026-08-01
"Artificial Analysis: Inference, Measured",https://lu.ma/0ukamlad,2026-08-13T01:00:00.000Z,San Francisco,ai,2026-08-01
Punk Software Hack Night: NO CLAUDE ALLOWED,https://lu.ma/1i8a3dby,2026-08-14T00:00:00.000Z,San Francisco,ai,2026-08-01
The AI Foundry Series- San Ramon Chapter,https://lu.ma/7fk991z3,2026-08-14T01:00:00.000Z,San Francisco,ai,2026-08-01
开麦吧，创始人,https://lu.ma/jhj3yc57,2026-08-14T21:00:00.000Z,San Francisco,ai,2026-08-01
Whatnot Product Design Networking Event,https://lu.ma/rcqwqgqf,2026-08-19T00:30:00.000Z,San Francisco,ai,2026-08-01
ai open mic | comedy night,https://lu.ma/aicomedynight,2026-08-21T02:00:00.000Z,San Francisco,ai,2026-08-01
Mistral Vibe Hackathon,https://lu.ma/mistral-summer-vibe-hackathon-sf,2026-08-23T15:30:00.000Z,San Francisco,ai,2026-08-01
Oblivion and Privacy in the Machine Intelligence Age: Embracing the Unknown,https://lu.ma/vgxtjo2m,2026-08-30T01:30:00.000Z,San Francisco,ai,2026-08-01
TechCrunch Disrupt and Money 2020 Pre Event in SF,https://lu.ma/b3a50qei,2026-10-13T00:00:00.000Z,San Francisco,ai,2026-08-01
AI-Bio Meetup at NYC,https://lu.ma/5wv5xf7g,2026-08-03T21:30:00.000Z,New York,ai,2026-08-01
NYC - Member Coffee & Croissant Meetup,https://lu.ma/aisnack-497g,2026-08-06T13:30:00.000Z,New York,ai,2026-08-01
Build with AI Meetup,https://lu.ma/isbl62pn,2026-10-13T22:30:00.000Z,New York,ai,2026-08-01
HealthTech Breakfast Club: Supercharging Clinical Trials with AI,https://lu.ma/tn9qtcqn,2026-09-16T07:30:00.000Z,London,ai,2026-08-01
Meet up | Innovación que llega al territorio,https://lu.ma/dfvtnc9k,2026-08-10T21:00:00.000Z,Lima,ai,2026-08-01
Tech Bytes: Austin,https://lu.ma/v1wnt5b6,2026-08-07T00:00:00.000Z,Austin,ai,2026-08-01
Plate Tale Club#2: Fine Dining for Founders,https://lu.ma/b6h0dp1c,2026-08-03T01:00:00.000Z,San Francisco,tech,2026-08-02
Founders Inc: Open Campus Tuesday,https://lu.ma/open-campus-15,2026-08-05T00:00:00.000Z,San Francisco,tech,2026-08-02
Builders who Run SF — 5K,https://lu.ma/qvgjgdrh,2026-08-08T16:00:00.000Z,San Francisco,tech,2026-08-02
Stochastic Labs presents: Lance Weiler + The Dead Internet Museum,https://lu.ma/lance,2026-08-09T02:00:00.000Z,San Francisco,tech,2026-08-02
Product's Done. Where's Revenue? (Direct GTM Hands-on Workshop for 0-1 Founders),https://lu.ma/rj42jssd,2026-08-14T00:00:00.000Z,San Francisco,tech,2026-08-02
SF Founders Brew Mixer,https://lu.ma/ap566b1m,2026-08-26T01:30:00.000Z,San Francisco,tech,2026-08-02
PyLadies San Francisco Sponsored by Apify,https://lu.ma/ma8lkaim,2026-08-28T01:00:00.000Z,San Francisco,tech,2026-08-02
Monday Founders Coworking Pod,https://lu.ma/9oonk2n8,2026-08-03T14:00:00.000Z,New York,tech,2026-08-02
VIP Networking - Aspiring Leaders,https://lu.ma/j2qylssl,2026-08-04T22:30:00.000Z,New York,tech,2026-08-02
The Phoenix Club - Coffee Club: Realities of Entrepreneurship,https://lu.ma/one-m4qv,2026-08-09T14:00:00.000Z,New York,tech,2026-08-02
NYC Women in Tech: Cafe Meetup,https://lu.ma/tm8mlggf,2026-08-13T22:00:00.000Z,New York,tech,2026-08-02
Your Personal Brand Is Your Unfair Advantage,https://lu.ma/0vtx1ib8,2026-08-18T13:00:00.000Z,New York,tech,2026-08-02
Build It: Operations That Actually Work for Humans,https://lu.ma/qe2i5x6m,2026-08-18T22:00:00.000Z,New York,tech,2026-08-02
Underwriting Above the Hudson: An Oyster Social for Leaders in Lending & Fintech,https://lu.ma/baselayer-2bsg,2026-08-19T22:00:00.000Z,New York,tech,2026-08-02
HERA - Women Networking Event,https://lu.ma/d3o43x7z,2026-08-26T22:30:00.000Z,New York,tech,2026-08-02
Founders Live New York City,https://lu.ma/founderslive-new-york-city-2026-09,2026-09-10T22:00:00.000Z,New York,tech,2026-08-02
Startup Lab: Where's The Patient / Customer (WTP) Workshop,https://lu.ma/fy8dou5b,2026-08-13T11:30:00.000Z,London,tech,2026-08-02
"Founders, Entrepreneurs, Investors & Professionals | Rooftop Edition",https://lu.ma/ntl-c1lr,2026-08-18T17:30:00.000Z,London,tech,2026-08-02
Disrupt.com x AWS: Builder's Meetup | London Edition,https://lu.ma/aq4j8jb4,2026-09-30T17:30:00.000Z,London,tech,2026-08-02
Community Coworking,https://lu.ma/yu6y4f4y,2026-08-03T15:00:00.000Z,Austin,tech,2026-08-02
Art Gallery for Agents (Portal x3),https://lu.ma/artgallery3,2026-08-07T00:30:00.000Z,San Francisco,ai,2026-08-02
Compute Connect SF Meetup,https://lu.ma/ujrtum42,2026-08-07T01:30:00.000Z,San Francisco,ai,2026-08-02
Second Brain AI Salon #02 — Building the AI Second Brain and LingCode,https://lu.ma/2i7oyugg,2026-08-07T23:00:00.000Z,San Francisco,ai,2026-08-02
"A Community Reading: The Pope’s AI Encyclical, Large Language Mojitos, and Being Human Together",https://lu.ma/xazyodnw,2026-08-10T00:00:00.000Z,San Francisco,ai,2026-08-02
AI x Hardware Engineering Dinner,https://lu.ma/po9dl5ao,2026-08-12T00:30:00.000Z,San Francisco,ai,2026-08-02
AI Tech & Startup Night — San Francisco,https://lu.ma/70x9c2te,2026-08-12T01:00:00.000Z,San Francisco,ai,2026-08-02
AI 101 Series: Your AI Brain Has a Scope Problem,https://lu.ma/vyh7i1ct,2026-08-20T01:00:00.000Z,San Francisco,ai,2026-08-02
Informationbanker Fintech & AI networking walk,https://lu.ma/s7jlwrlu,2026-08-02T19:00:00.000Z,New York,ai,2026-08-02
Claude Cafe with AI Snack Club - New York City,https://lu.ma/aisnack-h9tz,2026-10-06T13:30:00.000Z,New York,ai,2026-08-02
"Rooftop Edition | AI, Startups & Networking Night",https://lu.ma/ntl-howq,2026-08-18T17:30:00.000Z,London,ai,2026-08-02
"Building AI Applications at Scale ft. ClickHouse®, Grafana, and dltHub",https://lu.ma/oretqk1d,2026-09-08T16:00:00.000Z,Berlin,ai,2026-08-02
Clay in Austin: How Clay Enables AI Use Cases in GTM,https://lu.ma/vh1rnq6w,2026-08-20T23:00:00.000Z,Austin,ai,2026-08-02
3Cs Dinner,https://lu.ma/36j0y2i9,2026-08-04T01:30:00.000Z,San Francisco,tech,2026-08-03
SF Lean Meetup,https://lu.ma/76ywucs7,2026-08-04T02:00:00.000Z,San Francisco,tech,2026-08-03
Scrappy AI Founders Play Pickleball (seed to series A),https://lu.ma/6s1pntkw,2026-08-04T23:00:00.000Z,San Francisco,tech,2026-08-03
EXTREMELY LOW KEY & LAST MIN Leopard.FYI SF Craft and Hang 🤪,https://lu.ma/low-key-crafts-leopard-sf-2026,2026-08-05T01:00:00.000Z,San Francisco,tech,2026-08-03
Speculative Everything | Speculative Everything book club,https://lu.ma/se9,2026-08-11T02:00:00.000Z,San Francisco,tech,2026-08-03
Startup Pitch & Networking in San Francisco,https://lu.ma/23snnvoc,2026-08-20T02:00:00.000Z,San Francisco,tech,2026-08-03
The Technology Industry and Power,https://lu.ma/ppnhhbv2,2026-08-21T01:00:00.000Z,San Francisco,tech,2026-08-03
从演员，到创业者—湾区妈妈Business Club 王祖贤见面会。,https://lu.ma/o6cuqwdx,2026-08-29T17:00:00.000Z,San Francisco,tech,2026-08-03
Startup Pitch & Networking in Palo Alto,https://lu.ma/5oyen0sb,2026-09-04T00:00:00.000Z,San Francisco,tech,2026-08-03
Hardware Pitch Night - Mountain View!,https://lu.ma/46rtcehj,2026-09-18T01:00:00.000Z,San Francisco,tech,2026-08-03
Silicon Valley Applied Longevity Symposium,https://lu.ma/ohelncoa,2027-01-15T16:30:00.000Z,San Francisco,tech,2026-08-03
Bonjour Girls in Jersey City - 读完MBA后的职业与生活,https://lu.ma/bonjour-9qkr,2026-08-09T14:30:00.000Z,New York,tech,2026-08-03
"TechWalk | Stamford, 8/13",https://lu.ma/7chedrvr,2026-08-13T22:30:00.000Z,New York,tech,2026-08-03
The Builder Series: Wellness Club Launch - The Builder Series Run Club,https://lu.ma/1t3r28u8,2026-08-14T13:00:00.000Z,New York,tech,2026-08-03
PMs of New York - Saturday Morning Coffee,https://lu.ma/uipf0pwp,2026-08-15T15:00:00.000Z,New York,tech,2026-08-03
new interfaces 005,https://lu.ma/en45hlqd,2026-08-15T18:00:00.000Z,New York,tech,2026-08-03
"The Builder Series: Founder, Investor & Operator Nights - August 20th",https://lu.ma/thebuilderseries16,2026-08-20T22:00:00.000Z,New York,tech,2026-08-03
NYC Ultimate Networking Event - Entrepreneurs & Founders Social ✨🚀,https://lu.ma/ecomny2608,2026-08-20T23:00:00.000Z,New York,tech,2026-08-03
ON THE DOCKET X il CORPO,https://lu.ma/oui5oi69,2026-08-30T16:00:00.000Z,New York,tech,2026-08-03
Fangirl Forward NYC: Fandom as Foundation,https://lu.ma/6ronmxe9,2026-10-09T15:00:00.000Z,New York,tech,2026-08-03
Solo Builders LDN: Coworking Session Vol. 2,https://lu.ma/usz1wk7g,2026-08-04T08:30:00.000Z,London,tech,2026-08-03
Social Meetup,https://lu.ma/ts3s0aeh,2026-08-06T17:00:00.000Z,London,tech,2026-08-03
Introduction to Electronics and Computing,https://lu.ma/5lt2wb9j,2026-08-12T09:00:00.000Z,London,tech,2026-08-03
Open demos,https://lu.ma/c79dcloe,2026-08-13T17:30:00.000Z,London,tech,2026-08-03
Sculpt & Scale - Beyond Fitness (LND),https://lu.ma/atzla2od,2026-08-13T18:00:00.000Z,London,tech,2026-08-03
Peer Suite | Women's Networking Morning,https://lu.ma/9tjkzjvb,2026-09-15T07:30:00.000Z,London,tech,2026-08-03
Climate Tech Time,https://lu.ma/2mv90ocx,2026-09-23T17:00:00.000Z,London,tech,2026-08-03
Corporate Insight Session #1 - Bayer Co.Lab,https://lu.ma/juni-2zdv,2026-08-11T16:00:00.000Z,Berlin,tech,2026-08-03
Founders Coffee,https://lu.ma/fpaffjk3,2026-08-12T08:00:00.000Z,Berlin,tech,2026-08-03
10k€ SummerUP 2026 Pitchday - After One Week of Building and Selling.,https://lu.ma/h9b4btym,2026-08-14T14:00:00.000Z,Berlin,tech,2026-08-03
TIO TIO x Gründerszene,https://lu.ma/u70ya626,2026-08-23T11:00:00.000Z,Berlin,tech,2026-08-03
Masterclass: Opportunity Non-Dilutive Funding - Leverage your growth with Grants and Debt,https://lu.ma/sdkvojto,2026-08-26T10:00:00.000Z,Berlin,tech,2026-08-03
People & Culture Breakfast | HR’s Role in Defining the Operating System,https://lu.ma/pw7xwca8,2026-08-28T07:00:00.000Z,Berlin,tech,2026-08-03
Master’s Night Out,https://lu.ma/lak5kge3,2026-08-28T17:00:00.000Z,Berlin,tech,2026-08-03
HAWI Community Table,https://lu.ma/4lriktqv,2026-09-05T08:30:00.000Z,Berlin,tech,2026-08-03
BERLIN QUANTUM BarBQ September 2026,https://lu.ma/x0jgodx4,2026-09-08T15:00:00.000Z,Berlin,tech,2026-08-03
Coffee & Courts,https://lu.ma/9geuxsq0,2026-08-07T14:00:00.000Z,Austin,tech,2026-08-03
Wake Up! CPG Austin,https://lu.ma/d062g5tm,2026-08-27T13:30:00.000Z,Austin,tech,2026-08-03
"1st East Bay Value Economy X Sustainability (Climate) Co-Work Day — AI, Planetary & Human Health",https://lu.ma/p9uherls,2026-08-06T17:30:00.000Z,San Francisco,ai,2026-08-03
Agentic AI Meetup - Silicon Valley,https://lu.ma/evo5sykd,2026-08-07T00:30:00.000Z,San Francisco,ai,2026-08-03
Deep Tech Founder/VC Breakfast ft. Nirman Ventures,https://lu.ma/fkpdi7i9,2026-08-07T17:00:00.000Z,San Francisco,ai,2026-08-03
Gemini Meetup,https://lu.ma/geminimeetup,2026-08-08T00:00:00.000Z,San Francisco,ai,2026-08-03
Dinner Salon: AI as a Companion in Parenting,https://lu.ma/h71bv972,2026-08-09T23:00:00.000Z,San Francisco,ai,2026-08-03
Claude Code Workshop - San Francisco,https://lu.ma/claude-code-workshop-sf-aug-11,2026-08-11T20:00:00.000Z,San Francisco,ai,2026-08-03
Claude Coworkshop - San Francisco,https://lu.ma/claude-coworkshop-sf-aug-11,2026-08-11T20:00:00.000Z,San Francisco,ai,2026-08-03
Dinner at AGI HOUSE,https://lu.ma/kkghpofi,2026-08-12T01:30:00.000Z,San Francisco,ai,2026-08-03
You.com AI Forum @ Databricks,https://lu.ma/bd59bmyj,2026-08-14T00:00:00.000Z,San Francisco,ai,2026-08-03
VIP Founder/VC Dinner,https://lu.ma/founders-v1ld,2026-08-14T01:00:00.000Z,San Francisco,ai,2026-08-03
SF Enterprise HACKATHON,https://lu.ma/ev9ndfke,2026-08-14T14:30:00.000Z,San Francisco,ai,2026-08-03
"AI, Leadership & Career Growth",https://lu.ma/2822en6n,2026-08-16T17:00:00.000Z,San Francisco,ai,2026-08-03
Move it Forward: Workato × AI Valley,https://lu.ma/aivalley-tdlu,2026-08-18T00:00:00.000Z,San Francisco,ai,2026-08-03
Physical AI : Investor Evening by JMoon Ventures,https://lu.ma/jn0lkzn2,2026-08-19T00:00:00.000Z,San Francisco,ai,2026-08-03
"How Top Startups Build Lean, AI-Powered GTM Stacks",https://lu.ma/sghq-73rn,2026-08-25T00:00:00.000Z,San Francisco,ai,2026-08-03
Bay Area Frontier Research Club #19 | Agents in Production: ICML 2026 Oral by UC Berkeley Researchers + Self-Improvement Fireside,https://lu.ma/cx2f0q8r,2026-08-27T00:30:00.000Z,San Francisco,ai,2026-08-03
FORUM DISCUSSIONS - Dating in the Age of Algorithms,https://lu.ma/5asz0a8z,2026-08-06T22:30:00.000Z,New York,ai,2026-08-03
Superintelligent AI and Loss of Control,https://lu.ma/aisap-cgng,2026-08-08T15:00:00.000Z,New York,ai,2026-08-03
New York | Claude & Coffee,https://lu.ma/claude-qxlq,2026-08-11T21:00:00.000Z,New York,ai,2026-08-03
NY Researchers x Patronus Dinner,https://lu.ma/mr9jashq,2026-08-11T23:30:00.000Z,New York,ai,2026-08-03
OPT OUT OF UPTOPIA: an art pop-up,https://lu.ma/qv49s1un,2026-08-15T17:00:00.000Z,New York,ai,2026-08-03
The Open Agentic Web : Building the Next Internet of AI Agents | MIT Media Lab Roundtable in London,https://lu.ma/5y3u5pn8,2026-08-20T15:00:00.000Z,London,ai,2026-08-03
ACT Berlin #8 (AI Coworking Tuesday),https://lu.ma/spg8tz3t,2026-08-04T07:30:00.000Z,Berlin,ai,2026-08-03
Build Your First App with AI (No Code),https://lu.ma/evkiwemt,2026-08-11T15:30:00.000Z,Berlin,ai,2026-08-03
AI Vibe Sprint Berlin - The Product Folks x Emergent,https://lu.ma/f2n5p1p4,2026-08-20T15:00:00.000Z,Berlin,ai,2026-08-03
scrappy sessions,https://lu.ma/dl673ygy,2026-08-05T00:30:00.000Z,San Francisco,tech,2026-08-04
staaake Global Dinner Club for Founders & Creators now in San Francisco,https://lu.ma/9arucqt4,2026-08-06T01:30:00.000Z,San Francisco,tech,2026-08-04
SSGL #0045: How to have fun on the International Space Station,https://lu.ma/aiadz34l,2026-08-06T02:00:00.000Z,San Francisco,tech,2026-08-04
August - Founders Walking Meeting - Larkspur,https://lu.ma/ume3m398,2026-08-06T23:00:00.000Z,San Francisco,tech,2026-08-04
"Stem Cells to Eggs Cells: Fireside Chat with CEO of Conception, Matt Krisiloff",https://lu.ma/mox-gg5f,2026-08-07T01:30:00.000Z,San Francisco,tech,2026-08-04
Data Stroll SF: Aug 7,https://lu.ma/det-pm2n,2026-08-07T16:00:00.000Z,San Francisco,tech,2026-08-04
SU26 Berkeley Engineering Design Scholars Poster Exhibition,https://lu.ma/6saxhfe5,2026-08-07T19:00:00.000Z,San Francisco,tech,2026-08-04
Founders Gatherings,https://lu.ma/tgo1mbqp,2026-08-07T23:00:00.000Z,San Francisco,tech,2026-08-04
Design Meetup Cafe with Rivet,https://lu.ma/a3c052xo,2026-08-09T19:00:00.000Z,San Francisco,tech,2026-08-04
TDSF #17,https://lu.ma/tdsf17,2026-08-09T22:00:00.000Z,San Francisco,tech,2026-08-04
Slash X Temporal After Hours ☕,https://lu.ma/slash-a5ml,2026-08-12T02:00:00.000Z,San Francisco,tech,2026-08-04
GTM Engineering with Inkle & Rho,https://lu.ma/rho-inkle,2026-08-13T01:30:00.000Z,San Francisco,tech,2026-08-04
Scrappy AI Founders Play Pickleball (seed to series A),https://lu.ma/gq1avl28,2026-08-13T23:00:00.000Z,San Francisco,tech,2026-08-04
Humanmade Founder Session - Beyond the Prototype,https://lu.ma/zcnnzm6y,2026-08-13T23:30:00.000Z,San Francisco,tech,2026-08-04
Data Stroll SF: Aug 14,https://lu.ma/pnl4ho48,2026-08-14T16:00:00.000Z,San Francisco,tech,2026-08-04
Crashout Labs - What is Vibe coding? {Event},https://lu.ma/bpd634y7,2026-08-15T01:00:00.000Z,San Francisco,tech,2026-08-04
a16z SR 007 Founders Sushi Masterclass,https://lu.ma/2izhkojo,2026-08-15T02:00:00.000Z,San Francisco,tech,2026-08-04
【硅谷线下财商讲座】高资本利得与高收入税务解决方案,https://lu.ma/8ldrv9lm,2026-08-15T21:00:00.000Z,San Francisco,tech,2026-08-04
Service Design Book Club: This Is Service Design Doing (part II),https://lu.ma/edszsvu9,2026-08-16T22:00:00.000Z,San Francisco,tech,2026-08-04
Venture Week SF Opening Night — Founders × Investors,https://lu.ma/7u4sxrgb,2026-08-17T01:30:00.000Z,San Francisco,tech,2026-08-04
Complete Flow Cytometry Solutions from ThermoFisher Scientific,https://lu.ma/mbc-c8k9,2026-08-19T19:00:00.000Z,San Francisco,tech,2026-08-04
Builder Lunch,https://lu.ma/4qc6t9pa,2026-08-20T19:00:00.000Z,San Francisco,tech,2026-08-04
Complete Flow Cytometry Solutions from ThermoFisher Scientific,https://lu.ma/mbc-povq,2026-08-20T19:00:00.000Z,San Francisco,tech,2026-08-04
Venture Week San Francisco: Could Movies be the next Silicon Valley Unicorn?,https://lu.ma/fbtnzx9n,2026-08-21T00:00:00.000Z,San Francisco,tech,2026-08-04
Founders Night Out: Noah Kahan at Oracle Park,https://lu.ma/vercel-mantis-noah-kahan,2026-08-22T01:00:00.000Z,San Francisco,tech,2026-08-04
[Workshop] How to migrate from Datadog without losing a single dashboard,https://lu.ma/q299372t,2026-08-26T00:30:00.000Z,San Francisco,tech,2026-08-04
MEMORY LEAK - FOUNDER+VC HAPPY HOUR,https://lu.ma/memoryleak,2026-08-28T02:00:00.000Z,San Francisco,tech,2026-08-04
"Palo Alto, CA - Deep Tech Connections Networking Breakfast",https://lu.ma/Palo.Alto-August,2026-08-28T15:30:00.000Z,San Francisco,tech,2026-08-04
Content Breakfast Club IRL,https://lu.ma/4ulpzfcd,2026-08-29T18:00:00.000Z,San Francisco,tech,2026-08-04
Deep Tech Venture Debt 101,https://lu.ma/2myvxpnq,2026-09-01T19:00:00.000Z,San Francisco,tech,2026-08-04
Our Quantum Future: Risks and Opportunities for the Black community,https://lu.ma/berkeley-xiq4,2026-09-12T16:00:00.000Z,San Francisco,tech,2026-08-04
🌐EV/AV Meetup - The Physical and Digital infrastructure Behind AV Charging At Scale,https://lu.ma/5a2q7v47,2026-09-18T00:00:00.000Z,San Francisco,tech,2026-08-04
From NTU to Silicon Valley: NTU Founders in Life Sciences,https://lu.ma/rvhbd2ml,2026-09-24T00:00:00.000Z,San Francisco,tech,2026-08-04
Back-to-School for VCs Happy Hour,https://lu.ma/ag7vocz9,2026-09-30T23:00:00.000Z,San Francisco,tech,2026-08-04
Founder Board Game Night,https://lu.ma/rhh6bj5y,2026-08-04T23:00:00.000Z,New York,tech,2026-08-04
NYC Founders & Operators: Breakfast Club,https://lu.ma/cdnl5oj4,2026-08-06T12:30:00.000Z,New York,tech,2026-08-04
"Impact Innovators, Builders & Leaders: Happy Hour",https://lu.ma/byimu4r8,2026-08-06T21:30:00.000Z,New York,tech,2026-08-04
Intro to Laser Cutting & Engraving: Basic Use & Safety,https://lu.ma/p9ll4xlj,2026-08-06T22:00:00.000Z,New York,tech,2026-08-04
Tapas and Wine with Corgi,https://lu.ma/wad76pdz,2026-08-06T22:00:00.000Z,New York,tech,2026-08-04
NYC Founder Hoops,https://lu.ma/the-jw6m,2026-08-08T15:00:00.000Z,New York,tech,2026-08-04
FREE NYC MASTERCLASS,https://lu.ma/rok06hm8,2026-08-08T18:00:00.000Z,New York,tech,2026-08-04
No-Laptop Hackathon,https://lu.ma/s086fjc9,2026-08-09T16:30:00.000Z,New York,tech,2026-08-04
Makerspace Series / Workshop 03: Cyberdeck,https://lu.ma/nzwk3mah,2026-08-09T19:00:00.000Z,New York,tech,2026-08-04
The Confluence: VOL II,https://lu.ma/li9hfm4e,2026-08-11T21:00:00.000Z,New York,tech,2026-08-04
Coworking Day & Resume Feedback Workshop,https://lu.ma/18mofve5,2026-08-12T14:00:00.000Z,New York,tech,2026-08-04
Workshop Wednesday: Investor Readiness – Pitch Deck Reviews,https://lu.ma/u9h5k3c2,2026-08-12T21:00:00.000Z,New York,tech,2026-08-04
Comma Blueprint Program Session 2 Ft. Grant from Goodlabs,https://lu.ma/6n0nrwz9,2026-08-12T22:00:00.000Z,New York,tech,2026-08-04
Women Entrepreneurs Circle - FiDi Rooftop Social,https://lu.ma/bijfrbfo,2026-08-13T22:30:00.000Z,New York,tech,2026-08-04
NYC Startup Mixer: Rooftop Happy Hour,https://lu.ma/i7ewqspq,2026-08-14T21:00:00.000Z,New York,tech,2026-08-04
Life Science Women's Network - NJ Chapter Inaugural Event - Hosted by the New Jersey Innovation Hub,https://lu.ma/tegueg4j,2026-08-18T21:00:00.000Z,New York,tech,2026-08-04
Blacksky Community Mixer,https://lu.ma/6n8btnyb,2026-08-20T22:00:00.000Z,New York,tech,2026-08-04
Rooftop Networking Mixer,https://lu.ma/otrnzuqp,2026-08-20T23:30:00.000Z,New York,tech,2026-08-04
"Leadership, Adaptability & the Future of Work",https://lu.ma/s63rxou0,2026-08-24T22:00:00.000Z,New York,tech,2026-08-04
New York EVO VC & Startups Social 🍸,https://lu.ma/as1jbl2m,2026-08-27T23:00:00.000Z,New York,tech,2026-08-04
UGLY TALK: THE BLACK FRIDAY AND CYBER MONDAY PRE-GAME WITH SHOPIFY,https://lu.ma/9xw8onwo,2026-09-08T22:00:00.000Z,New York,tech,2026-08-04
🇺🇸 Family Offices Investors Summit 🥂🕯Michelin‑Dinner📍NYC📍Sep 10-15 Fashion Week NYC🇺🇸,https://lu.ma/FOIS_NYFW,2026-09-12T19:00:00.000Z,New York,tech,2026-08-04
Climate Week Kickoff Summit: Decarbonizing Real Estate,https://lu.ma/gtealoor,2026-09-17T12:00:00.000Z,New York,tech,2026-08-04
OutRun CO2 Club 👟🗽,https://lu.ma/outrunco2,2026-09-21T10:50:00.000Z,New York,tech,2026-08-04
"Climate Karaoke 🎤 Presented by SNØCAP, gener8tor and Ashurst Perkins Coie",https://lu.ma/70jppput,2026-09-25T00:00:00.000Z,New York,tech,2026-08-04
London Nix User Group goes to the pub!,https://lu.ma/rhpkadjo,2026-08-04T17:00:00.000Z,London,tech,2026-08-04
🇬🇧 London (UK) - Pangea Product Hunt Launch,https://lu.ma/ssb1qem9,2026-08-06T17:30:00.000Z,London,tech,2026-08-04
Senior Career in Banking and Technology,https://lu.ma/p5kirnvj,2026-08-08T13:00:00.000Z,London,tech,2026-08-04
Corgi Cafe Grand Opening,https://lu.ma/gj4kaf2q,2026-08-08T17:00:00.000Z,London,tech,2026-08-04
HackWimbledon August 2026 #1,https://lu.ma/qne5u3n8,2026-08-09T11:00:00.000Z,London,tech,2026-08-04
Monthly Founders Meetup - Nic Hourcard (QuestDB) on the road to product-market fit 🚀,https://lu.ma/v4p0cnvk,2026-08-12T15:30:00.000Z,London,tech,2026-08-04
Capital & Castling: Chess Night for the Startup Community,https://lu.ma/utd44d9z,2026-08-19T17:00:00.000Z,London,tech,2026-08-04
Founder Nation: Breakie @ The Savoy,https://lu.ma/m3olbzm0,2026-08-20T07:00:00.000Z,London,tech,2026-08-04
LTH SUMMER SOCIAL,https://lu.ma/odq45ba8,2026-08-20T16:30:00.000Z,London,tech,2026-08-04
"The Design Brewers (Waterloo, Scootercaffe)",https://lu.ma/xj8xrmoz,2026-08-20T16:30:00.000Z,London,tech,2026-08-04
All-In Summer Picnic - London,https://lu.ma/70ivgdef,2026-08-21T16:30:00.000Z,London,tech,2026-08-04
Negotiating with Investors: The Dark Arts of Fundraising,https://lu.ma/viwnifrm,2026-08-25T17:00:00.000Z,London,tech,2026-08-04
House London #1 | Data Hackathon,https://lu.ma/ufmgc59d,2026-08-29T09:00:00.000Z,London,tech,2026-08-04
Tech for Good Meetup,https://lu.ma/qx7kwmdk,2026-09-02T17:00:00.000Z,London,tech,2026-08-04
"Connecting the Building: Bridging the Gap Between Infrastructure, Operations, and Tenant Experience - Roundtable",https://lu.ma/k4e7h9kc,2026-09-10T12:30:00.000Z,London,tech,2026-08-04
Link Creators Club Live in London,https://lu.ma/73x6xwu6,2026-09-11T13:30:00.000Z,London,tech,2026-08-04
Startup Pitch & Networking in London,https://lu.ma/nos2k74s,2026-09-15T17:00:00.000Z,London,tech,2026-08-04
Founder Nation: Breakie @ The Savoy,https://lu.ma/rfuqzjoo,2026-09-23T07:00:00.000Z,London,tech,2026-08-04
Startups Support & Mind Clarity Group | Week's Topic: The Big Leap + Reflections & Meditations,https://lu.ma/6s85glwa,2026-08-04T17:30:00.000Z,Berlin,tech,2026-08-04
Founders Meet & Greet,https://lu.ma/flxxt3gl,2026-08-08T15:00:00.000Z,Berlin,tech,2026-08-04
"The Orchard: A Dinner for Women Shaping Arts, Culture & Technology",https://lu.ma/6cancguc,2026-08-09T17:00:00.000Z,Berlin,tech,2026-08-04
Vuejs//Berlin #108 Hack'n'Tell Edition,https://lu.ma/i007xqjk,2026-08-11T17:00:00.000Z,Berlin,tech,2026-08-04
"Founders' Stories #1: Bastian Bergmann - Why gaming is the frontier of technology, and what it teaches us about what comes next",https://lu.ma/glu4hlhz,2026-08-11T17:30:00.000Z,Berlin,tech,2026-08-04
The After Work Summer Party by Generalyst x Launch Crew,https://lu.ma/generalyst-launchcrew,2026-08-14T17:00:00.000Z,Berlin,tech,2026-08-04
Data Berlin Summer Get Together,https://lu.ma/1765h55q,2026-08-27T16:30:00.000Z,Berlin,tech,2026-08-04
Founders Co-working Day,https://lu.ma/pf31cn13,2026-08-28T07:30:00.000Z,Berlin,tech,2026-08-04
AsiaBerlin Community Event - Gateway Series: Bridging Berlin and the East Asia Region,https://lu.ma/01hiz70c,2026-09-04T16:30:00.000Z,Berlin,tech,2026-08-04
Serious Games for Serious Change - Full-day Open Space,https://lu.ma/1myenpab,2026-09-05T07:00:00.000Z,Berlin,tech,2026-08-04
[Charla] IKEA: Experimentando el camino al futuro con Toño Jimeno,https://lu.ma/peft2lwf,2026-08-05T23:30:00.000Z,Lima,tech,2026-08-04
🇵🇪 Lima (Peru) - Pangea Product Hunt Launch,https://lu.ma/zlxl0lak,2026-08-07T00:00:00.000Z,Lima,tech,2026-08-04
LEAD Talent Room: Talento Sin Fronteras,https://lu.ma/lm1tzpq9,2026-08-14T20:00:00.000Z,Lima,tech,2026-08-04
INDUTECH: Día 1,https://lu.ma/za9ct6ca,2026-08-25T13:00:00.000Z,Lima,tech,2026-08-04
GLOBAL YOUNG LEADERS PERU,https://lu.ma/x7q9zj29,2026-08-29T20:00:00.000Z,Lima,tech,2026-08-04
Open Coworking,https://lu.ma/tjox1ext,2026-08-04T15:00:00.000Z,Austin,tech,2026-08-04
Pitch and Run ATX,https://lu.ma/PnRAustin,2026-08-07T13:00:00.000Z,Austin,tech,2026-08-04
Female Founder Networking Night | Anniversary Party,https://lu.ma/creative-a15a,2026-08-26T23:00:00.000Z,Austin,tech,2026-08-04
From Zero to Scale: The Startup Decision Game,https://lu.ma/dqxot1jw,2026-08-30T17:30:00.000Z,Austin,tech,2026-08-04
AustinXChange Kickoff,https://lu.ma/szk45lly,2026-09-03T22:30:00.000Z,Austin,tech,2026-08-04
Causal World Models for Real-World Intelligence,https://lu.ma/cflb9zcr,2026-08-05T22:30:00.000Z,San Francisco,ai,2026-08-04
Loop Engineering Meetup,https://lu.ma/beyond-ztja,2026-08-06T00:30:00.000Z,San Francisco,ai,2026-08-04
AI Tech & Startup Night — San Francisco,https://lu.ma/pd09wj6k,2026-08-06T01:00:00.000Z,San Francisco,ai,2026-08-04
Build an AI Teammate for Your Business Workflow,https://lu.ma/j30exm20,2026-08-07T01:30:00.000Z,San Francisco,ai,2026-08-04
"Singular Learning Theory, with Jesse Hoogland",https://lu.ma/rxc7xv2m,2026-08-07T01:30:00.000Z,San Francisco,ai,2026-08-04
Recursively Self-Improving AI & AI Neofactories,https://lu.ma/0dyai815,2026-08-08T01:00:00.000Z,San Francisco,ai,2026-08-04
Vibe Night Demos (#23),https://lu.ma/qdkmo024,2026-08-08T01:00:00.000Z,San Francisco,ai,2026-08-04
"🤖🍨 Sundae Robotics 03: Scaling Touch, Multimodal Perception & Dexterous Manipulation with Flexible Tactile Skin for Robot Learning",https://lu.ma/th35npqz,2026-08-09T21:00:00.000Z,San Francisco,ai,2026-08-04
Breaking Models AI Security,https://lu.ma/fdo8i24n,2026-08-09T21:30:00.000Z,San Francisco,ai,2026-08-04
"World Labs x BITKRAFT World Model Builders Meetup @ Founders, Inc.",https://lu.ma/4hemhurn,2026-08-11T00:30:00.000Z,San Francisco,ai,2026-08-04
Carnation Lunch & Learn: Microscopy Image Analysis for Early Discovery,https://lu.ma/t56hxpmr,2026-08-13T19:00:00.000Z,San Francisco,ai,2026-08-04
The Leverage Launch with Cursor,https://lu.ma/smooth-68ni,2026-08-14T00:30:00.000Z,San Francisco,ai,2026-08-04
Founder Dinner,https://lu.ma/vxq5depn,2026-08-14T01:30:00.000Z,San Francisco,ai,2026-08-04
Sisters Female Founders Breakfast,https://lu.ma/3j8tn5fk,2026-08-18T16:00:00.000Z,San Francisco,ai,2026-08-04
Whispers - Screening and Showcase (San Francisco),https://lu.ma/9bueb3ik,2026-08-19T01:00:00.000Z,San Francisco,ai,2026-08-04
Burning Budgets on Agents That Don't Deliver?,https://lu.ma/7ixq03kc,2026-08-20T16:00:00.000Z,San Francisco,ai,2026-08-04
Executive Dinner - San Francisco,https://lu.ma/y58hrgtk,2026-08-21T01:00:00.000Z,San Francisco,ai,2026-08-04
Become an AI Builder: Create Your First Project in One Night,https://lu.ma/t26ue3ub,2026-08-22T01:00:00.000Z,San Francisco,ai,2026-08-04
"Creative Coding Night - Presented by a16z, QuiverAI, Cursor",https://lu.ma/l5i8ewkj,2026-08-26T00:30:00.000Z,San Francisco,ai,2026-08-04
East Bay AI Builders Lunch,https://lu.ma/yvqts5kf,2026-08-26T19:00:00.000Z,San Francisco,ai,2026-08-04
Bunkerhill Health Tech Talk,https://lu.ma/itgvt1vf,2026-08-26T22:00:00.000Z,San Francisco,ai,2026-08-04
ROAST MY PR - Win a Mac Mini!,https://lu.ma/roastpr,2026-08-27T00:00:00.000Z,San Francisco,ai,2026-08-04
Dynamic Talks | Live Claude Code Demo| Bay Area Engineering Meetup,https://lu.ma/3r7yk8uw,2026-08-28T00:30:00.000Z,San Francisco,ai,2026-08-04
"Health2Tech San Francisco September 3, 2026",https://lu.ma/y7u3pk8t,2026-09-04T00:30:00.000Z,San Francisco,ai,2026-08-04
Agent Experience Demo Night by Sapient @ AWS Builder Loft (#6th Edition),https://lu.ma/k03xexdh,2026-09-09T00:00:00.000Z,San Francisco,ai,2026-08-04
Houston: Product Demo & AI Agents Workshop,https://lu.ma/qktusa7z,2026-09-09T00:00:00.000Z,San Francisco,ai,2026-08-04
Techsuyo 2026: Human-Centered AI,https://lu.ma/5rmv9m3d,2026-09-11T15:30:00.000Z,San Francisco,ai,2026-08-04
PyLadies San Francisco at Datadog,https://lu.ma/0qa8rm4z,2026-09-18T01:00:00.000Z,San Francisco,ai,2026-08-04
Germany at the Frontier,https://lu.ma/5p58mktn,2026-10-08T17:00:00.000Z,San Francisco,ai,2026-08-04
Silicon Valley AI/Tech Investing Summit---Attend or Pitch,https://lu.ma/angellaunchoct12,2026-10-12T19:00:00.000Z,San Francisco,ai,2026-08-04
Universal Celebration Hackathon,https://lu.ma/m9h5vo7a,2026-10-19T16:30:00.000Z,San Francisco,ai,2026-08-04
Agents & APIs SF Developer Meetup,https://lu.ma/Oct-SF-agents-APIs-meetup,2026-10-23T00:30:00.000Z,San Francisco,ai,2026-08-04
Build Your AI Content Engine with Serhant,https://lu.ma/qg0pmbpn,2026-08-04T14:00:00.000Z,New York,ai,2026-08-04
AI Literacy Masterclass №3 — Automation and Practice,https://lu.ma/ai-literacy-3,2026-08-04T22:00:00.000Z,New York,ai,2026-08-04
Empanadas & Exploits: A Founder Security Social,https://lu.ma/h33t0x6r,2026-08-05T15:30:00.000Z,New York,ai,2026-08-04
Solo Unicorn 1st Anniversary Social Mixer | AI-Native Transformation × One-Person Companies,https://lu.ma/05hu02x3,2026-08-08T18:00:00.000Z,New York,ai,2026-08-04
"Po-Shen Loh | Raise A Thought Full Generation in the Age of AI | Westchester, NY",https://lu.ma/aariydqw,2026-08-09T18:00:00.000Z,New York,ai,2026-08-04
Product & Engineering Leaders Dinner,https://lu.ma/a4v1odin,2026-08-11T22:30:00.000Z,New York,ai,2026-08-04
Steel & Silicon: NYC Edition,https://lu.ma/77ysax18,2026-08-12T23:00:00.000Z,New York,ai,2026-08-04
Ship Like a Baddie Hackathon: Vibe Code a Startup to Ship to Market (in-person + remote),https://lu.ma/rxbdvk36,2026-08-16T16:00:00.000Z,New York,ai,2026-08-04
AI Leaders Box at Yankees Stadium,https://lu.ma/baseten-cre2,2026-08-21T23:00:00.000Z,New York,ai,2026-08-04
Agentic Payments and the Future of Freedom,https://lu.ma/b2693yab,2026-09-01T22:30:00.000Z,New York,ai,2026-08-04
Startup Pitch Night: $1K Cash Drop (AI Optional) | by 1PB.org,https://lu.ma/0gxtfuaw,2026-09-15T21:30:00.000Z,New York,ai,2026-08-04
NYC Founders Club x Databricks: Building in AI × Life Sciences,https://lu.ma/nyc-bgcx,2026-09-24T22:00:00.000Z,New York,ai,2026-08-04
Agents & APIs NYC Developer Meetup,https://lu.ma/5ohpxqxn,2026-10-28T21:00:00.000Z,New York,ai,2026-08-04
Elyos Dinner Club: Lifting the lid on AI Agents for field services,https://lu.ma/frbu2k47,2026-08-13T17:30:00.000Z,London,ai,2026-08-04
London Community Meetup,https://lu.ma/ucdbm6r5,2026-08-16T09:45:00.000Z,London,ai,2026-08-04
Forward Deployed: Applied AI with Nick Carmont,https://lu.ma/2izjug7u,2026-08-18T07:00:00.000Z,London,ai,2026-08-04
Vibe Coding for 100% beginners,https://lu.ma/qlok1f5r,2026-08-18T18:00:00.000Z,London,ai,2026-08-04
Start Up Picnic Vol. 2,https://lu.ma/rd9l3j0v,2026-08-09T11:00:00.000Z,Berlin,ai,2026-08-04
Build with AI: Berlin Meetup,https://lu.ma/agmd8ie4,2026-08-10T16:00:00.000Z,Berlin,ai,2026-08-04
Building User Trust in AI Products People Rely On - PM Night @Flinn.ai,https://lu.ma/icwm94lh,2026-08-12T16:30:00.000Z,Berlin,ai,2026-08-04
Give Your Slack a Memory: A Cognee and Qdrant Hack Night,https://lu.ma/cognee-m078,2026-08-14T15:00:00.000Z,Berlin,ai,2026-08-04
Cafe Compute Meetup: Berlin,https://lu.ma/cafecomputeberlin,2026-08-19T16:00:00.000Z,Berlin,ai,2026-08-04
Agents Gone Rogue,https://lu.ma/ywjxiy8b,2026-08-25T16:00:00.000Z,Berlin,ai,2026-08-04
AI Adoption Forum,https://lu.ma/angel-43bf,2026-11-19T08:00:00.000Z,Berlin,ai,2026-08-04
Steel & Silicon: ATX Edition,https://lu.ma/r53sjvu9,2026-08-07T00:00:00.000Z,Austin,ai,2026-08-04
The Ai Implementation Club,https://lu.ma/3983n936,2026-08-09T18:00:00.000Z,Austin,ai,2026-08-04
How To Series: TwelveLabs for Marketing Workflows,https://lu.ma/organized-5ujm,2026-08-14T22:30:00.000Z,Austin,ai,2026-08-04
How to get press without a PR agency,https://lu.ma/pressforantler,2026-08-06T17:00:00.000Z,San Francisco,tech,2026-08-05
Thursday Communi-tea @ The Fold SF: Apollo Innovation Commons x Human Flourishing,https://lu.ma/99c9lodi,2026-08-06T19:00:00.000Z,San Francisco,tech,2026-08-05
Health Tech Roundtable,https://lu.ma/y0jl5q5q,2026-08-07T00:00:00.000Z,San Francisco,tech,2026-08-05
Chess Night in Jackson Square,https://lu.ma/mwaggsmm,2026-08-07T02:00:00.000Z,San Francisco,tech,2026-08-05
SF August Run | Bio-Health Athletic Club,https://lu.ma/j7dnyy9x,2026-08-09T17:00:00.000Z,San Francisco,tech,2026-08-05
N of 1: Padel + Personalized Health with YC S26,https://lu.ma/i7u0jrhb,2026-08-10T01:00:00.000Z,San Francisco,tech,2026-08-05
East Bay Health Tech Happy Hour,https://lu.ma/vh0p0dz7,2026-08-12T01:00:00.000Z,San Francisco,tech,2026-08-05
PRIVATE SUITE AT LEVI’S STADIUM: 49ers vs. Titans | Engineering Leaders & Funded Founders & Investors,https://lu.ma/founders-wza9,2026-08-14T00:00:00.000Z,San Francisco,tech,2026-08-05
Female Founder Night,https://lu.ma/compiled-yvqk,2026-08-14T01:00:00.000Z,San Francisco,tech,2026-08-05
"Presidio Day: Coffee, Connection, & Coworking with Social Impact SF",https://lu.ma/2cxsnnhr,2026-08-14T18:00:00.000Z,San Francisco,tech,2026-08-05
⚡Lightning Talks⚡,https://lu.ma/3eo3g6fl,2026-08-15T02:00:00.000Z,San Francisco,tech,2026-08-05
Founder BBQ Bash,https://lu.ma/founderbbqbash,2026-08-16T19:00:00.000Z,San Francisco,tech,2026-08-05
THE SF DATABASE MEETUP: AUGUST,https://lu.ma/fxqt8zra,2026-08-20T00:30:00.000Z,San Francisco,tech,2026-08-05
Founder Dinner,https://lu.ma/bqj5gosv,2026-08-20T01:30:00.000Z,San Francisco,tech,2026-08-05
Neurotech South Bay Summer Mixer!,https://lu.ma/m3rfowo1,2026-08-28T00:30:00.000Z,San Francisco,tech,2026-08-05
Accessing Non-Dilutive Public & Philanthropic Capital for Cleantech Startups,https://lu.ma/8ozod93r,2026-09-03T00:00:00.000Z,San Francisco,tech,2026-08-05
YC Alumni Monthly #51,https://lu.ma/no13ljmj,2026-09-03T01:30:00.000Z,San Francisco,tech,2026-08-05
Cafe Cowork: Temporal x Corgi,https://lu.ma/cafe-cowork-temporal,2026-09-04T16:00:00.000Z,San Francisco,tech,2026-08-05
"SF Ruby Meetup, September @ Datadog",https://lu.ma/s2gs6jxb,2026-09-16T00:00:00.000Z,San Francisco,tech,2026-08-05
SynBioBeta Rooftop Rest and Digest,https://lu.ma/m7svw9l4,2026-09-16T23:00:00.000Z,San Francisco,tech,2026-08-05
Good People Dinner | SF,https://lu.ma/goodpeopledinner-sf,2026-09-24T01:00:00.000Z,San Francisco,tech,2026-08-05
Design Roasting Session (vol. 2),https://lu.ma/o2u9s9lr,2026-10-07T21:00:00.000Z,San Francisco,tech,2026-08-05
VC Office Hours (members only),https://lu.ma/2eoqpuuo,2026-08-05T17:00:00.000Z,New York,tech,2026-08-05
🇺🇸 New York (USA) - Pangea Product Hunt Launch,https://lu.ma/61yyx3ri,2026-08-06T23:00:00.000Z,New York,tech,2026-08-05
Morning Matcha Ritual,https://lu.ma/pz4puwux,2026-08-07T13:00:00.000Z,New York,tech,2026-08-05
Coworking Fridays @ West Village,https://lu.ma/py9ughpu,2026-08-07T14:00:00.000Z,New York,tech,2026-08-05
DARK MODE RAVE,https://lu.ma/darkmoderave,2026-08-07T22:00:00.000Z,New York,tech,2026-08-05
The Flâneur Walk: Urban wandering and conversation,https://lu.ma/4ia2sk4r,2026-08-08T21:30:00.000Z,New York,tech,2026-08-05
"WhopX: Multiplayer, Jersey City",https://lu.ma/wgzkbub4,2026-08-08T23:00:00.000Z,New York,tech,2026-08-05
How to Create and Leverage Your Google Profile,https://lu.ma/3lluhiit,2026-08-10T15:00:00.000Z,New York,tech,2026-08-05
Planet X Virtual Production Summit,https://lu.ma/sn3f5ojl,2026-08-12T15:00:00.000Z,New York,tech,2026-08-05
NYC Intern Rooftop Mixer,https://lu.ma/5kclli00,2026-08-12T20:00:00.000Z,New York,tech,2026-08-05
Cena Sin Fin (Tech),https://lu.ma/baselayer-bdqk,2026-08-12T22:30:00.000Z,New York,tech,2026-08-05
Business Boys,https://lu.ma/par7uv2a,2026-08-13T22:00:00.000Z,New York,tech,2026-08-05
NYC Founders & Operators: Rooftop Social,https://lu.ma/u6od6jpm,2026-08-13T22:30:00.000Z,New York,tech,2026-08-05
Founders Friday by Neo with Akash Magoon,https://lu.ma/jzy7asip,2026-08-14T14:00:00.000Z,New York,tech,2026-08-05
Makerspace Series / Workshop 04: 3D Rendering,https://lu.ma/p8e7nveq,2026-08-17T22:00:00.000Z,New York,tech,2026-08-05
Brain Longevity For Founders and Funders,https://lu.ma/04y003rf,2026-08-18T22:30:00.000Z,New York,tech,2026-08-05
26Q3 New York Executive Roundtable: Affordability & Grid Optimization,https://lu.ma/ny26q3-dinner,2026-08-19T22:00:00.000Z,New York,tech,2026-08-05
Net Gains: A Founder Pickleball Social,https://lu.ma/udk6j3r0,2026-08-19T22:00:00.000Z,New York,tech,2026-08-05
Unplatform Organizer's Meetup,https://lu.ma/wuzgfld9,2026-08-19T22:30:00.000Z,New York,tech,2026-08-05
Distribution Is Your Moat ft. Julia Dixon,https://lu.ma/7uuzcmlv,2026-08-20T13:30:00.000Z,New York,tech,2026-08-05
[member-only] CNC Router: Basic Use & Safety,https://lu.ma/u3zmqavh,2026-08-20T22:30:00.000Z,New York,tech,2026-08-05
Intimate Founder KBBQ Dinner - Sponsored by Inauguration Capital,https://lu.ma/tlz2berb,2026-08-21T22:30:00.000Z,New York,tech,2026-08-05
TalentHour Launch Party NYC,https://lu.ma/61c5i6xk,2026-08-24T21:30:00.000Z,New York,tech,2026-08-05
Co-Work and Brunch at Brex NYC HQ,https://lu.ma/brexcoworknyc,2026-08-25T13:00:00.000Z,New York,tech,2026-08-05
Matcha Mahjong Mixer🍵,https://lu.ma/5ln7iau1,2026-08-25T21:00:00.000Z,New York,tech,2026-08-05
Consumer Perks (Aug 2026),https://lu.ma/r8gzjzgo,2026-08-27T13:00:00.000Z,New York,tech,2026-08-05
AI Digital x Affinity Solutions: Summer Sendoff Mixer,https://lu.ma/qnm0952k,2026-08-27T22:00:00.000Z,New York,tech,2026-08-05
🏀 Courtside Connections: Women Who Leave a Mark,https://lu.ma/1ty9i2go,2026-08-27T22:00:00.000Z,New York,tech,2026-08-05
YouAppi LTV Table Tennis Open,https://lu.ma/vv44vwh4,2026-09-01T21:30:00.000Z,New York,tech,2026-08-05
Net Gains: A Founder Pickleball Social,https://lu.ma/ac9z7p61,2026-09-02T22:00:00.000Z,New York,tech,2026-08-05
GamesBeat Insider Series: Brands & Games Presented by Overwolf Ads,https://lu.ma/h4wu5g5p,2026-09-16T20:00:00.000Z,New York,tech,2026-08-05
Startup Pitch & Networking in NYC Manhattan,https://lu.ma/yywwkyci,2026-09-16T22:00:00.000Z,New York,tech,2026-08-05
Women and Climate Climate Week NYC Happy Hour,https://lu.ma/pwgqfblm,2026-09-22T21:30:00.000Z,New York,tech,2026-08-05
First Look: A Climate Week Founders Dinner,https://lu.ma/5y958qv8,2026-09-22T22:30:00.000Z,New York,tech,2026-08-05
Turning the tide: Sailing trip on the Hudson during ClimateWeek NYC,https://lu.ma/4muye31r,2026-09-23T19:30:00.000Z,New York,tech,2026-08-05
SOSV's HAX Deep Tech Showcase - Investors Only (In-Person),https://lu.ma/zp28xv7c,2026-09-23T22:00:00.000Z,New York,tech,2026-08-05
Climate Week Brunch: Family Offices & VCs Investing in Climate Tech,https://lu.ma/rkmi6yqc,2026-09-24T13:00:00.000Z,New York,tech,2026-08-05
SOSV Deep Tech LIVE with a Deep Tech Expert (In-Person),https://lu.ma/ek5kwae4,2026-09-24T22:00:00.000Z,New York,tech,2026-08-05
"Entrepreneurs Roundtable 219 - New York City’s Longest-Running Startup Event Series, Since 2007",https://lu.ma/emlbghul,2026-11-10T23:00:00.000Z,New York,tech,2026-08-05
"Don't Swipe, Show Up 💘 — Singles Pitch Night with Canva",https://lu.ma/01ixoo0l,2026-08-06T17:30:00.000Z,London,tech,2026-08-05
ICPC Training Session @ JetBrains London,https://lu.ma/myk58lv6,2026-08-08T10:00:00.000Z,London,tech,2026-08-05
"London ""Geo"" Meetup #5",https://lu.ma/kff6fr0p,2026-08-12T17:00:00.000Z,London,tech,2026-08-05
Gleam London Summer Soirée,https://lu.ma/vacn20ag,2026-08-18T17:30:00.000Z,London,tech,2026-08-05
Pints & Pipelines II — Bioinformatics Pub Night,https://lu.ma/5nq4iux4,2026-08-19T16:30:00.000Z,London,tech,2026-08-05
"Sassy Salon - Brands & Creators, In the Same Room | London",https://lu.ma/q9dmgmyc,2026-08-26T14:00:00.000Z,London,tech,2026-08-05
Cur8 X MGA: Beginners Golf Day,https://lu.ma/x7iq7fws,2026-08-28T10:00:00.000Z,London,tech,2026-08-05
Cultural Strategy - Industry Community Evening,https://lu.ma/7dficxqt,2026-09-10T16:00:00.000Z,London,tech,2026-08-05
B2B Unplugged: The Creator Sessions,https://lu.ma/gkm425aq,2026-09-16T16:45:00.000Z,London,tech,2026-08-05
London CTOs Unconference,https://lu.ma/umxadhfx,2026-09-22T17:00:00.000Z,London,tech,2026-08-05
🇧🇪🇬🇧 Embassy Pitch Series: UK x Belgium,https://lu.ma/nzvrfabb,2026-10-06T13:30:00.000Z,London,tech,2026-08-05
Cosmopolitan EstateXchange - AFTER WORK EVENT - 2026 - Nur Real Estate Makler - Baufirmen & Investmentfirmen -Projektentwickler-Letting,https://lu.ma/6kn3b3tg,2026-08-06T17:30:00.000Z,Berlin,tech,2026-08-05
Freelancer Fridays Meetup,https://lu.ma/au0o74pk,2026-08-07T17:00:00.000Z,Berlin,tech,2026-08-05
Summer Party Gathering <> Founders Running Club :: Berlin 💃,https://lu.ma/csjk7vwg,2026-08-08T16:00:00.000Z,Berlin,tech,2026-08-05
BAD1 & Anna Auerbach (Volt): Shaping the Future of Berlin's Startup Ecosystem,https://lu.ma/w0qj8nzz,2026-08-11T15:15:00.000Z,Berlin,tech,2026-08-05
🍻 YFN Berlin Stammtisch,https://lu.ma/tes10kyk,2026-08-11T17:00:00.000Z,Berlin,tech,2026-08-05
Cosmopolitan EstateXchange - AFTER WORK EVENT - 2026 - Nur Real Estate Makler - Baufirmen & Investmentfirmen -Projektentwickler-Letting,https://lu.ma/9fz2jv00,2026-08-26T18:00:00.000Z,Berlin,tech,2026-08-05
Executive connect TumiPay | Perú,https://lu.ma/788yr3m7,2026-08-05T22:30:00.000Z,Lima,tech,2026-08-05
Conectando Innovación Global con el Perú – Softlanding en Perú,https://lu.ma/p6gora7c,2026-08-11T23:00:00.000Z,Lima,tech,2026-08-05
INDUTECH: Día 2,https://lu.ma/r2j4dd87,2026-08-27T13:00:00.000Z,Lima,tech,2026-08-05
YPN Summer Social,https://lu.ma/gdapaxxj,2026-08-18T23:00:00.000Z,Austin,tech,2026-08-05
Austin Tech Leaders,https://lu.ma/23b0c76i,2026-08-20T23:00:00.000Z,Austin,tech,2026-08-05
Austin STEM Center - Grand Opening,https://lu.ma/w5ay1e1w,2026-08-22T18:00:00.000Z,Austin,tech,2026-08-05
Healthcare Professionals of Austin Social,https://lu.ma/x6qudzvp,2026-08-26T21:30:00.000Z,Austin,tech,2026-08-05
Austin in 2030 Conversation,https://lu.ma/rfs-24qp,2026-08-26T22:00:00.000Z,Austin,tech,2026-08-05
Fridgeside! A Quantum Discussion with whurley (founders),https://lu.ma/kzdy5shx,2026-09-01T22:00:00.000Z,Austin,tech,2026-08-05
Stop AI Meeting San Francisco,https://lu.ma/u3erm139,2026-08-06T01:00:00.000Z,San Francisco,ai,2026-08-05
How AI Is Reshaping Technology Business Models,https://lu.ma/e95zmgmv,2026-08-07T00:00:00.000Z,San Francisco,ai,2026-08-05
Hacker's Book Club,https://lu.ma/1qt6u1j3,2026-08-08T01:00:00.000Z,San Francisco,ai,2026-08-05
Robotics + World Models Researcher Dinner Party | ThirdOrigin.ai,https://lu.ma/7gmbxu8h,2026-08-08T01:30:00.000Z,San Francisco,ai,2026-08-05
cocktails & games | YC/A16Z,https://lu.ma/27zk1ews,2026-08-08T02:00:00.000Z,San Francisco,ai,2026-08-05
San Francisco | Claude Impact Lab,https://lu.ma/claude-7lr5,2026-08-08T17:00:00.000Z,San Francisco,ai,2026-08-05
7x Engagement Superpower with AI,https://lu.ma/x7tkl2xv,2026-08-08T19:00:00.000Z,San Francisco,ai,2026-08-05
9Zero x Vectors Capital Community Lunch & Learn: Data Center Power Supply - Fuel Cells,https://lu.ma/2m0fvf7x,2026-08-10T19:00:00.000Z,San Francisco,ai,2026-08-05
VC Networking: Pitch Day — San Francisco,https://lu.ma/z5ia9b92,2026-08-12T01:00:00.000Z,San Francisco,ai,2026-08-05
Enterprise MCP Lightning Talks,https://lu.ma/w3ckeuj7,2026-08-14T00:30:00.000Z,San Francisco,ai,2026-08-05
SF AI Code And Coffee Sunday August 16th!,https://lu.ma/4vokfjup,2026-08-16T21:00:00.000Z,San Francisco,ai,2026-08-05
SkyRL Meetup,https://lu.ma/y4ahouh6,2026-08-19T01:00:00.000Z,San Francisco,ai,2026-08-05
Bring Your Own Cloud: Running Software in Customer Environments,https://lu.ma/2709f44u,2026-08-20T00:30:00.000Z,San Francisco,ai,2026-08-05
AI Infra Sellers Meetup #6,https://lu.ma/ne02bctm,2026-08-21T00:30:00.000Z,San Francisco,ai,2026-08-05
Solving Aging in the Age of AI,https://lu.ma/biopunk-fireside-chat,2026-08-21T01:00:00.000Z,San Francisco,ai,2026-08-05
Corey Quinn x Philip Kiely @ Natoma Cabana,https://lu.ma/gexguvs5,2026-08-26T00:00:00.000Z,San Francisco,ai,2026-08-05
"KCD SF Bay Area: AI, Kubernetes, and Platform Engineering",https://lu.ma/ag6p7kgm,2026-09-01T16:00:00.000Z,San Francisco,ai,2026-08-05
First Look: Korea Private Investor Showcase,https://lu.ma/7i1gxj7h,2026-09-03T18:30:00.000Z,San Francisco,ai,2026-08-05
Taiwan Demo Day @ Taiwan Tech Summit 2026,https://lu.ma/moklpgxz,2026-09-26T21:00:00.000Z,San Francisco,ai,2026-08-05
Immerse Global Summit - Healthcare Edition AI Track and XR Track,https://lu.ma/v1t69rx3,2026-10-27T16:00:00.000Z,San Francisco,ai,2026-08-05
MPL Live San Francisco (2026),https://lu.ma/mpl-live-sf,2026-11-12T17:30:00.000Z,San Francisco,ai,2026-08-05
MAD Rooftop Summer Party,https://lu.ma/firstmark-wp1e,2026-08-05T22:00:00.000Z,New York,ai,2026-08-05
The Builders' Table,https://lu.ma/gchokfzp,2026-08-09T21:00:00.000Z,New York,ai,2026-08-05
Listen & Liberty Bagels: Researcher Meetup,https://lu.ma/ogkhau5s,2026-08-13T11:00:00.000Z,New York,ai,2026-08-05
Hops & Flops: New York,https://lu.ma/kylt79cf,2026-08-14T21:00:00.000Z,New York,ai,2026-08-05
Agentics: Use Agents Effectively,https://lu.ma/agentics-4qd8,2026-08-19T22:00:00.000Z,New York,ai,2026-08-05
AI Safety workshop,https://lu.ma/i9ak92r5,2026-08-19T22:00:00.000Z,New York,ai,2026-08-05
Marketplace Chat & New York City Meetup,https://lu.ma/11eocg7i,2026-08-19T22:00:00.000Z,New York,ai,2026-08-05
PMAI: Stronger Together - Find Your Co-Founder,https://lu.ma/pioneerai-t9u1,2026-08-19T22:00:00.000Z,New York,ai,2026-08-05
AI-Native Founders Lunch Hosted by J.P. Morgan & Tavily,https://lu.ma/tavily-i2bd,2026-08-20T16:00:00.000Z,New York,ai,2026-08-05
Kubernetes Observability and Agentic Ops with Elastic,https://lu.ma/you-atud,2026-08-25T22:00:00.000Z,New York,ai,2026-08-05
Idea to MVP Workshop: Build Night with Lovable,https://lu.ma/vibenyc,2026-08-26T22:00:00.000Z,New York,ai,2026-08-05
"NYC GTM Leaders, Vol. 1: Breaking Through the AI Slop",https://lu.ma/h1jx3jn9,2026-08-27T22:30:00.000Z,New York,ai,2026-08-05
AAIF NYC: Agentic AI Night with Nous Research,https://lu.ma/aaif-kc6u,2026-09-15T22:00:00.000Z,New York,ai,2026-08-05
AI Founders Supper Club (Hosted by The AI Furnace),https://lu.ma/o8mz88ls,2026-09-22T22:00:00.000Z,New York,ai,2026-08-05
Future grids: How are technology and AI changing the energy industry?,https://lu.ma/l56silx1,2026-09-23T12:30:00.000Z,New York,ai,2026-08-05
A closed-door dialogue on the future of digital services talent,https://lu.ma/2lckhwli,2026-09-24T12:30:00.000Z,New York,ai,2026-08-05
AI Trailblazers Intelligence Summit,https://lu.ma/08drmb92,2026-09-29T12:30:00.000Z,New York,ai,2026-08-05
Corgi x London AI: Paint By Tokens,https://lu.ma/londonai-hjn7,2026-08-09T11:00:00.000Z,London,ai,2026-08-05
Ripple Effect: Opportunities on XRP Ledger,https://lu.ma/i9yy3xc6,2026-08-11T10:00:00.000Z,London,ai,2026-08-05
"Coffee, Climate and AI Curious (London)",https://lu.ma/8drni4bx,2026-08-12T07:30:00.000Z,London,ai,2026-08-05
London PyTorch #28,https://lu.ma/gyg8xc4e,2026-10-01T17:30:00.000Z,London,ai,2026-08-05
Coworking Day: AI Edition 🌿🤖,https://lu.ma/6z3wcq7z,2026-08-06T07:30:00.000Z,Berlin,ai,2026-08-05
AI Night: Workflows & Experiences 🌍🤖,https://lu.ma/futura-tges,2026-08-06T17:00:00.000Z,Berlin,ai,2026-08-05
Продуктовий Дизайн З ШІ,https://lu.ma/oavhh9yf,2026-08-08T11:00:00.000Z,Berlin,ai,2026-08-05
Revenue for Breakfast #20 - GTM Enablement: The Missing Layer in Your AI Strategy,https://lu.ma/4xjhb870,2026-08-26T06:30:00.000Z,Berlin,ai,2026-08-05
"AI Validation, Modern Automation & the Future of Quality Engineering | 12th Berlin Meet-Up",https://lu.ma/ttt-12th-berlin,2026-08-26T16:00:00.000Z,Berlin,ai,2026-08-05
Hands-On with Claude Code + Notion: Build Your AI Content System in 3 Hours ✍️,https://lu.ma/co-8dzk,2026-08-28T15:00:00.000Z,Berlin,ai,2026-08-05
Body of Work 5: Futurism Now,https://lu.ma/arwtfltj,2026-09-03T18:00:00.000Z,Berlin,ai,2026-08-05
Fintech Ladies Berlin x Visa: Agentic Commerce and the Future of Payments,https://lu.ma/t1ctmi6u,2026-09-14T16:30:00.000Z,Berlin,ai,2026-08-05
Summit Encore Lima,https://lu.ma/p28h66pd,2026-08-13T13:30:00.000Z,Lima,ai,2026-08-05
Build with Claude Lima,https://lu.ma/zleglkgx,2026-08-22T14:00:00.000Z,Lima,ai,2026-08-05
"Dev Days | Lima, Peru",https://lu.ma/dy38re3p,2026-09-12T14:00:00.000Z,Lima,ai,2026-08-05
Austin | Parallel Development Claude | Build & Brew,https://lu.ma/batyhqrd,2026-08-05T22:30:00.000Z,Austin,ai,2026-08-05
AI IRL Social,https://lu.ma/erzwc8qq,2026-08-11T21:30:00.000Z,Austin,ai,2026-08-05
AI That Works: build an Apify Actor that reads your Claude Code logs,https://lu.ma/apify-hy8m,2026-08-11T22:00:00.000Z,Austin,ai,2026-08-05
Fridge Lab: AI Content Factory (founders),https://lu.ma/8fwtuyg8,2026-08-13T20:00:00.000Z,Austin,ai,2026-08-05
Agentic AI Show-and-Tell (founders),https://lu.ma/u5y6mylb,2026-08-17T21:00:00.000Z,Austin,ai,2026-08-05
Austin Marketers' Roundtable: Future of AI in Marketing,https://lu.ma/8a25ic2q,2026-08-20T23:00:00.000Z,Austin,ai,2026-08-05
Build a Production-Ready Agent with Amazon Bedrock Agentcore,https://lu.ma/soestyx3,2026-08-27T14:30:00.000Z,Austin,ai,2026-08-05
AI Community Hangout | NextWork's Build & Brew,https://lu.ma/subeuxnk,2026-08-29T23:30:00.000Z,Austin,ai,2026-08-05
Fridgeside! Love Conquers Fear w/Brett Hurt (founders),https://lu.ma/t5h4lbi2,2026-09-23T22:00:00.000Z,Austin,ai,2026-08-05
Rust Meetup,https://lu.ma/3gtwwjti,2026-08-07T02:00:00.000Z,San Francisco,tech,2026-08-06
intergenerational hackathon,https://lu.ma/zp2yzp59,2026-08-10T02:00:00.000Z,San Francisco,tech,2026-08-06
"Psychology Workshop - Your Inner Operating System: The Science of Resilience, Balance & Meaning",https://lu.ma/m5ygn9nb,2026-08-10T20:30:00.000Z,San Francisco,tech,2026-08-06
StartupA2Z Founders Pitch & Mix,https://lu.ma/m0eu7bw9,2026-08-13T00:00:00.000Z,San Francisco,tech,2026-08-06
Co Ventures Community x Tom Brunskill,https://lu.ma/eaxzi9dt,2026-08-14T01:00:00.000Z,San Francisco,tech,2026-08-06
touchdesigner,https://lu.ma/touchdesignerintro,2026-08-14T02:00:00.000Z,San Francisco,tech,2026-08-06
Leader's Plateau: You weren't built to do this alone.,https://lu.ma/dqrnzrif,2026-08-19T00:45:00.000Z,San Francisco,tech,2026-08-06
Founder & Sales Leaders Dinner by Arceus,https://lu.ma/zyoq2h9o,2026-08-21T01:30:00.000Z,San Francisco,tech,2026-08-06
Make Your Story Glow: Build a Magnetic LED Scrapbook,https://lu.ma/i20ybowv,2026-08-22T20:00:00.000Z,San Francisco,tech,2026-08-06
Demystifying Pharma Partnerships: A Conversation with Industry Leaders,https://lu.ma/t1cwycgc,2026-08-25T18:30:00.000Z,San Francisco,tech,2026-08-06
Women Tech Meetup w/Workato,https://lu.ma/kmq8ra7u,2026-08-26T00:30:00.000Z,San Francisco,tech,2026-08-06
Romanian Tech in SF - August Drinks & Chat,https://lu.ma/tvuj9ov4,2026-08-27T02:00:00.000Z,San Francisco,tech,2026-08-06
Carnation Lunch & Learn: Microscopy Image Analysis for Early Discovery,https://lu.ma/7znca5f5,2026-09-02T19:00:00.000Z,San Francisco,tech,2026-08-06
Nepali Professionals Mixer - San Francisco,https://lu.ma/o8pnzcdu,2026-09-04T01:00:00.000Z,San Francisco,tech,2026-08-06
After Hours: How to Succeed in Fractional Careers,https://lu.ma/bkwjuig2,2026-09-10T00:30:00.000Z,San Francisco,tech,2026-08-06
Alumni Ventures Open House: Menlo Park,https://lu.ma/AVX_MP_OHSept26,2026-09-14T23:30:00.000Z,San Francisco,tech,2026-08-06
Atticus Summer Drinks,https://lu.ma/pjbh4mi7,2026-09-17T23:00:00.000Z,San Francisco,tech,2026-08-06
Stripe Developer Meetup San Francisco September 2026,https://lu.ma/ntusn7f5,2026-09-23T01:00:00.000Z,San Francisco,tech,2026-08-06
Ship n' Run: a run club for founders & builders,https://lu.ma/shipnrun,2026-08-07T11:00:00.000Z,New York,tech,2026-08-06
Westchester Tech Coffee - August 7th 2026,https://lu.ma/hkecn2i5,2026-08-07T13:00:00.000Z,New York,tech,2026-08-06
Micro Monday's Coworking,https://lu.ma/z62le0tk,2026-08-10T14:00:00.000Z,New York,tech,2026-08-06
"Wednesday Coworking - Founders, Builders, Creatives, Researchers, and Supporters",https://lu.ma/f8tikmf8,2026-08-12T13:30:00.000Z,New York,tech,2026-08-06
Startup founders happy hour w/ Merge & Corgi,https://lu.ma/vxh2mlcn,2026-08-12T22:00:00.000Z,New York,tech,2026-08-06
"Tech Teams Today Dinner with Gianluca Biccari, Sr Director Eng @ OpenGov - NYC",https://lu.ma/revelo-dinner-new-york-city-081226,2026-08-12T22:30:00.000Z,New York,tech,2026-08-06
Open House at Fat Cat Fab Lab,https://lu.ma/4i4ce2c7,2026-08-12T23:00:00.000Z,New York,tech,2026-08-06
119th NY Hardware Meetup - Beyond the Screen: Designing Physical Products That Fit Kids' Bodies and Minds at Smart Design,https://lu.ma/7ltg5kqq,2026-08-13T22:00:00.000Z,New York,tech,2026-08-06
The Overlap [vol. 1],https://lu.ma/ckim0b9c,2026-08-13T22:00:00.000Z,New York,tech,2026-08-06
CTO Lunch August 2026,https://lu.ma/bshrou0b,2026-08-18T16:00:00.000Z,New York,tech,2026-08-06
Building Collaborations with Cultural Cachet,https://lu.ma/r5lbibva,2026-08-26T21:30:00.000Z,New York,tech,2026-08-06
You Should Call Me ❤︎,https://lu.ma/n02mflbp,2026-08-29T17:00:00.000Z,New York,tech,2026-08-06
AIN Ventures: Annual General Meeting,https://lu.ma/e36u0e7v,2026-09-10T14:00:00.000Z,New York,tech,2026-08-06
Good People Dinner | NY,https://lu.ma/goodpeopledinner-ny,2026-10-07T22:00:00.000Z,New York,tech,2026-08-06
PreSales Leaders Dinner Series [NYC],https://lu.ma/c20emumx,2026-11-12T23:00:00.000Z,New York,tech,2026-08-06
Web Summit Happy Hour: London 🍻,https://lu.ma/zk0u10po,2026-08-06T17:00:00.000Z,London,tech,2026-08-06
BLACK APPRENTICE CONFERENCE 2026 (Morning starts at 8:30am; Afternoon starts at 1:00pm),https://lu.ma/0nkmt3ca,2026-08-07T07:30:00.000Z,London,tech,2026-08-06
Future Frontiers - London,https://lu.ma/uk4vmdfr,2026-08-12T16:30:00.000Z,London,tech,2026-08-06
What's actually moving the needle on occupancy and enquiries in 2026? A breakfast for London care home directors,https://lu.ma/pegkav8z,2026-08-13T07:30:00.000Z,London,tech,2026-08-06
Founder Cowork Club [UNFACILITATED],https://lu.ma/4hfbqcl7,2026-08-13T08:00:00.000Z,London,tech,2026-08-06
From Audience to Community: Designing Events People Help Shape,https://lu.ma/ledby-4f37,2026-08-20T08:45:00.000Z,London,tech,2026-08-06
React Native London Meetup - August 2026,https://lu.ma/fm2yjyxo,2026-08-20T17:30:00.000Z,London,tech,2026-08-06
Hardware Hack Day,https://lu.ma/granola-hardware-hack-day,2026-08-30T09:30:00.000Z,London,tech,2026-08-06
Founder Nation: Breakie @ The Savoy (For Tech Founders),https://lu.ma/wjbh9rkr,2026-09-03T07:00:00.000Z,London,tech,2026-08-06
Ravio Breakfast Club: London,https://lu.ma/xisuxdhf,2026-09-08T07:30:00.000Z,London,tech,2026-08-06
Japanese CVC Showcase,https://lu.ma/o9ls1k01,2026-09-08T17:30:00.000Z,London,tech,2026-08-06
Energy Stammtisch London,https://lu.ma/tpxcb420,2026-09-10T17:30:00.000Z,London,tech,2026-08-06
Founders & Investors Back to School Social Mixer,https://lu.ma/nvo1nrat,2026-09-17T15:00:00.000Z,London,tech,2026-08-06
Taking a Seat at the Table: Demystifying Investment Decisions,https://lu.ma/axbb6ttr,2026-09-28T07:30:00.000Z,London,tech,2026-08-06
The employer-candidate expectation gap: Bridging talent expectations and employer reality,https://lu.ma/2brw0ubd,2026-08-20T16:30:00.000Z,Berlin,tech,2026-08-06
"Leap Monthly Breakfast: Connect, Pitch & Innovate ☕️",https://lu.ma/s0nofsd4,2026-08-25T08:00:00.000Z,Berlin,tech,2026-08-06
Chargetrip turns 10: A decade of helping drivers find their next charge,https://lu.ma/s8nnbebm,2026-09-03T06:00:00.000Z,Berlin,tech,2026-08-06
Employed.world Community Gathering #3,https://lu.ma/ir8ti0d8,2026-09-04T15:00:00.000Z,Berlin,tech,2026-08-06
The Pitch Night,https://lu.ma/kyc072uq,2026-09-17T16:00:00.000Z,Berlin,tech,2026-08-06
Grace Coworking Day,https://lu.ma/imnjsar9,2026-09-23T07:00:00.000Z,Berlin,tech,2026-08-06
TiECon Germany 2026,https://lu.ma/qk2h3bqo,2026-09-28T06:30:00.000Z,Berlin,tech,2026-08-06
Deja huella: Potencia tu marca personal,https://lu.ma/ar68dsh6,2026-08-29T14:00:00.000Z,Lima,tech,2026-08-06
Campfire is back,https://lu.ma/lusycmwx,2026-08-13T23:00:00.000Z,Austin,tech,2026-08-06
Pints + The Power of In-Person,https://lu.ma/te6ervr5,2026-08-27T22:00:00.000Z,Austin,tech,2026-08-06
Creative Founder Co-work,https://lu.ma/t8bn0hkg,2026-08-28T14:00:00.000Z,Austin,tech,2026-08-06
Creative Founder Hot Seat,https://lu.ma/aiind8zh,2026-09-02T00:00:00.000Z,Austin,tech,2026-08-06
"AI Creators Meetup: Build, Experiment & Get Featured",https://lu.ma/ukntr8ef,2026-08-06T20:00:00.000Z,San Francisco,ai,2026-08-06
Using Claude in CRE - Hosted by Virtue,https://lu.ma/oeojja4j,2026-08-07T00:30:00.000Z,San Francisco,ai,2026-08-06
Private Engineering Leaders Dinner,https://lu.ma/y6yil7e4,2026-08-07T01:00:00.000Z,San Francisco,ai,2026-08-06
"SF Bay Area Nanda Workshop, Thu Aug 6th in Palo Alto",https://lu.ma/59uzm11y,2026-08-07T01:00:00.000Z,San Francisco,ai,2026-08-06
Supper & MCP,https://lu.ma/gl1p6had,2026-08-08T01:30:00.000Z,San Francisco,ai,2026-08-06
Seldon's VGI-Bench Launch,https://lu.ma/g7ludajl,2026-08-08T02:00:00.000Z,San Francisco,ai,2026-08-06
Founders - AI — Power Walk,https://lu.ma/staaake-f062,2026-08-09T23:00:00.000Z,San Francisco,ai,2026-08-06
Post-Labor Economics Reading Salon,https://lu.ma/zt59hvbd,2026-08-11T01:30:00.000Z,San Francisco,ai,2026-08-06
AI GTM & Sales Circle: Happy Hour with Arceus,https://lu.ma/zlm2g949,2026-08-12T00:30:00.000Z,San Francisco,ai,2026-08-06
AiOS Meetup - San Francisco Edition,https://lu.ma/cboi9km9,2026-08-12T01:00:00.000Z,San Francisco,ai,2026-08-06
Product Management Dinner @ Donato,https://lu.ma/obcj6fk2,2026-08-13T00:30:00.000Z,San Francisco,ai,2026-08-06
IVP x WNDR AI Researchers & Founders Mixer,https://lu.ma/bxwdfcmw,2026-08-13T01:30:00.000Z,San Francisco,ai,2026-08-06
AI Career Lab: Recruiting in the Agent Era,https://lu.ma/jubs7xq6,2026-08-14T00:30:00.000Z,San Francisco,ai,2026-08-06
🌐 🧠 Neuromorphic Computing: The Brain's Lessons for Reducing AI Energy Consumption,https://lu.ma/vazlk2kw,2026-08-18T00:00:00.000Z,San Francisco,ai,2026-08-06
SkyPilot AI Infra Meetup with VAST Data,https://lu.ma/hgom4lk2,2026-08-19T00:30:00.000Z,San Francisco,ai,2026-08-06
"The AI Dev Stack: Beyond Code w/ Antimetal, Fireworks, Braintrust & Browserbase",https://lu.ma/ai-dev-stack,2026-08-19T01:00:00.000Z,San Francisco,ai,2026-08-06
Bedrock Robotics Happy Hour @ Foxglove Actuate,https://lu.ma/1u7n3yn1,2026-08-20T00:00:00.000Z,San Francisco,ai,2026-08-06
Reading Group (+🧋): Continual Learning Bench,https://lu.ma/l3hoha65,2026-08-20T00:15:00.000Z,San Francisco,ai,2026-08-06
[San Francisco] AI After Hours - Alamo Drafthouse,https://lu.ma/aiah,2026-08-20T01:00:00.000Z,San Francisco,ai,2026-08-06
"Technical Women in AI Dinner (True Ventures, Foundess, J.P. Morgan)",https://lu.ma/xt9buo8u,2026-08-20T01:00:00.000Z,San Francisco,ai,2026-08-06
AI Founders + Engineers Billliards Night,https://lu.ma/bj9o4jzd,2026-08-21T02:00:00.000Z,San Francisco,ai,2026-08-06
Zero Downtime Hackathon | Win an NVIDIA DGX Spark AI Supercomputer,https://lu.ma/zero-downtime,2026-08-22T16:00:00.000Z,San Francisco,ai,2026-08-06
Durable AI Meetup (August Edition),https://lu.ma/durable-ai-august,2026-08-27T00:30:00.000Z,San Francisco,ai,2026-08-06
Bay Area DSPy Meetup,https://lu.ma/61qrnbs7,2026-08-27T00:30:00.000Z,San Francisco,ai,2026-08-06
AI Cyber Alliance - San Francisco,https://lu.ma/aicyber-44ga,2026-08-27T01:00:00.000Z,San Francisco,ai,2026-08-06
AI Credits & Metering Workshop [SF],https://lu.ma/29otrk4k,2026-09-09T00:45:00.000Z,San Francisco,ai,2026-08-06
NetSuite User Group: The Enterprise Agentic Finance,https://lu.ma/mukiqlm5,2026-09-10T01:00:00.000Z,San Francisco,ai,2026-08-06
Connected Stack 2026,https://lu.ma/ConnectedStack26,2026-09-10T16:00:00.000Z,San Francisco,ai,2026-08-06
MantisGrid AI Hackathon & Summit 2026,https://lu.ma/d6g5mb9o,2026-09-17T15:00:00.000Z,San Francisco,ai,2026-08-06
"Daytona & SambaNova AI Builders - San Jose, September 2026",https://lu.ma/qw8abcdk,2026-09-23T21:30:00.000Z,San Francisco,ai,2026-08-06
Women X NYC: AI in Finance & Fintech,https://lu.ma/chx2xtik,2026-08-06T21:10:00.000Z,New York,ai,2026-08-06
Hands-On MCP Workshop: MCP as a GTM strategy,https://lu.ma/dvmmkff7,2026-08-11T21:30:00.000Z,New York,ai,2026-08-06
Memory & Mayhem: NYC Agent Builders Happy Hour,https://lu.ma/plastic-vyva,2026-08-13T21:30:00.000Z,New York,ai,2026-08-06
The creative edge,https://lu.ma/0t9hold9,2026-08-13T21:30:00.000Z,New York,ai,2026-08-06
Soul Munchie x AI 101,https://lu.ma/88iyceom,2026-08-13T22:00:00.000Z,New York,ai,2026-08-06
AI comes to the museum,https://lu.ma/aboard-77hq,2026-08-18T22:00:00.000Z,New York,ai,2026-08-06
Chiefs of Staff In The Age of AI,https://lu.ma/qlyq4u0o,2026-09-03T19:00:00.000Z,New York,ai,2026-08-06
Fireworks @ US Open: Night of Champions,https://lu.ma/fireworks_usopen,2026-09-03T22:00:00.000Z,New York,ai,2026-08-06
Understand the Chinese Frontier AI Models,https://lu.ma/dirbc9j3,2026-08-25T17:00:00.000Z,London,ai,2026-08-06
"Building What the Future Deserves, Together: Deeply Human Summit London Pre-Launch",https://lu.ma/deeply-e0rz,2026-09-02T17:00:00.000Z,London,ai,2026-08-06
Redesigning the FinTech Frontier: Business Growth & Strategy in the Agentic Era,https://lu.ma/obyj7zfp,2026-09-07T08:00:00.000Z,London,ai,2026-08-06
AI in the Finance Function: What's Actually Working,https://lu.ma/b8a3sssf,2026-09-08T07:30:00.000Z,London,ai,2026-08-06
Consumer tech day,https://lu.ma/f4jw02hd,2026-09-08T14:00:00.000Z,London,ai,2026-08-06
Human × AI: Unlocking Exponential Value in Real Estate - Roundtable,https://lu.ma/j5c7dvz4,2026-09-09T10:00:00.000Z,London,ai,2026-08-06
Fin|Tech|Bio - Sandbox to Scale,https://lu.ma/o0tywffy,2026-10-06T16:30:00.000Z,London,ai,2026-08-06
Bringing Ethics Back: AI Recruiting After the EU AI Act,https://lu.ma/HR-AI-Breakfast,2026-09-01T07:00:00.000Z,Berlin,ai,2026-08-06
Digital Health Cocktail Hour,https://lu.ma/digital-health-cocktail-hour-16,2026-09-16T16:00:00.000Z,Berlin,ai,2026-08-06
Cursor Austin Grok Hackathon,https://lu.ma/cursor-austin-grok-hack-001,2026-08-15T14:00:00.000Z,Austin,ai,2026-08-06
Austin AI Safety Meetup,https://lu.ma/ais-austin,2026-08-26T23:00:00.000Z,Austin,ai,2026-08-06
ATX Marketing Innovators Happy Hour,https://lu.ma/3umbvbm5,2026-08-27T22:00:00.000Z,Austin,ai,2026-08-06
ACM Austin Special Workshop: The A to Z of Building AI Agents with MongoDB,https://lu.ma/r4cnigai,2026-09-17T23:00:00.000Z,Austin,ai,2026-08-06
Stanford GSB Ignite – 20 Years Celebration | After Hours @ Link School Lodge,https://lu.ma/link-rn9f,2026-08-08T03:00:00.000Z,San Francisco,tech,2026-08-07
Touchdesigner 2-day Intensive,https://lu.ma/mkwohxr2,2026-08-08T20:00:00.000Z,San Francisco,tech,2026-08-07
Cursor x Dorm Room Fund Panel & Networking Night,https://lu.ma/j0kak40j,2026-08-09T02:00:00.000Z,San Francisco,tech,2026-08-07
Native Reading Room SF – #7,https://lu.ma/dcaf8uwa,2026-08-13T01:30:00.000Z,San Francisco,tech,2026-08-07
Summer Happy Hour w/ Benchmark,https://lu.ma/9eujnptx,2026-08-14T02:30:00.000Z,San Francisco,tech,2026-08-07
Tech & Vinyl Cafe @ Hedge Coffee,https://lu.ma/duevm7k8,2026-08-14T17:00:00.000Z,San Francisco,tech,2026-08-07
Corgi x OpenSwarm x EF Hackathon,https://lu.ma/ws7x9u9q,2026-08-15T17:00:00.000Z,San Francisco,tech,2026-08-07
Content Night,https://lu.ma/kw0ev7yj,2026-08-17T01:00:00.000Z,San Francisco,tech,2026-08-07
Founder Breakfast,https://lu.ma/07yg2wsc,2026-08-18T16:00:00.000Z,San Francisco,tech,2026-08-07
SF Legacy Lounge: Moats & Markets-Building Defensible Companies in the Intelligence Era,https://lu.ma/zsw2fo4f,2026-08-19T00:00:00.000Z,San Francisco,tech,2026-08-07
Hardware Happy Hour at AuSIM Garage!,https://lu.ma/g8y92bq5,2026-08-19T00:30:00.000Z,San Francisco,tech,2026-08-07
"The Back Office | SF Rooftop Social for Finance, Accounting & Risk",https://lu.ma/zldz99jj,2026-08-21T00:00:00.000Z,San Francisco,tech,2026-08-07
Designers & Machines August 2026,https://lu.ma/dl2tvi1c,2026-08-21T01:30:00.000Z,San Francisco,tech,2026-08-07
Data Stroll SF: Aug 21,https://lu.ma/g9pijz9u,2026-08-21T16:00:00.000Z,San Francisco,tech,2026-08-07
GIRL'S RUN + BRUNCH IN SF,https://lu.ma/cqtxnoi0,2026-08-22T17:00:00.000Z,San Francisco,tech,2026-08-07
DTDS: Verjus,https://lu.ma/evaail42,2026-09-09T01:00:00.000Z,San Francisco,tech,2026-08-07
Showerhacks,https://lu.ma/99857qk9,2026-09-26T16:00:00.000Z,San Francisco,tech,2026-08-07
Monthly Greater Silicon Valley Robotics & Automation Luncheon,https://lu.ma/3txapzdh,2026-09-26T18:00:00.000Z,San Francisco,tech,2026-08-07
Assets & Access @ Rickhouse Bar SF,https://lu.ma/sanfranciscooctober,2026-10-09T00:30:00.000Z,San Francisco,tech,2026-08-07
Day of Shecurity Conference 2026 - San Francisco,https://lu.ma/n1i48auh,2026-11-13T14:00:00.000Z,San Francisco,tech,2026-08-07
Founders Breakfast Club with Corgi,https://lu.ma/397ng478,2026-08-11T13:00:00.000Z,New York,tech,2026-08-07
Facial Party@ Kiehl's,https://lu.ma/genztea-sndk,2026-08-11T22:00:00.000Z,New York,tech,2026-08-07
Software Factory Intensive - New York City,https://lu.ma/software-factory-nyc,2026-08-12T13:00:00.000Z,New York,tech,2026-08-07
UGLY TALK: WHY THE STANDARD GTM PLAYBOOK WON’T GET YOU FAR ANYMORE,https://lu.ma/ewavmm0a,2026-08-12T22:30:00.000Z,New York,tech,2026-08-07
Propel Coworking 3.0 · The Wilson x Wayo Club,https://lu.ma/propelcoworking3.0,2026-08-13T14:00:00.000Z,New York,tech,2026-08-07
Robotics Hackathon,https://lu.ma/caxc4ftw,2026-08-15T13:00:00.000Z,New York,tech,2026-08-07
NYC Tech Basketball Run #5,https://lu.ma/t7ohwfrs,2026-08-15T14:30:00.000Z,New York,tech,2026-08-07
Centralize: NYC Series A Launch Party with Brex & Profound,https://lu.ma/44wzclbt,2026-08-19T22:00:00.000Z,New York,tech,2026-08-07
Founder & Investor Dinner,https://lu.ma/a7k4iz9j,2026-08-19T22:00:00.000Z,New York,tech,2026-08-07
The Startup Pitch: Demo Showcase by Startup Grind,https://lu.ma/2co3ma31,2026-08-20T21:30:00.000Z,New York,tech,2026-08-07
NYC Startup Pickleball Meetup #8,https://lu.ma/3g8yrubl,2026-08-21T00:00:00.000Z,New York,tech,2026-08-07
Startup & Professional Networking,https://lu.ma/p7yzsts1,2026-09-03T21:00:00.000Z,New York,tech,2026-08-07
New York Fashion Week : FashionTech x FinTech Mixer,https://lu.ma/FinFash,2026-09-09T21:00:00.000Z,New York,tech,2026-08-07
Heatmap House: Climate Tech's New Era,https://lu.ma/0o9bivsv,2026-09-23T18:30:00.000Z,New York,tech,2026-08-07
Climate Cup 2026 Hockey Game at Chelsea Piers,https://lu.ma/4kah9col,2026-09-23T21:00:00.000Z,New York,tech,2026-08-07
Venture to the Ballpark,https://lu.ma/stifel-r5nd,2026-09-23T23:00:00.000Z,New York,tech,2026-08-07
"Climate Week, but on a Boat",https://lu.ma/vtc6kw7k,2026-09-24T17:30:00.000Z,New York,tech,2026-08-07
🎾 Startup / Builders Tennis | East London,https://lu.ma/heodtrhm,2026-08-16T09:00:00.000Z,London,tech,2026-08-07
Tide Accountant Connect,https://lu.ma/lr24mx3a,2026-08-26T17:00:00.000Z,London,tech,2026-08-07
Food and UX Hangout - London,https://lu.ma/ahokdcia,2026-09-02T17:00:00.000Z,London,tech,2026-08-07
Building and Rebuilding: Mobile Engineering Leadership in Fintech - Zopa / Blu,https://lu.ma/ude0j4rv,2026-09-08T17:00:00.000Z,London,tech,2026-08-07
Pitch Night at the Movies,https://lu.ma/n4rh4gun,2026-09-16T17:00:00.000Z,London,tech,2026-08-07
The Future of Knowledge,https://lu.ma/futureofknowledge,2026-11-10T09:30:00.000Z,London,tech,2026-08-07
Open Coworking Day 🌿,https://lu.ma/nxznf1ge,2026-08-11T07:30:00.000Z,Berlin,tech,2026-08-07
Berliner SEO Stammtisch,https://lu.ma/61eaohhd,2026-08-27T17:00:00.000Z,Berlin,tech,2026-08-07
Open Coworking,https://lu.ma/4jeqfmow,2026-08-11T15:00:00.000Z,Austin,tech,2026-08-07
Byte Club 0x06,https://lu.ma/vsup84z9,2026-08-11T22:30:00.000Z,Austin,tech,2026-08-07
Frontera Space Exclusive Dinner with Dr. Tom Markusic: The Future of Assured Space Access,https://lu.ma/m2h6mfju,2026-08-19T23:00:00.000Z,Austin,tech,2026-08-07
Austin GameDevs & Creators Happy Hour,https://lu.ma/9d3pahqf,2026-08-27T22:30:00.000Z,Austin,tech,2026-08-07
Austin FC with incident.io,https://lu.ma/incident-zq1u,2026-09-10T00:30:00.000Z,Austin,tech,2026-08-07
symbients: growing relational AI entities without central control,https://lu.ma/mox-grjd,2026-08-08T01:00:00.000Z,San Francisco,ai,2026-08-07
Physical AI Demo Showcase: Hardware/ Physical AI/ Robotics/ Supply Chain/ Manufacturing,https://lu.ma/angellaunchaugust10,2026-08-11T00:30:00.000Z,San Francisco,ai,2026-08-07
ISC2 Silicon Valley - August 2026 Chapter Meeting,https://lu.ma/fkhvxb92,2026-08-12T01:00:00.000Z,San Francisco,ai,2026-08-07
Harness Hackathon,https://lu.ma/69bmmktv,2026-08-13T01:00:00.000Z,San Francisco,ai,2026-08-07
Product Visualization Workshop,https://lu.ma/ubzesr24,2026-08-13T01:00:00.000Z,San Francisco,ai,2026-08-07
Founders & AI Engineers Three Course Private Dinner,https://lu.ma/ElevenLabsxSupaBaseDinner,2026-08-14T01:00:00.000Z,San Francisco,ai,2026-08-07
The Problem Of Humanity,https://lu.ma/wbqgpxm8,2026-08-16T01:00:00.000Z,San Francisco,ai,2026-08-07
"Espresso Hours (like office hours, but better ☕)",https://lu.ma/women-krao,2026-08-16T17:00:00.000Z,San Francisco,ai,2026-08-07
The Physical AI Sprint Hackathon,https://lu.ma/nkknxvrz,2026-08-17T15:00:00.000Z,San Francisco,ai,2026-08-07
Reading Group (+🧋): Train-to-Test (T²) Scaling Laws,https://lu.ma/civuvp99,2026-08-17T23:00:00.000Z,San Francisco,ai,2026-08-07
Scrappy AI Founders Play Soccer,https://lu.ma/p1funmb5,2026-08-18T01:00:00.000Z,San Francisco,ai,2026-08-07
"Salt Bread Maxxing: Shio Pan x Multiplayer AI, feat. Tano SF",https://lu.ma/saltbreadmaxxing,2026-08-19T00:00:00.000Z,San Francisco,ai,2026-08-07
AI Healthtech Night,https://lu.ma/5ye9yzdi,2026-08-19T01:00:00.000Z,San Francisco,ai,2026-08-07
Basecamp at Actuate,https://lu.ma/c0taokao,2026-08-19T19:00:00.000Z,San Francisco,ai,2026-08-07
Agent Memory Hack Night | Mastra x Elasticsearch,https://lu.ma/mastra-hack,2026-08-20T00:00:00.000Z,San Francisco,ai,2026-08-07
AI Research Paper Club #002: The Future of Diffusion Models,https://lu.ma/AI002,2026-08-21T00:30:00.000Z,San Francisco,ai,2026-08-07
Campfire - SDR Happy Hour: Meet the Team!,https://lu.ma/gmcinv5u,2026-08-21T00:30:00.000Z,San Francisco,ai,2026-08-07
The Gathering at Waverly Park,https://lu.ma/9yd9ut7f,2026-08-22T01:00:00.000Z,San Francisco,ai,2026-08-07
Turning Your Build Process Into a Content Engine by Obvious & Ordinal,https://lu.ma/obvious-ordinal-fireside-happy-hour,2026-08-26T01:00:00.000Z,San Francisco,ai,2026-08-07
"14th Peninsula Value Economy X Sustainability (Climate) Co-Work Day — AI, Health",https://lu.ma/7ga5cysi,2026-08-26T17:30:00.000Z,San Francisco,ai,2026-08-07
Backyard Founder & Executive Dinner,https://lu.ma/zvvcjg3m,2026-08-27T00:00:00.000Z,San Francisco,ai,2026-08-07
"Daytona AI Builders - SF, August 2026",https://lu.ma/ai-builders-sf-aug,2026-08-27T00:30:00.000Z,San Francisco,ai,2026-08-07
Beyond RAG: Skill Function,https://lu.ma/9yyasy4z,2026-09-01T01:00:00.000Z,San Francisco,ai,2026-08-07
First Look: Korea Private Investor Showcase,https://lu.ma/bcae9cyn,2026-09-01T23:00:00.000Z,San Francisco,ai,2026-08-07
SuccessLab Executive Roundtable: The New Architecture of AI-Powered Support,https://lu.ma/css91,2026-09-01T23:00:00.000Z,San Francisco,ai,2026-08-07
scrappy sessions @ connected stack,https://lu.ma/dphxuir8,2026-09-10T21:00:00.000Z,San Francisco,ai,2026-08-07
137th SF Hardware Meetup @ Mission Robotics | Physical AI Robotics,https://lu.ma/84lattht,2026-09-11T01:30:00.000Z,San Francisco,ai,2026-08-07
The Next AI Stack: Planning for the Next Wave of Models and Infrastructure,https://lu.ma/enrich-15lm,2026-09-17T01:00:00.000Z,San Francisco,ai,2026-08-07
AAEOY Afternoon Session,https://lu.ma/tg9walub,2026-09-19T20:00:00.000Z,San Francisco,ai,2026-08-07
Runtime by Modal,https://lu.ma/runtime-by-modal,2026-10-01T15:30:00.000Z,San Francisco,ai,2026-08-07
RAD Collective Aug General Meeting,https://lu.ma/e4g6k5zo,2026-08-08T16:00:00.000Z,New York,ai,2026-08-07
"The Finance Leaders' Table, NYC: The Agentic Edition",https://lu.ma/9u21inly,2026-08-12T22:00:00.000Z,New York,ai,2026-08-07
"Breakfast with Henrik Werdelin (Founder, BARK) & Andrew Yeung",https://lu.ma/henrikbreakfast,2026-08-20T13:00:00.000Z,New York,ai,2026-08-07
I Have an Idea Club #1: Vibe coding night,https://lu.ma/y9i7jis8,2026-08-20T22:00:00.000Z,New York,ai,2026-08-07
NYC Coffee Club | Early-Stage AI-Native Founders & Funders,https://lu.ma/nixrnnh8,2026-08-21T14:00:00.000Z,New York,ai,2026-08-07
Forward Deployed Engineering Dinner @ Chelsea Savoy Hotel - the Cave à Vin & Solarium Bar,https://lu.ma/ygey0jh9,2026-08-27T22:00:00.000Z,New York,ai,2026-08-07
NYC Rooftop Founder & Executive Happy Hour,https://lu.ma/68q0v3pk,2026-09-09T22:00:00.000Z,New York,ai,2026-08-07
"The Software Factory with SuperPlane & Elastic - When Agents Build, Ship, and Fix Your Code",https://lu.ma/you-9pwk,2026-09-17T22:00:00.000Z,New York,ai,2026-08-07
RUNTIME: Agent Week NYC,https://lu.ma/47rsvjir,2026-09-19T15:30:00.000Z,New York,ai,2026-08-07
Heatmap House: America's Great Reindustrialization,https://lu.ma/ncxiy70h,2026-09-23T20:15:00.000Z,New York,ai,2026-08-07
The Economics of AI: Balancing Innovation and Equity,https://lu.ma/g3lr7ilw,2026-09-24T19:00:00.000Z,New York,ai,2026-08-07
Global Forum on Circular Economy and Urban Resilience (Initiated by City of Yokohama),https://lu.ma/ohk6hfn7,2026-09-25T13:00:00.000Z,New York,ai,2026-08-07
AI for Small Business: Work Smarter Every Day - #AIWeekNY,https://lu.ma/oyinjo96,2026-10-08T22:00:00.000Z,New York,ai,2026-08-07
Bloomberg Terminal Computer Use Agents,https://lu.ma/oph5t413,2026-08-08T12:30:00.000Z,London,ai,2026-08-07
"If Your AI Were Conscious, How Would You Know? (Megan Peters) + Q&A + Networking",https://lu.ma/lyf5zb9v,2026-08-12T17:30:00.000Z,London,ai,2026-08-07
London. Walk the Talk: Ideas Beyond RFS,https://lu.ma/tua59gyv,2026-08-15T13:00:00.000Z,London,ai,2026-08-07
"freeCodeCamp x Encode | AI - Workshop: Hermes Agent w/ your Local LLM models such as Qwen, Deepseek, etc",https://lu.ma/axzt5ade,2026-08-19T17:00:00.000Z,London,ai,2026-08-07
Builders Club #02,https://lu.ma/buildersclub02,2026-08-20T15:00:00.000Z,London,ai,2026-08-07
Hackathon | Translating AI Safety (Content x Comms),https://lu.ma/b4myja5u,2026-08-22T08:30:00.000Z,London,ai,2026-08-07
Builders Club #03,https://lu.ma/buildersclub03,2026-09-03T15:00:00.000Z,London,ai,2026-08-07
Fintech Week London,https://lu.ma/fwl,2026-09-09T07:00:00.000Z,London,ai,2026-08-07
Build or buy: Smart Building Deployment in the Age of AI - Roundtable,https://lu.ma/gouyg4bp,2026-09-10T10:00:00.000Z,London,ai,2026-08-07
Rise Her Collective London Summit,https://lu.ma/99tbtjcf,2026-09-30T09:00:00.000Z,London,ai,2026-08-07
Unruly Futures 2026 - State of the Future,https://lu.ma/unrulyfutures26,2026-11-04T14:00:00.000Z,London,ai,2026-08-07
ACT Berlin #9 (AI Coworking Tuesday),https://lu.ma/act9,2026-08-11T07:30:00.000Z,Berlin,ai,2026-08-07
build fridays berlin - work on your startup alongside others (bring laptop),https://lu.ma/k9jou28r,2026-08-14T14:00:00.000Z,Berlin,ai,2026-08-07
Berlin. Beyond the Prompt: AI Reset Picnic,https://lu.ma/e71nvhuu,2026-08-30T12:00:00.000Z,Berlin,ai,2026-08-07
Frontier Table: Austin,https://lu.ma/frontier-table-atx,2026-08-09T00:00:00.000Z,Austin,ai,2026-08-07
Frontier Build ATX,https://lu.ma/frontierATX,2026-08-27T15:00:00.000Z,Austin,ai,2026-08-07
Advanced Manufacturing + AI Workshop,https://lu.ma/kkrizct3,2026-09-01T16:00:00.000Z,Austin,ai,2026-08-07
Austin Chief of Staff Meetup: AI Demo Night,https://lu.ma/chiefof-wjcl,2026-09-09T22:00:00.000Z,Austin,ai,2026-08-07
Blue venture hackathon,https://lu.ma/r7pld14p,2026-08-09T21:00:00.000Z,San Francisco,tech,2026-08-08
staaake Global Dinner Club for Founders & Creators now in San Francisco,https://lu.ma/p7230rc2,2026-08-13T02:00:00.000Z,San Francisco,tech,2026-08-08
Pilates + Lattes by item,https://lu.ma/8ndxyqz7,2026-08-13T14:30:00.000Z,San Francisco,tech,2026-08-08
Deep Tech and Hardware Happy Hour | Rho,https://lu.ma/xeux4jak,2026-08-14T00:00:00.000Z,San Francisco,tech,2026-08-08
Wine & Watts with Energy Storage Builders,https://lu.ma/jyj59b9m,2026-08-15T02:30:00.000Z,San Francisco,tech,2026-08-08
"Bog-a-thon III — rust, incremental comp, & agents",https://lu.ma/5gcp8iv8,2026-08-16T20:00:00.000Z,San Francisco,tech,2026-08-08
European Founder & Operator Connect,https://lu.ma/pdknz53j,2026-08-18T00:30:00.000Z,San Francisco,tech,2026-08-08
🌐 Battery & Energy Storage Meetup - How to Build Leverage with Your Suppliers for Startups,https://lu.ma/vowcdg08,2026-08-20T00:00:00.000Z,San Francisco,tech,2026-08-08
CORGI X RAISI PITCH NIGHT @ CORGI HQ,https://lu.ma/raisi-g87x,2026-08-20T01:30:00.000Z,San Francisco,tech,2026-08-08
Cool Under Pressure: Keeping Fish & GPU Chips Cool,https://lu.ma/sdbbf606,2026-08-21T01:30:00.000Z,San Francisco,tech,2026-08-08
DCP Dinner in SF,https://lu.ma/skmpmxnv,2026-08-24T02:00:00.000Z,San Francisco,tech,2026-08-08
Pebblebed's Builders Late Night Café,https://lu.ma/2657uqcm,2026-08-25T02:30:00.000Z,San Francisco,tech,2026-08-08
Acquired Wisdom Fund - Pride Dinner w/ Marissa Mayer & Mendel Chuang,https://lu.ma/dmbcetwa,2026-09-09T01:00:00.000Z,San Francisco,tech,2026-08-08
Flushing Tech Meetup - Hackathon at TIQC,https://lu.ma/bn4dxmd9,2026-08-08T20:00:00.000Z,New York,tech,2026-08-08
After Hours: Founder Mixology Class & Dinner,https://lu.ma/4o1hsygh,2026-08-11T23:00:00.000Z,New York,tech,2026-08-08
⚡ Fractal Weekly Demo Party #4 ⚡,https://lu.ma/qq02inji,2026-08-12T22:30:00.000Z,New York,tech,2026-08-08
Founder GTM Dinner with Cluster (a16z SR006),https://lu.ma/o3xqh79x,2026-08-13T23:00:00.000Z,New York,tech,2026-08-08
People Leaders Office Hours with Croissant,https://lu.ma/ebkj6zhu,2026-08-14T13:00:00.000Z,New York,tech,2026-08-08
🚶☀️ Sprint Review #2: Walk or Run Summer Streets 🌳🏃,https://lu.ma/ijhs4ugg,2026-08-15T12:30:00.000Z,New York,tech,2026-08-08
Micro Mondays Coworking with New York Coworking Friends,https://lu.ma/36huezhi,2026-08-17T14:00:00.000Z,New York,tech,2026-08-08
Founders Friday by Neo with Joshua Cohen,https://lu.ma/b5dulclb,2026-08-21T14:00:00.000Z,New York,tech,2026-08-08
Startup Friends: Sweat & Connect at Barry's,https://lu.ma/3idyd7ug,2026-08-21T20:00:00.000Z,New York,tech,2026-08-08
Last Call of Summer in Chinatown: Breakpoint LIVE with Sentry,https://lu.ma/last-call-of-summer-in-chinatown,2026-08-27T22:00:00.000Z,New York,tech,2026-08-08
"TechWalk | NYC, 8/28",https://lu.ma/b462j94g,2026-08-28T13:00:00.000Z,New York,tech,2026-08-08
Founders Friday by Neo with Kurt Hackenberger,https://lu.ma/hnz5dlov,2026-08-28T14:00:00.000Z,New York,tech,2026-08-08
Anvara Supper Club,https://lu.ma/e255cb6g,2026-09-09T23:00:00.000Z,New York,tech,2026-08-08
"Health2Tech NYC, September 10 2026",https://lu.ma/jwerc77v,2026-09-10T21:30:00.000Z,New York,tech,2026-08-08
Columbia Climate School Global Impact Lab: Community Kickoff & Mixer,https://lu.ma/im4qf8k8,2026-09-16T19:30:00.000Z,New York,tech,2026-08-08
SEEN SUMMIT 2026,https://lu.ma/zga16eku,2026-11-05T14:30:00.000Z,New York,tech,2026-08-08
Co-Working With Noeome,https://lu.ma/npuyl2ko,2026-08-08T09:00:00.000Z,London,tech,2026-08-08
Science Works' Build Club,https://lu.ma/8ysp90or,2026-08-08T10:00:00.000Z,London,tech,2026-08-08
little computers show and tell,https://lu.ma/tldraw-vp8y,2026-08-10T16:00:00.000Z,London,tech,2026-08-08
Space Frontiers - London,https://lu.ma/rjqw3ykn,2026-08-13T16:30:00.000Z,London,tech,2026-08-08
CoLoop CoWorking #6,https://lu.ma/2vq9gv0i,2026-08-15T10:00:00.000Z,London,tech,2026-08-08
ICPC Training Session @ JetBrains London,https://lu.ma/8l23evbb,2026-08-15T10:00:00.000Z,London,tech,2026-08-08
RaiseTalks Decoder Game | London Edition,https://lu.ma/z0q3ykpd,2026-08-18T13:00:00.000Z,London,tech,2026-08-08
Lychee x NatWest Accelerator Games Night,https://lu.ma/lvd7tgvq,2026-08-19T16:30:00.000Z,London,tech,2026-08-08
Bridging the Predictability Gap: Building the Optimal Developer's Plan of Work - Roundtable,https://lu.ma/xqbr9xii,2026-09-09T12:30:00.000Z,London,tech,2026-08-08
London Nix User Group,https://lu.ma/6ytrku1n,2026-09-10T17:00:00.000Z,London,tech,2026-08-08
Meet the Machines,https://lu.ma/u87vmnzt,2026-08-10T16:00:00.000Z,Berlin,tech,2026-08-08
🇮🇳 Independence Day Meetup for Indian Entrepreneurs,https://lu.ma/xnukqx8p,2026-08-15T14:00:00.000Z,Berlin,tech,2026-08-08
Cena con Empresarios + Startups Innova Vivienda @ CTIV,https://lu.ma/liuv0qpx,2026-08-21T01:00:00.000Z,Lima,tech,2026-08-08
STATION Austin Membership Tour,https://lu.ma/5metstlq,2026-08-11T15:00:00.000Z,Austin,tech,2026-08-08
OpenCoffee Club Austin - Northside,https://lu.ma/3vdylb60,2026-08-20T13:30:00.000Z,Austin,tech,2026-08-08
Agora × Riselink Hands-on Workshop Powered by Agora Convo AI + Riselink 7258 AI Chip Device Kit R1,https://lu.ma/bethe-zv5j,2026-08-09T20:00:00.000Z,San Francisco,ai,2026-08-08
Second Brain Workshop for Sales Leaders (#1) - aka Build your Chief of Staff,https://lu.ma/second-brain-for-sales-leaders,2026-08-14T00:30:00.000Z,San Francisco,ai,2026-08-08
Zero to Repeatable: Lessons from $100M+ in Enterprise Revenue,https://lu.ma/tinyfish-hvv6,2026-08-14T01:00:00.000Z,San Francisco,ai,2026-08-08
AI Safety Night SF,https://lu.ma/acywrxdj,2026-08-19T01:00:00.000Z,San Francisco,ai,2026-08-08
Robotics & Multimodal Learning Brunch,https://lu.ma/w3d9gdh4,2026-08-19T19:00:00.000Z,San Francisco,ai,2026-08-08
제20차 KPAI 포럼: 피지컬 AI 대전환 - 국가전략에서 로봇까지,https://lu.ma/upprooqu,2026-08-20T00:00:00.000Z,San Francisco,ai,2026-08-08
Building Moats in AI: Post-Sales Masterclass,https://lu.ma/n8l40awr,2026-08-21T01:00:00.000Z,San Francisco,ai,2026-08-08
"Open Models, Production Agents: The New Economics of AI-Native Engineering",https://lu.ma/o9tv62y5,2026-08-21T01:00:00.000Z,San Francisco,ai,2026-08-08
Founder/VC Meetup w/ Yoga + Panel,https://lu.ma/fliq39py,2026-08-22T00:00:00.000Z,San Francisco,ai,2026-08-08
"Cash Pay to Covered: Agentic Insurance Ops for GLP-1s w/ Neon, Mochi & Elion",https://lu.ma/h6kko30n,2026-08-25T00:30:00.000Z,San Francisco,ai,2026-08-08
Turbocharge Time to Therapy: Agentic Patient Access for Pharma & Pharmacies,https://lu.ma/0zi8i41v,2026-08-25T00:30:00.000Z,San Francisco,ai,2026-08-08
Physical AI: What's Working (and What Still Breaks),https://lu.ma/rallysf-yfs4,2026-08-26T00:30:00.000Z,San Francisco,ai,2026-08-08
AI Infra Kebab,https://lu.ma/kebab,2026-08-27T00:00:00.000Z,San Francisco,ai,2026-08-08
ML Suds & Science,https://lu.ma/7g9m6klk,2026-08-27T02:00:00.000Z,San Francisco,ai,2026-08-08
Town x Moms Who AI: Let Your Townie Take On Some of the Chaos,https://lu.ma/1oce3j1t,2026-08-28T21:30:00.000Z,San Francisco,ai,2026-08-08
Llama Lounge 26: The AI Startup Event Series @ Microsoft,https://lu.ma/llamalounge26,2026-09-11T00:00:00.000Z,San Francisco,ai,2026-08-08
Coder executive forum: Building the agentic enterprise,https://lu.ma/platform-4802,2026-09-14T22:00:00.000Z,San Francisco,ai,2026-08-08
"Physical AI Founder Night, San Francisco, Sep 15, 2026",https://lu.ma/0bz6eguz,2026-09-16T01:00:00.000Z,San Francisco,ai,2026-08-08
Hack Day at AWS Builder Loft,https://lu.ma/hack-day-aws-builder-loft-sep17-2026,2026-09-17T16:30:00.000Z,San Francisco,ai,2026-08-08
The SMB AI Growth Advantage,https://lu.ma/7n3onbb2,2026-09-24T19:00:00.000Z,San Francisco,ai,2026-08-08
Silicon Valley Healthtech Summit---Attend or Pitch,https://lu.ma/angellaunchoct12health,2026-10-12T20:30:00.000Z,San Francisco,ai,2026-08-08
The Paper That Changed Everything: Attention is All You Need,https://lu.ma/6yil1gv3,2026-08-09T14:00:00.000Z,New York,ai,2026-08-08
Informationbanker Fintech & AI networking walk,https://lu.ma/ipvt86pp,2026-08-09T19:00:00.000Z,New York,ai,2026-08-08
Agentic Commerce Special Event,https://lu.ma/8widpehl,2026-08-13T22:30:00.000Z,New York,ai,2026-08-08
WTF Are My OKRs & KPIs When a 6 Month Roadmap Is Now a 3 Day Sprint? (in-person + remote) #AIFounderPlaybook,https://lu.ma/wmqoc12u,2026-08-13T22:30:00.000Z,New York,ai,2026-08-08
NYC Tech & AI Coffee Meetup,https://lu.ma/nnvonq8f,2026-08-14T13:30:00.000Z,New York,ai,2026-08-08
Base44 x TheVibeFounder: AI Workshop — NYC,https://lu.ma/b7z6pvxo,2026-08-21T20:00:00.000Z,New York,ai,2026-08-08
"Daytona AI Builders - NYC, September 2026",https://lu.ma/ai-builders-nyc-sept,2026-09-09T21:30:00.000Z,New York,ai,2026-08-08
(BCG x CO2 AI) Climate Week Cocktail: How to drive measurable impact with AI in Sustainability,https://lu.ma/9csm712r,2026-09-22T20:30:00.000Z,New York,ai,2026-08-08
NONTRIVIAL PURSUITS: A PUB QUIZ FOR THE AI AGE,https://lu.ma/centau-3j0x,2026-08-13T16:00:00.000Z,London,ai,2026-08-08
Does work still feel meaningful? AI and the changing experience of work,https://lu.ma/fhdyi2nh,2026-08-18T17:00:00.000Z,London,ai,2026-08-08
AI Journalism Workflow (Lynette Bye),https://lu.ma/g8sza4cb,2026-08-22T14:00:00.000Z,London,ai,2026-08-08
A Passport to Personalisation: Earning Customer Trust in AI,https://lu.ma/colori-6j43,2026-09-09T17:00:00.000Z,London,ai,2026-08-08
AI Pilled [Builder] #03,https://lu.ma/1g3ali2l,2026-09-14T17:00:00.000Z,London,ai,2026-08-08
Invite Only Engineering Leadership Dinner | London | Wednesday 23rd Sept,https://lu.ma/pulumi-rltc,2026-09-23T17:00:00.000Z,London,ai,2026-08-08
BiteLabs Digital Health & Innovation Demo Day (Autumn 2026),https://lu.ma/m178u59r,2026-11-26T17:30:00.000Z,London,ai,2026-08-08
Portfolio Night,https://lu.ma/r7g4c6xk,2026-08-11T16:30:00.000Z,Berlin,ai,2026-08-08
SHIFT Connect VI - Del hype al valor: IA agéntica y experiencias que aceleran la innovación.,https://lu.ma/8nx9bszg,2026-08-20T12:30:00.000Z,Lima,ai,2026-08-08
Austin LangChain AIMUG August Mixer and Showcase,https://lu.ma/2wzvl64g,2026-08-10T23:00:00.000Z,Austin,ai,2026-08-08
Retell AI,https://lu.ma/vs2r5g1y,2026-08-13T22:00:00.000Z,Austin,ai,2026-08-08
The Last Supply Chain,https://lu.ma/hw8o96po,2026-08-11T03:00:00.000Z,San Francisco,tech,2026-08-09
The Stanford Robotics Center Excursion by Infodriver,https://lu.ma/nqlis0ar,2026-08-12T20:00:00.000Z,San Francisco,tech,2026-08-09
Lexi @ Philz,https://lu.ma/8otxl2qh,2026-08-12T22:30:00.000Z,San Francisco,tech,2026-08-09
From Seed to Scale: Early Stage Growth for Founders,https://lu.ma/p15k81mk,2026-08-13T19:00:00.000Z,San Francisco,tech,2026-08-09
Builders who Run — Golden Gate Bridge 4M,https://lu.ma/2b5ov2w2,2026-08-15T16:00:00.000Z,San Francisco,tech,2026-08-09
Founders & Fidos: Beach Walk + Connect,https://lu.ma/5ycpp2eo,2026-08-15T21:00:00.000Z,San Francisco,tech,2026-08-09
Bring Your Own Controller,https://lu.ma/39it6dv1,2026-08-29T20:00:00.000Z,San Francisco,tech,2026-08-09
Bay Area Builder Crew: Backstage >> Creative Ops on Airtable,https://lu.ma/airtable-community-bay-area-crew-09-26,2026-09-23T00:30:00.000Z,San Francisco,tech,2026-08-09
Monday Founders Coworking Pod,https://lu.ma/usxn043h,2026-08-10T14:00:00.000Z,New York,tech,2026-08-09
Lovable Happy Hour,https://lu.ma/the-8olg,2026-08-10T21:00:00.000Z,New York,tech,2026-08-09
Intro to Laser Cutting & Engraving: Basic Use & Safety,https://lu.ma/73ketpmj,2026-08-13T22:00:00.000Z,New York,tech,2026-08-09
Biobot/Xenobot Meetup,https://lu.ma/2jvzowiy,2026-08-14T00:00:00.000Z,New York,tech,2026-08-09
N.YC FOUNDER MODE pt1,https://lu.ma/i3z8fqep,2026-08-14T23:00:00.000Z,New York,tech,2026-08-09
Junto Founder Dinner (Hosted by Andrew & Friends),https://lu.ma/juntodinneraug19,2026-08-19T22:00:00.000Z,New York,tech,2026-08-09
THE BRIDGE - NYFW EDITION,https://lu.ma/lfs2bjgj,2026-09-09T23:00:00.000Z,New York,tech,2026-08-09
Founders After Hours,https://lu.ma/d2h0v5qy,2026-09-18T00:00:00.000Z,New York,tech,2026-08-09
120th NY Hardware Meetup - Climate Tech Week at Antler VC,https://lu.ma/021ztfq8,2026-09-22T22:00:00.000Z,New York,tech,2026-08-09
Bae HQ Youth Startups Grand Final,https://lu.ma/youthstartupsfinal2026,2026-09-14T16:30:00.000Z,London,tech,2026-08-09
FOMO x Kleiner Freitag: Rooftop Pool Party,https://lu.ma/fomoxkleinerfreitag,2026-08-13T16:00:00.000Z,Berlin,tech,2026-08-09
Co-Founder Matching Night,https://lu.ma/y9lrx23q,2026-08-19T16:30:00.000Z,Berlin,tech,2026-08-09
Learning Layer Paper Reading Club - Week 27 - Toward Generalist Autonomous Research via Hypothesis-Tree Refinement,https://lu.ma/ohg9cz9w,2026-08-12T00:00:00.000Z,San Francisco,ai,2026-08-09
F2F: Pitch Review,https://lu.ma/7xx2a4da,2026-08-14T21:00:00.000Z,San Francisco,ai,2026-08-09
An Evening with Governor Soludo: Anambra Investment Forum & Silicon Valley Tech and Founders' Showcase,https://lu.ma/malaika-0gw1,2026-08-15T00:30:00.000Z,San Francisco,ai,2026-08-09
Insider Perspectives from Google,https://lu.ma/0nc9ymrs,2026-08-15T17:00:00.000Z,San Francisco,ai,2026-08-09
AI x Hardware Engineering Dinner,https://lu.ma/1f9xtgzl,2026-08-18T00:30:00.000Z,San Francisco,ai,2026-08-09
Women Working Together - How to Build Socially Responsive AI,https://lu.ma/u978kab9,2026-08-19T16:00:00.000Z,San Francisco,ai,2026-08-09
"From Context to Execution: How AI Agents Understand, Remember, and Act",https://lu.ma/awlh9d4t,2026-08-22T21:00:00.000Z,San Francisco,ai,2026-08-09
What employers actually want? Building a Career in AI Era,https://lu.ma/05nn5o1x,2026-08-22T21:00:00.000Z,San Francisco,ai,2026-08-09
Memory for LLMs,https://lu.ma/ey4era2u,2026-08-28T00:30:00.000Z,San Francisco,ai,2026-08-09
NYC Soho Loft Private Chef Dinner,https://lu.ma/dsa2gv4p,2026-08-13T22:00:00.000Z,New York,ai,2026-08-09
AI & The Culture IRL | STEAL MY AI WORKFLOW,https://lu.ma/5ps1l7qc,2026-08-18T21:30:00.000Z,New York,ai,2026-08-09
The Build Room: New York,https://lu.ma/czumlqdq,2026-08-25T22:00:00.000Z,New York,ai,2026-08-09
Negotiating AI as a Community: From Individual Intelligence to Collective Action,https://lu.ma/fdjnmvjg,2026-08-21T09:00:00.000Z,London,ai,2026-08-09
Scaling Growth in 2026,https://lu.ma/6s4fcy4z,2026-09-17T17:30:00.000Z,London,ai,2026-08-09
3Cs Dinner,https://lu.ma/jq933tuo,2026-08-11T01:30:00.000Z,San Francisco,tech,2026-08-10
People Before Ideas: Afore Open 🥒🎾🏓,https://lu.ma/6v28u9rm,2026-08-13T00:00:00.000Z,San Francisco,tech,2026-08-10
YC Founders Summer Mixer,https://lu.ma/YC_Founders_Mixer,2026-08-18T00:30:00.000Z,San Francisco,tech,2026-08-10
"TechWalk | Silicon Valley, 8/19",https://lu.ma/788n1sp5,2026-08-20T01:00:00.000Z,San Francisco,tech,2026-08-10
FutureForge Hacks,https://lu.ma/m4efz4ib,2026-11-21T16:00:00.000Z,San Francisco,tech,2026-08-10
Mango Hacks,https://lu.ma/j95l4cwz,2026-12-05T16:00:00.000Z,San Francisco,tech,2026-08-10
The Builders’ Table: Cowork & Connect,https://lu.ma/913i5rp8,2026-08-11T18:00:00.000Z,New York,tech,2026-08-10
imessage party at corgi cafe,https://lu.ma/equc5dcn,2026-08-14T23:00:00.000Z,New York,tech,2026-08-10
The Free Software Foundation: What Freedom in Software Means to You,https://lu.ma/5tqac51t,2026-08-15T23:00:00.000Z,New York,tech,2026-08-10
WORLD’S SECOND BRAIN PONG TOURNAMENT,https://lu.ma/vh2gou7v,2026-08-17T22:00:00.000Z,New York,tech,2026-08-10
A Chief of Staff Mixer on Relationships (Thurs Aug 20),https://lu.ma/wu9p0uky,2026-08-20T22:30:00.000Z,New York,tech,2026-08-10
ezVOLTz Private Investor Briefing - NYC,https://lu.ma/ezvoltzNYC,2026-09-14T21:30:00.000Z,New York,tech,2026-08-10
MAYFAIR NETWORKING - Peace and Love,https://lu.ma/0ifw4gcp,2026-08-10T14:00:00.000Z,London,tech,2026-08-10
Dev Grind,https://lu.ma/2r4llwij,2026-08-21T08:00:00.000Z,London,tech,2026-08-10
HackWimbledon August 2026 #2,https://lu.ma/3pxwr04s,2026-08-23T11:00:00.000Z,London,tech,2026-08-10
Angels Den Investor Townhall: Finding Opportunity in the Funding Gap,https://lu.ma/2vzesfnz,2026-08-26T11:00:00.000Z,London,tech,2026-08-10
Tech & Tonic | Summer Drinks,https://lu.ma/novabook-l7ge,2026-08-26T17:00:00.000Z,London,tech,2026-08-10
EF x FoundHers: Audacity Lab,https://lu.ma/cwe3bkz3,2026-08-26T17:30:00.000Z,London,tech,2026-08-10
Thinkers & Tinkerers Supper Club: August edition ✨,https://lu.ma/ozouq60t,2026-08-27T17:30:00.000Z,London,tech,2026-08-10
Campaign Lab Autumn Hack Night!,https://lu.ma/1zkaev1n,2026-09-21T18:00:00.000Z,London,tech,2026-08-10
Chat Hackers - Hack Day,https://lu.ma/campaign-nz6y,2026-10-17T09:00:00.000Z,London,tech,2026-08-10
Endorphins & Exchanges – Founders Co-work & Run,https://lu.ma/449t2ih8,2026-08-10T07:00:00.000Z,Berlin,tech,2026-08-10
Women Founders Meet & Greet🌸,https://lu.ma/26n2ddk7,2026-08-15T10:00:00.000Z,Berlin,tech,2026-08-10
Investor Insight Session #1,https://lu.ma/juni-s089,2026-08-17T16:00:00.000Z,Berlin,tech,2026-08-10
Confidence built to last (for Founders & Start-up Operators) - Deep Work x Factory Berlin,https://lu.ma/1th2n2bw,2026-08-27T17:00:00.000Z,Berlin,tech,2026-08-10
Tim Brown & Team8 Mythos Dinner Discussion,https://lu.ma/6590yq1u,2026-08-10T23:30:00.000Z,Austin,tech,2026-08-10
PEF Austin Drinks & Chat: Andrew Warner,https://lu.ma/18rerzli,2026-08-12T22:00:00.000Z,Austin,tech,2026-08-10
Cyber In Color Austin: Lunch And Connect,https://lu.ma/jsy9ryom,2026-08-20T16:30:00.000Z,Austin,tech,2026-08-10
founders & funders: social dance / BREAKFAST SPECIAL 🌮☕️,https://lu.ma/n2b4stwp,2026-08-22T15:00:00.000Z,Austin,tech,2026-08-10
Occupy OpenAI (Week 3),https://lu.ma/occupy-openai-wk3,2026-08-10T16:00:00.000Z,San Francisco,ai,2026-08-10
"9030 club reading ""A global workspace in language models"": #64 - ML Paper Reading Group",https://lu.ma/bnc99g5m,2026-08-11T02:00:00.000Z,San Francisco,ai,2026-08-10
Scaling Enterprise AI: A Transatlantic Perspective,https://lu.ma/ne1kfw1i,2026-08-14T00:30:00.000Z,San Francisco,ai,2026-08-10
Agents in the Wild,https://lu.ma/dym8j7x7,2026-08-14T01:00:00.000Z,San Francisco,ai,2026-08-10
Consumer AI - founders & friends,https://lu.ma/gc0nmfgm,2026-08-14T01:00:00.000Z,San Francisco,ai,2026-08-10
Vibe Night Demos (#24),https://lu.ma/sfvibehouse,2026-08-15T01:00:00.000Z,San Francisco,ai,2026-08-10
Top AI Researchers Roundtable & BBQ Party,https://lu.ma/bojbzw2a,2026-08-15T22:00:00.000Z,San Francisco,ai,2026-08-10
"🤖🍨 Sundae Robotics 04: Engineering Robotic Simulators for Evaluation, Real-to-Sim Transfer & Robot Learning with Digital Twins",https://lu.ma/ea5t7sbf,2026-08-16T21:00:00.000Z,San Francisco,ai,2026-08-10
Recursively Self-Improving AI & AI Neofactories,https://lu.ma/cj0vwbwd,2026-08-19T00:00:00.000Z,San Francisco,ai,2026-08-10
Actuate 2026 Post-Robot Fight: Pizza & Beer,https://lu.ma/2ninqgop,2026-08-19T02:30:00.000Z,San Francisco,ai,2026-08-10
AI Loops in Action,https://lu.ma/inttvz2u,2026-08-28T00:30:00.000Z,San Francisco,ai,2026-08-10
Open Model Hack - Gradient x Google Deepmind,https://lu.ma/openmodelhack,2026-09-12T16:30:00.000Z,San Francisco,ai,2026-08-10
AI in the Finance Seat Powered by FIF Collective in SF,https://lu.ma/rd6rr7s7,2026-09-25T00:30:00.000Z,San Francisco,ai,2026-08-10
Sunset Social | Boat Cruise,https://lu.ma/aiafter5-sunsetcruise,2026-08-14T22:00:00.000Z,New York,ai,2026-08-10
Solo Unicorn Roundtable · Series 01,https://lu.ma/o2f2sufo,2026-08-22T18:00:00.000Z,New York,ai,2026-08-10
Ethics Lab Workshop @ Rockefeller University,https://lu.ma/yd9qv09t,2026-09-04T20:30:00.000Z,New York,ai,2026-08-10
Context Engineering Guild: September Full Moon Edition,https://lu.ma/3zek6pqo,2026-09-26T18:00:00.000Z,New York,ai,2026-08-10
An AI x Design Evening,https://lu.ma/1hpoa92v,2026-08-12T16:30:00.000Z,London,ai,2026-08-10
Building Voice AI with Dex & OpenAI,https://lu.ma/dex-foeb,2026-08-19T17:30:00.000Z,London,ai,2026-08-10
Stripe & Notion: AI Agents for Professionals,https://lu.ma/1ydkkn7p,2026-08-26T17:30:00.000Z,London,ai,2026-08-10
Agentic AI in Financial Services and Insurance: Pilot to Production,https://lu.ma/gkmdzbk9,2026-09-17T16:00:00.000Z,London,ai,2026-08-10
How Small AI Consultancies Win Big on Client Work,https://lu.ma/2krafqfv,2026-09-23T17:00:00.000Z,London,ai,2026-08-10
Conversations on Progress: The Geopolitics of AI,https://lu.ma/dj1opf3t,2026-08-26T15:30:00.000Z,Berlin,ai,2026-08-10
Austin | Second Brain | Build & Brew,https://lu.ma/pettguwr,2026-08-10T23:30:00.000Z,Austin,ai,2026-08-10
Post-Black Hat Decompression: East Bay Cyber Practitioner Happy Hour,https://lu.ma/0bg66dmc,2026-08-11T23:00:00.000Z,San Francisco,tech,2026-08-11
scrappy sessions,https://lu.ma/7p0ra68b,2026-08-12T00:30:00.000Z,San Francisco,tech,2026-08-11
Open House,https://lu.ma/trossen-openhouse,2026-08-12T16:00:00.000Z,San Francisco,tech,2026-08-11
Brew and Build - evening edition,https://lu.ma/yvuygimy,2026-08-13T00:00:00.000Z,San Francisco,tech,2026-08-11
Mechanical Engineering Ping Pong,https://lu.ma/mhol3uvu,2026-08-13T01:00:00.000Z,San Francisco,tech,2026-08-11
Pitch & Run San Francisco,https://lu.ma/3euwilj5,2026-08-13T01:30:00.000Z,San Francisco,tech,2026-08-11
Sony MA900 Training @ 1030 Brittan Ave,https://lu.ma/rjnzg562,2026-08-13T19:30:00.000Z,San Francisco,tech,2026-08-11
Unicorn Battle in San Francisco,https://lu.ma/jluzc4h7,2026-08-14T00:00:00.000Z,San Francisco,tech,2026-08-11
Grand Opening Party,https://lu.ma/trossen-grand-opening,2026-08-14T01:00:00.000Z,San Francisco,tech,2026-08-11
Building the Future: On Mars & Beyond,https://lu.ma/p4lyx8w4,2026-08-14T02:00:00.000Z,San Francisco,tech,2026-08-11
Brew and Build - morning edition,https://lu.ma/2ikaip1p,2026-08-14T15:00:00.000Z,San Francisco,tech,2026-08-11
B2B Sales & GTM Fireside Chat,https://lu.ma/tlzknb4q,2026-08-14T22:00:00.000Z,San Francisco,tech,2026-08-11
YC S26 Kayaking Day,https://lu.ma/qtuxy56z,2026-08-16T17:00:00.000Z,San Francisco,tech,2026-08-11
SF Founders & Investors Poker Night,https://lu.ma/fzgbhr0e,2026-08-18T01:00:00.000Z,San Francisco,tech,2026-08-11
Early Stage Pitch and Lunch,https://lu.ma/august-pitch-and-lunch,2026-08-18T18:30:00.000Z,San Francisco,tech,2026-08-11
robots w friends ~a vc happy hour~,https://lu.ma/bu3mnckf,2026-08-19T02:00:00.000Z,San Francisco,tech,2026-08-11
Founders Grand Prix - Presented by BDev Ventures and Insperity,https://lu.ma/6x6qay10,2026-08-19T22:30:00.000Z,San Francisco,tech,2026-08-11
Port Office Opening,https://lu.ma/oax2q43p,2026-08-20T00:30:00.000Z,San Francisco,tech,2026-08-11
"Hardware Founder Dinner with Rho @ Studio 45 | Physical AI, Robotics, and Sensors",https://lu.ma/8l8u9zd2,2026-08-20T01:30:00.000Z,San Francisco,tech,2026-08-11
Samosas & Chai: IIT Founders Mixer,https://lu.ma/21exk23d,2026-08-21T00:00:00.000Z,San Francisco,tech,2026-08-11
LATAM VALLEY HUB & FOUNDER LAW,https://lu.ma/edtz4hvs,2026-08-21T01:00:00.000Z,San Francisco,tech,2026-08-11
Trossen + Intel - Startups Night,https://lu.ma/trossen-intel,2026-08-21T01:00:00.000Z,San Francisco,tech,2026-08-11
SF Executive Fintech Dinner,https://lu.ma/z7ky4szl,2026-08-21T02:00:00.000Z,San Francisco,tech,2026-08-11
Endeavor Ukraine Meet & Grit | Silicon Valley,https://lu.ma/meetandgritsv,2026-08-22T01:00:00.000Z,San Francisco,tech,2026-08-11
"Ship & Supper: Tech Women Builder Dinner (EF, Foundess)",https://lu.ma/j9z979w1,2026-08-22T01:00:00.000Z,San Francisco,tech,2026-08-11
Female Founders Coffee Chat,https://lu.ma/5fjduqpg,2026-08-22T18:00:00.000Z,San Francisco,tech,2026-08-11
Trossen X ROS Industry Night,https://lu.ma/trossen-ROS,2026-08-26T01:00:00.000Z,San Francisco,tech,2026-08-11
The SF Grind: SF Startup Community Coffee Meetup,https://lu.ma/na2pz2q9,2026-08-28T16:00:00.000Z,San Francisco,tech,2026-08-11
CISO Strategy Salon - Rooftop Happy Hour,https://lu.ma/cp94zc51,2026-09-02T23:00:00.000Z,San Francisco,tech,2026-08-11
スタートアップ投資の世界で働くという選択肢～VC業界で働く日本人女性たちの本音トーク～,https://lu.ma/d9kgr9s6,2026-09-02T23:00:00.000Z,San Francisco,tech,2026-08-11
San Francisco Navattic Fanattics Meetup,https://lu.ma/f9iz93a5,2026-09-08T23:30:00.000Z,San Francisco,tech,2026-08-11
Leopard.FYI SF Game Night at Seldon HQ 👾🎮💜,https://lu.ma/leopard-game-night-at-seldon-2026,2026-09-23T01:00:00.000Z,San Francisco,tech,2026-08-11
Founder Friends San Francisco,https://lu.ma/4xjpmq1m,2026-10-06T01:00:00.000Z,San Francisco,tech,2026-08-11
PlatformCon Live Day - San Francisco,https://lu.ma/platform-w5j9,2027-02-24T17:00:00.000Z,San Francisco,tech,2026-08-11
Ship n' Run: a run club for founders & builders,https://lu.ma/shipnrun814,2026-08-14T11:00:00.000Z,New York,tech,2026-08-11
"Meatpacking District Neighborhood and Food Crawl - Founders, Creatives, Builders, Researchers, Supporters",https://lu.ma/al7aktfn,2026-08-15T16:00:00.000Z,New York,tech,2026-08-11
App Growth Happy Hour,https://lu.ma/0i38l0wc,2026-08-19T22:00:00.000Z,New York,tech,2026-08-11
STEM & Healthcare Innovation Experience,https://lu.ma/sadhtvhg,2026-08-19T22:00:00.000Z,New York,tech,2026-08-11
Ribbit Capital Markets Dinner,https://lu.ma/hdn6ciak,2026-08-19T22:00:00.000Z,New York,tech,2026-08-11
CORGI CAFE NYC GRAND OPENING,https://lu.ma/5z095tev,2026-08-21T20:00:00.000Z,New York,tech,2026-08-11
Hedge Fund Social by Repool,https://lu.ma/eq0kea71,2026-08-27T22:30:00.000Z,New York,tech,2026-08-11
PropTech Happy Hour NYC,https://lu.ma/0ipa98f6,2026-08-27T23:00:00.000Z,New York,tech,2026-08-11
Monthly Coffee with Crystal Venture Partners,https://lu.ma/ugk0jp9y,2026-09-09T13:00:00.000Z,New York,tech,2026-08-11
Events as a Revenue Engine,https://lu.ma/rjrcxvnu,2026-09-10T21:30:00.000Z,New York,tech,2026-08-11
NYC September Run | Bio-Health Athletic Club,https://lu.ma/h4uehtv9,2026-09-12T14:00:00.000Z,New York,tech,2026-08-11
Pitch Roast en Vivo - Hispanic Heritage Month 🌎,https://lu.ma/pitchroastsept,2026-09-16T22:30:00.000Z,New York,tech,2026-08-11
Pourquoi l’Europe perd la course à l’innovation — et comment inverser la tendance,https://lu.ma/0no29wcp,2026-09-16T22:30:00.000Z,New York,tech,2026-08-11
🌊 The Ocean Awakens @ Climate Week NYC 2026,https://lu.ma/the-ocean-awakens-2026,2026-09-21T18:00:00.000Z,New York,tech,2026-08-11
The Scaling Playbook: Roadmaps for Climate Tech's Next Chapter,https://lu.ma/amse0fiu,2026-09-22T14:00:00.000Z,New York,tech,2026-08-11
Field Notes VOL.1: NYFW,https://lu.ma/uu0dxcmj,2026-09-23T21:30:00.000Z,New York,tech,2026-08-11
Navigating Transatlantic M&A and Investments,https://lu.ma/p3bagdpp,2026-10-13T22:00:00.000Z,New York,tech,2026-08-11
"☕ Coffee, Code, and Conversations | Developer Meetup",https://lu.ma/ap10s3zx,2026-08-13T07:00:00.000Z,London,tech,2026-08-11
Rooftop Summer BBQ @ Encode,https://lu.ma/encode-39he,2026-08-13T15:00:00.000Z,London,tech,2026-08-11
Rare Grind,https://lu.ma/24b0sb0p,2026-08-14T08:00:00.000Z,London,tech,2026-08-11
Tech and Tapas 5km Run (hosted by Perspect),https://lu.ma/a7bb72rq,2026-08-15T10:00:00.000Z,London,tech,2026-08-11
Introduction to Electronics and Computing,https://lu.ma/p9rn923m,2026-08-17T17:00:00.000Z,London,tech,2026-08-11
Build Community Around Your Craft with GUAP Founder Ibrahim Kamara,https://lu.ma/9cvnics8,2026-08-18T17:30:00.000Z,London,tech,2026-08-11
Introduction to Electronics and Computing,https://lu.ma/rzgg384s,2026-08-24T17:00:00.000Z,London,tech,2026-08-11
Summer Deeptech Drinks,https://lu.ma/vnarpqlt,2026-08-27T16:30:00.000Z,London,tech,2026-08-11
Women In Product - Event 2,https://lu.ma/kkh1fykx,2026-09-01T17:30:00.000Z,London,tech,2026-08-11
The US Expansion Dinner 🇺🇸,https://lu.ma/ob71jnfv,2026-09-08T17:30:00.000Z,London,tech,2026-08-11
What pricing levers can MSPs pull to grow? | Pre-MSS Dinner,https://lu.ma/asipmorw,2026-09-08T18:00:00.000Z,London,tech,2026-08-11
The New Approach to Access Liquidity: Unlocking Outsized Returns through Market Transparency - Roundtable,https://lu.ma/otlk2e9w,2026-09-10T10:00:00.000Z,London,tech,2026-08-11
TCSP Live: London - Revenue Forecasting & Predicting Renewals,https://lu.ma/k8718x8p,2026-09-10T17:00:00.000Z,London,tech,2026-08-11
Stand Your Ground: Women in VC Defence & Drinks,https://lu.ma/hct57wgb,2026-09-10T17:30:00.000Z,London,tech,2026-08-11
Audio-Reactive Visual Workshop - TouchDesigner + Pure Data,https://lu.ma/9pe52pzl,2026-09-11T17:30:00.000Z,London,tech,2026-08-11
House London #2 | Data Hackathon,https://lu.ma/tsjh0lm9,2026-09-26T09:00:00.000Z,London,tech,2026-08-11
Female Founders Pitch Night with Octopus Ventures and Alma Angels,https://lu.ma/novabook-ynlu,2026-09-29T17:00:00.000Z,London,tech,2026-08-11
GeoCyclone: Space & Cyber - Hackers in Orbit (1st October),https://lu.ma/j2emh44d,2026-10-01T17:00:00.000Z,London,tech,2026-08-11
The Second How To: good cold outreach on linkedin & email,https://lu.ma/w92erxuc,2026-08-11T11:15:00.000Z,Berlin,tech,2026-08-11
wDRIVE & YMN Vernetzungsabend,https://lu.ma/eb0kwxq5,2026-08-26T17:30:00.000Z,Berlin,tech,2026-08-11
South Asian Incubator Launch @ ChaiSamosaNetwork Meetup #8,https://lu.ma/odx4vxjd,2026-08-27T16:00:00.000Z,Berlin,tech,2026-08-11
DIA 6 - FULL DAY PRESENCIAL & CIERRE CS WEEK PERÚ 2026,https://lu.ma/7nis6bhq,2026-08-15T16:00:00.000Z,Lima,tech,2026-08-11
Meet Up🌸Inspira Women,https://lu.ma/yorjt0f8,2026-08-16T20:00:00.000Z,Lima,tech,2026-08-11
Roadshow Perú - China: Startups e innovación para el sector agroalimentario,https://lu.ma/ym87mzzx,2026-08-18T13:30:00.000Z,Lima,tech,2026-08-11
Deal Catch: Networking & Pitch in Austin,https://lu.ma/ij6aftlx,2026-08-13T00:00:00.000Z,Austin,tech,2026-08-11
The Forum — Sales Leadership Roundtable,https://lu.ma/mmgccxe9,2026-08-14T13:30:00.000Z,Austin,tech,2026-08-11
Starburst Investor Mixer - Austin,https://lu.ma/fju5aarb,2026-08-18T21:00:00.000Z,Austin,tech,2026-08-11
Teleidoscope Bullseye Social @ FSN,https://lu.ma/89mii2do,2026-08-19T22:00:00.000Z,Austin,tech,2026-08-11
ATX DC Afterparty: The Betty,https://lu.ma/62lpcqbr,2026-08-25T01:00:00.000Z,Austin,tech,2026-08-11
Founders After Five,https://lu.ma/bmwhovsb,2026-08-27T22:00:00.000Z,Austin,tech,2026-08-11
Supercollider,https://lu.ma/hcm5nf62,2026-09-03T23:00:00.000Z,Austin,tech,2026-08-11
pAIthon Meetup,https://lu.ma/gluywwvo,2026-08-12T01:30:00.000Z,San Francisco,ai,2026-08-11
"How to take apart a neural network (or, Goodfire's AdVersarial Parameter Decomposition Technique)",https://lu.ma/mox-p65s,2026-08-12T02:00:00.000Z,San Francisco,ai,2026-08-11
Paper Reading Night by HydraDB: Graph Neural Retrieval for LLM Reasoning,https://lu.ma/u6a7a3hz,2026-08-14T00:00:00.000Z,San Francisco,ai,2026-08-11
Magnific Spotlight: MiniMax H3,https://lu.ma/magnific-24eu,2026-08-14T00:30:00.000Z,San Francisco,ai,2026-08-11
Voice Is the New Interface: Inside the Future of AI,https://lu.ma/link-fvj1,2026-08-14T01:00:00.000Z,San Francisco,ai,2026-08-11
Humans in Control: Building a Grassroots Movement for AI Safeguards,https://lu.ma/mox-m6jj,2026-08-14T01:30:00.000Z,San Francisco,ai,2026-08-11
Passes and Hot Takes: VC open house 4,https://lu.ma/mykeidvq,2026-08-14T16:00:00.000Z,San Francisco,ai,2026-08-11
South Asian MBAs in AI,https://lu.ma/lexvqmv6,2026-08-16T21:00:00.000Z,San Francisco,ai,2026-08-11
AI Safety Career Pivot Coaching Office Hours + Transition Connection Group,https://lu.ma/28qskfa5,2026-08-17T23:00:00.000Z,San Francisco,ai,2026-08-11
Academic Night,https://lu.ma/trossen-academic-night,2026-08-18T01:00:00.000Z,San Francisco,ai,2026-08-11
Recursively Self-Improving AI & AI Neofactories,https://lu.ma/ozczy8ep,2026-08-20T00:00:00.000Z,San Francisco,ai,2026-08-11
Let's build an agent! For your recruiting workflow.,https://lu.ma/ujthsr31,2026-08-21T00:00:00.000Z,San Francisco,ai,2026-08-11
Builders Series | Context Tames the Swarm,https://lu.ma/kk80n71x,2026-08-21T00:30:00.000Z,San Francisco,ai,2026-08-11
Contech After Hours: Building the Data Center Boom,https://lu.ma/a6xe3hio,2026-08-21T00:30:00.000Z,San Francisco,ai,2026-08-11
2077AI Research Happy Hour — Beyond the Data Wall,https://lu.ma/nb7v44nj,2026-08-21T01:00:00.000Z,San Francisco,ai,2026-08-11
Health Tech Founders Meetup,https://lu.ma/bamn3w5g,2026-08-21T01:30:00.000Z,San Francisco,ai,2026-08-11
"Friday Build & Bluff: Co-working + Poker at AGI, Inc.",https://lu.ma/agi-coworking-poker-2,2026-08-21T17:30:00.000Z,San Francisco,ai,2026-08-11
Tokens On Us: A Nebius and LangChain Happy Hour,https://lu.ma/hjpck0r3,2026-08-25T00:00:00.000Z,San Francisco,ai,2026-08-11
AI Infrastructure Night,https://lu.ma/wol2ix7z,2026-08-25T00:30:00.000Z,San Francisco,ai,2026-08-11
vLLM x NVIDIA Dynamo Meetup,https://lu.ma/r8o604o0,2026-08-25T01:00:00.000Z,San Francisco,ai,2026-08-11
AI-pilled teams: Multiplayer demos ⭐️,https://lu.ma/aipilled3,2026-08-26T00:30:00.000Z,San Francisco,ai,2026-08-11
Build or Buy?: Evaluating AI Vendors and Tools for Life Sciences,https://lu.ma/8bo9ft99,2026-08-27T00:00:00.000Z,San Francisco,ai,2026-08-11
"Customer Success x AI - Lunch, & What's actually working.",https://lu.ma/uakrh9jr,2026-08-27T19:15:00.000Z,San Francisco,ai,2026-08-11
Moving From Stuck to What's Next (w/ The AI Collective),https://lu.ma/aic-sf-8-27,2026-08-28T00:30:00.000Z,San Francisco,ai,2026-08-11
"Scaling Beyond the Founder: Channels, Budgets & Pricing Power",https://lu.ma/0d1zhcpg,2026-08-28T01:30:00.000Z,San Francisco,ai,2026-08-11
Open Source AI Summit SF,https://lu.ma/buildp-c5h9,2026-08-28T22:00:00.000Z,San Francisco,ai,2026-08-11
Agent Harness Hackathon | Win an NVIDIA DGX Spark AI Supercomputer,https://lu.ma/agent-harness,2026-08-29T16:00:00.000Z,San Francisco,ai,2026-08-11
Scaling the Data Lake for the AI Era — A StarRocks x TRM Labs Meetup,https://lu.ma/trmlabs-3kox,2026-09-03T22:00:00.000Z,San Francisco,ai,2026-08-11
“AI Agents & The Future of AI” VC Insights• Founder Pitches,https://lu.ma/ndlb2tea,2026-09-10T00:30:00.000Z,San Francisco,ai,2026-08-11
Design + AI Mentor Night,https://lu.ma/aimentornight,2026-09-10T00:30:00.000Z,San Francisco,ai,2026-08-11
Data & AI Hackathon: SF,https://lu.ma/qisv9xmg,2026-09-11T14:30:00.000Z,San Francisco,ai,2026-08-11
The Capacity Map; where the nextAI Infrastructure Emerges,https://lu.ma/bius5my0,2026-09-17T00:30:00.000Z,San Francisco,ai,2026-08-11
Humongous AI Meetup,https://lu.ma/lyzw2vit,2026-09-17T01:00:00.000Z,San Francisco,ai,2026-08-11
WeAreDevelopers Networking Day (with GitHub),https://lu.ma/fdz7uw6n,2026-09-23T17:00:00.000Z,San Francisco,ai,2026-08-11
DevGuild: The Long Horizon Stack,https://lu.ma/long-horizon-stack,2026-09-24T16:00:00.000Z,San Francisco,ai,2026-08-11
PyLadies SF at Snowflake: Data Science in the Age of AI,https://lu.ma/693643qu,2026-10-01T01:00:00.000Z,San Francisco,ai,2026-08-11
Silicon Valley November Summit 2026,https://lu.ma/pnpsvnovsummit26,2026-11-03T16:00:00.000Z,San Francisco,ai,2026-08-11
AgenticCon - The Agentic Enterprise,https://lu.ma/weave-uvxm,2027-02-25T17:00:00.000Z,San Francisco,ai,2026-08-11
NYC Marketing Salon Dinner,https://lu.ma/2lsgcd7b,2026-08-11T22:30:00.000Z,New York,ai,2026-08-11
Tech x Market Decoders,https://lu.ma/16igdrmz,2026-08-12T22:00:00.000Z,New York,ai,2026-08-11
AI Lunch & Learn: Fellowship Preview & Prototype Lab,https://lu.ma/3perce-ge6v,2026-08-17T15:30:00.000Z,New York,ai,2026-08-11
AI Think Tank NYC - Open Source AI Discussion,https://lu.ma/tjz60nm6,2026-08-18T22:30:00.000Z,New York,ai,2026-08-11
How Seedance 2.5 Revolutionizes Filmmaking,https://lu.ma/o2a869cl,2026-08-19T23:00:00.000Z,New York,ai,2026-08-11
From Innovation to Enterprise Adoption: An Evening with Leon Flaksin,https://lu.ma/3qw98fpf,2026-08-20T22:00:00.000Z,New York,ai,2026-08-11
Open Models NYC | Together AI × OpenRouter,https://lu.ma/pl30d8pc,2026-08-20T22:00:00.000Z,New York,ai,2026-08-11
"Plural x Elastic x Kubernetes August Meetup, with speakers Michael Guarino and Eric Mustin",https://lu.ma/o9zifks0,2026-08-25T22:00:00.000Z,New York,ai,2026-08-11
Build Your First App with Replit!,https://lu.ma/8pq86025,2026-08-26T22:00:00.000Z,New York,ai,2026-08-11
AI Governance – Building Trust in the Age of Intelligent Systems | 9th New York QA Meetup,https://lu.ma/ttt-9th-newyork,2026-08-27T22:00:00.000Z,New York,ai,2026-08-11
Build AI AGENTS with Avahi,https://lu.ma/3tfrl0xr,2026-09-01T21:30:00.000Z,New York,ai,2026-08-11
Healthcare AI Happy Hour,https://lu.ma/enfnnnvp,2026-09-09T22:00:00.000Z,New York,ai,2026-08-11
Flow State Lounge by Boundless | NYC,https://lu.ma/boundlessflowstate,2026-09-10T14:00:00.000Z,New York,ai,2026-08-11
"Climate Tech Demo Series - Collab Fund, Streetlife Ventures",https://lu.ma/l99e5v88,2026-09-21T13:00:00.000Z,New York,ai,2026-08-11
AGI and The City,https://lu.ma/0g8wvw31,2026-10-01T22:30:00.000Z,New York,ai,2026-08-11
AI Regulation Essentials : how to develop a cohesive global strategy,https://lu.ma/gdagayrd,2026-10-15T12:00:00.000Z,New York,ai,2026-08-11
Ship Your First App in a Day: Vibe Coding with AI (August 2026),https://lu.ma/5xyia8en,2026-08-14T08:00:00.000Z,London,ai,2026-08-11
CapCut Creators | Apply to Join | Brunch & Learn with CapCut,https://lu.ma/kcy5795s,2026-08-19T09:00:00.000Z,London,ai,2026-08-11
Scaling the AI Safety Frontier: LISA Grantmaking Panel,https://lu.ma/ttv6yvvx,2026-08-19T17:00:00.000Z,London,ai,2026-08-11
Prompt Club: Open House,https://lu.ma/onqhkr6c,2026-08-20T17:00:00.000Z,London,ai,2026-08-11
"(London) Can AI Agent Startups Survive Corporate Capture: Prof Ramesh Raskar, MIT",https://lu.ma/ev1lyxwh,2026-08-21T09:00:00.000Z,London,ai,2026-08-11
UXCrunch August: Debate Night - Is AI Coming for Design Jobs?,https://lu.ma/6t08arys,2026-08-26T17:00:00.000Z,London,ai,2026-08-11
Fashion 4.0 // Summer Social,https://lu.ma/ow7d16oc,2026-08-27T16:30:00.000Z,London,ai,2026-08-11
"The Software Factory with SuperPlane & Elastic London - When Agents Build, Ship, and Fix Your Code",https://lu.ma/you-8r5c,2026-09-01T17:00:00.000Z,London,ai,2026-08-11
AgentCon London,https://lu.ma/agentcon-london,2026-09-08T08:00:00.000Z,London,ai,2026-08-11
Can You Trust the Data Running Your Portfolio? Building the Infrastructure for AI-Ready Compliance - Roundtable,https://lu.ma/cevupbhd,2026-09-10T08:15:00.000Z,London,ai,2026-08-11
Ultralytics Meetup: London,https://lu.ma/cp2svddq,2026-09-23T17:00:00.000Z,London,ai,2026-08-11
Wie steigere ich meinen Marktwert in Zeiten von KI? - Campus Career,https://lu.ma/ykmnt5rf,2026-08-18T16:30:00.000Z,Berlin,ai,2026-08-11
commIT Berlin #3,https://lu.ma/mz9zs38f,2026-08-28T17:00:00.000Z,Berlin,ai,2026-08-11
"UTEC VENTURES, PROPHECY, REDBULL, HACKATHON 01",https://lu.ma/5uils5p0,2026-08-15T16:00:00.000Z,Lima,ai,2026-08-11
Happy Hour Vibecoding with Base44 🥳,https://lu.ma/7t8sva3i,2026-08-27T23:30:00.000Z,Lima,ai,2026-08-11
Femme Founder Bootcamp S3 - Info Session! (ATX),https://lu.ma/5cub9q8t,2026-08-26T23:00:00.000Z,Austin,ai,2026-08-11
"Office Hours w/ PostHog, Supabase, & Linear",https://lu.ma/jmeqhu83,2026-08-13T19:00:00.000Z,San Francisco,tech,2026-08-12
Summer Barbecue,https://lu.ma/venture-6jbz,2026-08-14T00:00:00.000Z,San Francisco,tech,2026-08-12
Friday Flight Club: Female Founder Coworking & Lunch,https://lu.ma/59v4g25i,2026-08-14T17:00:00.000Z,San Francisco,tech,2026-08-12
Chai Night,https://lu.ma/f3vov0vl,2026-08-15T02:00:00.000Z,San Francisco,tech,2026-08-12
硅谷投资者创业者：高尔夫练习场+午餐会,https://lu.ma/cux6tlrh,2026-08-15T16:30:00.000Z,San Francisco,tech,2026-08-12
What Palestinians are Building while Working in Gaza W/ Mohammed Mortaga.,https://lu.ma/5b8n9xgr,2026-08-15T19:00:00.000Z,San Francisco,tech,2026-08-12
"Astronaut Interview: Soyeon Yi, South Korea's First Person In Space!",https://lu.ma/bysqxy5w,2026-08-16T21:00:00.000Z,San Francisco,tech,2026-08-12
Signal Table: A VC & GP Dinner Series,https://lu.ma/SignalTableSF,2026-08-18T00:30:00.000Z,San Francisco,tech,2026-08-12
Grow your startup through content,https://lu.ma/5ainfo63,2026-08-18T01:30:00.000Z,San Francisco,tech,2026-08-12
StartupExperts Summer Social,https://lu.ma/3hi5r41s,2026-08-19T00:30:00.000Z,San Francisco,tech,2026-08-12
Weather Balloon Launch 🎈,https://lu.ma/gaoyuqvh,2026-08-20T00:00:00.000Z,San Francisco,tech,2026-08-12
cocktails & bites | ZeroClick,https://lu.ma/ed276lol,2026-08-20T02:00:00.000Z,San Francisco,tech,2026-08-12
Fireside Chat: Ocean Stewardship & Robotics,https://lu.ma/s5oesxtc,2026-08-20T02:00:00.000Z,San Francisco,tech,2026-08-12
"SVB + CAFE, A Fintech Evening in SF",https://lu.ma/4s8wympx,2026-08-24T23:00:00.000Z,San Francisco,tech,2026-08-12
"TechWalk | Silicon Valley, 8/26",https://lu.ma/fy48kb5a,2026-08-27T01:00:00.000Z,San Francisco,tech,2026-08-12
"Three Courses, Fifteen Researchers | Percept",https://lu.ma/rfudrr58,2026-08-28T02:00:00.000Z,San Francisco,tech,2026-08-12
GTM Leader Happy Hour,https://lu.ma/e1tv3oqk,2026-09-03T00:00:00.000Z,San Francisco,tech,2026-08-12
September - Founders Walking Meeting - Mill Valley,https://lu.ma/uivfijjh,2026-09-03T23:00:00.000Z,San Francisco,tech,2026-08-12
Curious Collective Presents: Leadership with Mauria Finley,https://lu.ma/usf1s983,2026-09-09T02:00:00.000Z,San Francisco,tech,2026-08-12
August NYC - Marvins Founder Brunch,https://lu.ma/qadlfxql,2026-08-14T15:00:00.000Z,New York,tech,2026-08-12
Jazzy Builds @ Corgi Cafe,https://lu.ma/cmrr6isi,2026-08-15T16:00:00.000Z,New York,tech,2026-08-12
Founder's Table NYC,https://lu.ma/tavern-lac0,2026-08-18T22:00:00.000Z,New York,tech,2026-08-12
Drive for Accuracy New Jersey | Warehouse & Operations Community,https://lu.ma/rxxp4clr,2026-08-19T21:00:00.000Z,New York,tech,2026-08-12
tech night!,https://lu.ma/kya1g5o4,2026-08-22T22:00:00.000Z,New York,tech,2026-08-12
"TechWalk | Jersey City, 9/3",https://lu.ma/c7ezzx75,2026-09-03T13:00:00.000Z,New York,tech,2026-08-12
Founders & Funders: NYC VC Reverse Pitch,https://lu.ma/fnfxnyc0926,2026-09-10T22:00:00.000Z,New York,tech,2026-08-12
HuLane: NYC Summer Finale,https://lu.ma/7t00gvo1,2026-09-10T22:00:00.000Z,New York,tech,2026-08-12
CAT x NYU Falling Walls Pitch Competition,https://lu.ma/q98jzkkp,2026-09-14T20:00:00.000Z,New York,tech,2026-08-12
NYC Battery Symposium,https://lu.ma/c2es-battery-symp,2026-09-22T17:30:00.000Z,New York,tech,2026-08-12
WaterTech Futures 2.0: Unlocking Critical Minerals From Industrial Water,https://lu.ma/rsra440j,2026-09-22T21:00:00.000Z,New York,tech,2026-08-12
Net Zero Negronis: Climate Week 2026,https://lu.ma/ax6x4eb8,2026-09-23T22:00:00.000Z,New York,tech,2026-08-12
Nature in Practice at NYCW'26,https://lu.ma/nature-in-practice,2026-09-24T19:30:00.000Z,New York,tech,2026-08-12
"TechWalk | Brooklyn, 9/26",https://lu.ma/3htuan8o,2026-09-26T16:00:00.000Z,New York,tech,2026-08-12
Founder Networking Evening at Nasdaq MarketSite,https://lu.ma/vqmo2llq,2026-09-29T22:30:00.000Z,New York,tech,2026-08-12
PlatformCon Live Day - New York,https://lu.ma/ik5nkzzl,2027-06-24T13:00:00.000Z,New York,tech,2026-08-12
UM x EF Coworking,https://lu.ma/ef-mafia,2026-08-13T08:30:00.000Z,London,tech,2026-08-12
Create and print in 3D workshop (ages 14+),https://lu.ma/dr5b0wk3,2026-08-18T10:00:00.000Z,London,tech,2026-08-12
Various Labs: Show And Tell,https://lu.ma/mrfh9l4m,2026-08-19T15:30:00.000Z,London,tech,2026-08-12
Built Different Coffee Morning,https://lu.ma/gn5d63gc,2026-08-20T09:30:00.000Z,London,tech,2026-08-12
DevConnnect - The Shard,https://lu.ma/f4xkbk9x,2026-08-28T17:30:00.000Z,London,tech,2026-08-12
PBLINK Tech Roundtable | From Big Tech to Sovereign Stacks,https://lu.ma/9454m662,2026-09-03T08:30:00.000Z,London,tech,2026-08-12
Founder Nation: Padel Social - London,https://lu.ma/nxx296l6,2026-09-03T17:30:00.000Z,London,tech,2026-08-12
App Leaders Hours London,https://lu.ma/cmbfwf22,2026-09-07T17:00:00.000Z,London,tech,2026-08-12
"Compliance as a Value Protection Strategy: Safeguarding Liquidity, Financing, and Exit Pricing",https://lu.ma/njxknhb5,2026-09-10T12:30:00.000Z,London,tech,2026-08-12
Fresha Data Meetup,https://lu.ma/soyrpc5p,2026-09-17T16:30:00.000Z,London,tech,2026-08-12
"Quest Complete: 25 Years Building RuneScape, with Pints of Knowledge",https://lu.ma/dex-7cny,2026-09-23T18:00:00.000Z,London,tech,2026-08-12
Founder Nation: Christmas Party,https://lu.ma/vvjjz825,2026-12-02T18:00:00.000Z,London,tech,2026-08-12
PlatformCon Live Day - London,https://lu.ma/ydyjtqu6,2027-06-22T08:00:00.000Z,London,tech,2026-08-12
The Delta Studio Open Day,https://lu.ma/d7kipdq8,2026-08-14T07:30:00.000Z,Berlin,tech,2026-08-12
FOUNDA MET x FoodLabs - Curated Cofounder Dating #6,https://lu.ma/1vl9o040,2026-08-18T16:30:00.000Z,Berlin,tech,2026-08-12
CODE Hackathon,https://lu.ma/me4sa82z,2026-08-28T08:00:00.000Z,Berlin,tech,2026-08-12
Kickoff Meetup 🎉,https://lu.ma/lnmj7085,2026-09-08T16:00:00.000Z,Berlin,tech,2026-08-12
4WARD's Berlin Climate & Sustainability Networking Meetup,https://lu.ma/yjp8hzjj,2026-09-29T16:30:00.000Z,Berlin,tech,2026-08-12
Women of SaaS Berlin – SaaS Week Berlin Side Event,https://lu.ma/etmg5ojz,2026-10-06T17:00:00.000Z,Berlin,tech,2026-08-12
founders & funders: poker night 🃏,https://lu.ma/w23jbybd,2026-08-14T00:00:00.000Z,Austin,tech,2026-08-12
Foundation Wine Course - Germany (magnates),https://lu.ma/odjvljoo,2026-08-25T22:00:00.000Z,Austin,tech,2026-08-12
Out in Tech Demo Night 4.0,https://lu.ma/ckb2oaem,2026-09-01T23:30:00.000Z,Austin,tech,2026-08-12
Trail Talks #6,https://lu.ma/r6zi05mm,2026-09-11T13:00:00.000Z,Austin,tech,2026-08-12
Build Your First AI Sales Agent,https://lu.ma/simular-23ua,2026-08-13T01:00:00.000Z,San Francisco,ai,2026-08-12
Dimensional Happy Hour - August 2026,https://lu.ma/zkrc0765,2026-08-14T00:30:00.000Z,San Francisco,ai,2026-08-12
Learn with Goover - Make Claude Code Yours,https://lu.ma/i27zu4hn,2026-08-14T18:30:00.000Z,San Francisco,ai,2026-08-12
Context Corner: A Lunch Series for Developers,https://lu.ma/mem0-a82x,2026-08-14T19:00:00.000Z,San Francisco,ai,2026-08-12
Global AI时代，下一轮创业机会到底在哪里？,https://lu.ma/a9otjl1g,2026-08-15T00:00:00.000Z,San Francisco,ai,2026-08-12
How to Birth Your AI Agent | Agent Workshop,https://lu.ma/agentbirth,2026-08-15T19:00:00.000Z,San Francisco,ai,2026-08-12
Predictive AI Happy Hour,https://lu.ma/w5xpda3s,2026-08-18T01:00:00.000Z,San Francisco,ai,2026-08-12
AI & The Wet Lab,https://lu.ma/aiandthewetlab_spc,2026-08-20T00:30:00.000Z,San Francisco,ai,2026-08-12
A Poem is a Machine Made Out of Words: Writing and AI,https://lu.ma/wordmachine,2026-08-20T02:00:00.000Z,San Francisco,ai,2026-08-12
CoWorking Day for the SF Bay Area Geo,https://lu.ma/women-jeki,2026-08-20T15:00:00.000Z,San Francisco,ai,2026-08-12
CoClaude Co-Work AI Afternoon with Filament,https://lu.ma/ppb0ctah,2026-08-20T19:00:00.000Z,San Francisco,ai,2026-08-12
Build Your First AI Agent,https://lu.ma/ncq4avfo,2026-08-20T20:00:00.000Z,San Francisco,ai,2026-08-12
Teqfocus Presents the East Bay CXO Aug 2026 Meetup: Building the GTM Agentic Workflow,https://lu.ma/3dnzcvph,2026-08-21T00:00:00.000Z,San Francisco,ai,2026-08-12
Claude Community SF: Science Demo Night,https://lu.ma/claude-p7e0,2026-08-21T01:30:00.000Z,San Francisco,ai,2026-08-12
Tavus x Rackhouse: Conversational AI Poker Night,https://lu.ma/mn9axk42,2026-08-21T02:00:00.000Z,San Francisco,ai,2026-08-12
"{AI} in Production with Inngest, Nebius Token Factory, & Flox",https://lu.ma/inngest-77ls,2026-08-26T01:00:00.000Z,San Francisco,ai,2026-08-12
Conversational AI Agents in Messaging,https://lu.ma/u2r000sg,2026-08-27T00:00:00.000Z,San Francisco,ai,2026-08-12
AI Engineers: Poker Night,https://lu.ma/ytrcqyrt,2026-08-27T01:30:00.000Z,San Francisco,ai,2026-08-12
Engineering Leadership Dinner: AI Infrastructure,https://lu.ma/scalekit-s3h5,2026-08-27T01:30:00.000Z,San Francisco,ai,2026-08-12
Design hour w/ Gauravi: Pixel & Prompt,https://lu.ma/2wwjj1rg,2026-08-30T18:00:00.000Z,San Francisco,ai,2026-08-12
Hedge West SF September 2026 Meetup,https://lu.ma/wk7bmb8c,2026-09-02T01:00:00.000Z,San Francisco,ai,2026-08-12
AI Safety Career Pivot Coaching Office Hours + Transition Connection Group,https://lu.ma/hzscuyln,2026-09-04T18:00:00.000Z,San Francisco,ai,2026-08-12
Marin | Claude Meetup,https://lu.ma/claude-frdc,2026-09-11T01:00:00.000Z,San Francisco,ai,2026-08-12
🔥 Qoder AI Hackathon with $4500 cash prizes,https://lu.ma/l74b4u7b,2026-09-12T16:00:00.000Z,San Francisco,ai,2026-08-12
"AI-native platforms for industries software forgot, and Real-world Data Labeling Luncheon",https://lu.ma/q60llc5w,2026-09-14T18:30:00.000Z,San Francisco,ai,2026-08-12
AI GTM Night at The Art of SF,https://lu.ma/sfplay-gd9n,2026-09-18T01:00:00.000Z,San Francisco,ai,2026-08-12
"KSC Founders Pitch Day | Physical AI, Robotics and more",https://lu.ma/7qtbycmm,2026-09-21T23:00:00.000Z,San Francisco,ai,2026-08-12
Women Build Oakland: From Idea to App in One Day,https://lu.ma/6fj7ekl5,2026-09-30T16:00:00.000Z,San Francisco,ai,2026-08-12
Vibe Your SaaS: Startup Pitch Competition + VC/Founder Mixer @ Atlassian HQ,https://lu.ma/dygof93y,2026-11-18T01:30:00.000Z,San Francisco,ai,2026-08-12
BIPOC Friday afternoon co-work w/ Forever 22,https://lu.ma/8wkm6pk3,2026-08-14T16:00:00.000Z,New York,ai,2026-08-12
"Po-Shen Loh | Raise A Thought Full Generation in the Age of AI | Edison, NJ",https://lu.ma/i5a4eavl,2026-08-16T18:00:00.000Z,New York,ai,2026-08-12
WISE-NYC: August Lunch on AI in Sustainability,https://lu.ma/u6owxgdg,2026-08-18T16:00:00.000Z,New York,ai,2026-08-12
Claude Code Workshop - New York City,https://lu.ma/claude-code-workshop-nyc-aug-18,2026-08-18T17:00:00.000Z,New York,ai,2026-08-12
Claude Coworkshop - New York City,https://lu.ma/claude-coworkshop-nyc-aug-18,2026-08-18T17:00:00.000Z,New York,ai,2026-08-12
[MAI Friends] Partnership Dinner @ Aqua Kyoto,https://lu.ma/5tb81qtk,2026-08-18T22:00:00.000Z,New York,ai,2026-08-12
"Claude 102: Skills, projects, & MCPs",https://lu.ma/g6k7fain,2026-08-19T22:30:00.000Z,New York,ai,2026-08-12
NYC | Claude Content Creation with TheVibeFounder & Mika Reyes,https://lu.ma/claude-content-workshop,2026-08-20T22:00:00.000Z,New York,ai,2026-08-12
AI & Marketing Salon,https://lu.ma/marketingsalon,2026-08-20T22:30:00.000Z,New York,ai,2026-08-12
Dell x NVIDIA Hackathon / Local AI on Dell Pro Max with GB10 -- NYC,https://lu.ma/e9z7dmdj,2026-08-22T13:00:00.000Z,New York,ai,2026-08-12
Acelab x Structured AI Hackathon,https://lu.ma/pxf96zct,2026-08-24T22:00:00.000Z,New York,ai,2026-08-12
The Agent-Native Org: Live at Nasdaq,https://lu.ma/p1bwxumf,2026-08-25T22:00:00.000Z,New York,ai,2026-08-12
Campfire GTM Happy Hour: Meet the Team!,https://lu.ma/8i1gwyp8,2026-08-27T21:30:00.000Z,New York,ai,2026-08-12
AI Business Networking #01,https://lu.ma/qjuchxde,2026-08-27T22:00:00.000Z,New York,ai,2026-08-12
Inertia Beta Party,https://lu.ma/l3ae60jf,2026-08-31T21:30:00.000Z,New York,ai,2026-08-12
Executive Dinner with MarqVision,https://lu.ma/x48ugkpt,2026-09-03T22:00:00.000Z,New York,ai,2026-08-12
ON_Discourse Breakfast Club for AI Leaders: The Orchestration Gap: Stop Adding AI. Start Connecting It,https://lu.ma/76xwez9s,2026-09-09T13:00:00.000Z,New York,ai,2026-08-12
Future Currence,https://lu.ma/fwyj13ky,2026-09-21T13:00:00.000Z,New York,ai,2026-08-12
ESG in the Age of AI - official book launch in New York,https://lu.ma/muagdxhd,2026-09-24T17:30:00.000Z,New York,ai,2026-08-12
AI Adoption in Construction,https://lu.ma/ConTechAISummit26,2026-10-01T13:00:00.000Z,New York,ai,2026-08-12
CLR Summer Fellowship Speaker Series: Kyle O'Brien (Geodesic),https://lu.ma/drrsvh9y,2026-08-12T16:00:00.000Z,London,ai,2026-08-12
Unplug! Learn Computing Without Computers,https://lu.ma/zttxjgic,2026-08-13T11:30:00.000Z,London,ai,2026-08-12
She Nicest Global Hackathon pop-up|London.UK,https://lu.ma/27ntal6w,2026-08-15T12:00:00.000Z,London,ai,2026-08-12
AI Hackathon for EventProfs & Event Operators in London with Softr,https://lu.ma/softr-hackathon-london-aug,2026-08-20T11:00:00.000Z,London,ai,2026-08-12
AI Builders Program | Apply to Join | The AI Vision Challenge,https://lu.ma/kq0eowx3,2026-08-20T17:30:00.000Z,London,ai,2026-08-12
GIRLS WHO AI X BUILDHER LABS PRESENT: BEAUTY DECODED // ALL FEMALE HACKATHON,https://lu.ma/sklovsnj,2026-08-29T11:00:00.000Z,London,ai,2026-08-12
AI Pilled [Operator] #02,https://lu.ma/pf7pb5u7,2026-09-23T17:30:00.000Z,London,ai,2026-08-12
Interrupt London 2026 - VIP Reception,https://lu.ma/h8kmragm,2026-10-12T17:00:00.000Z,London,ai,2026-08-12
BreakfastInMotion,https://lu.ma/993xx36a,2026-08-12T08:00:00.000Z,Berlin,ai,2026-08-12
AI Enthusiasts - Tech: The Summer of AI,https://lu.ma/5a2c7uh6,2026-08-17T17:00:00.000Z,Berlin,ai,2026-08-12
ClawBio + Nebius Hackathon Berlin: Agentic AI for Genomics,https://lu.ma/clawbio-q8pw,2026-08-18T10:00:00.000Z,Berlin,ai,2026-08-12
European Design Portfolio Night X Berlin 🇪🇺,https://lu.ma/ebs1oc1c,2026-09-09T17:00:00.000Z,Berlin,ai,2026-08-12
Notion × Claude Code: Content Strategy & Systems,https://lu.ma/notion-p37k,2026-09-11T16:00:00.000Z,Berlin,ai,2026-08-12
Berlin Physical AI Workshop and Meetup,https://lu.ma/berlin-physical-ai-workshop-and-meetup-sep-2026,2026-09-26T11:30:00.000Z,Berlin,ai,2026-08-12
AI for VC Fund Operations - Innovation Challenge,https://lu.ma/6xwia2fp,2026-09-29T07:00:00.000Z,Berlin,ai,2026-08-12
Voice Agents for Coding Hack con OpenBase,https://lu.ma/zlbmzdqb,2026-08-16T14:00:00.000Z,Lima,ai,2026-08-12
"Más GMV, ¿más rentabilidad? El nuevo P&L del digital commerce con IA",https://lu.ma/yvn4xad3,2026-08-20T13:00:00.000Z,Lima,ai,2026-08-12
The Ai Implementation Club,https://lu.ma/y8rbffrj,2026-08-16T18:00:00.000Z,Austin,ai,2026-08-12
Coffee with Developers LIVE,https://lu.ma/7levwbb6,2026-08-13T15:30:00.000Z,San Francisco,tech,2026-08-13
PRIVATE SUITE AT LEVI’S STADIUM: 49ers vs. Titans | Engineering Leaders & Funded Founders & Investors,https://lu.ma/0nlamytx,2026-08-14T00:00:00.000Z,San Francisco,tech,2026-08-13
Berkeley Ruby Early Birds,https://lu.ma/9u87z1ke,2026-08-15T15:00:00.000Z,San Francisco,tech,2026-08-13
Pitch Global & Kampong Collective offer a free pitching opportunity during ASIA week,https://lu.ma/m52mektl,2026-08-15T19:30:00.000Z,San Francisco,tech,2026-08-13
Foundry Robotics Happy Hour @ Actuate,https://lu.ma/vwn1337o,2026-08-19T00:00:00.000Z,San Francisco,tech,2026-08-13
PUMP POKER NIGHT,https://lu.ma/k25ybkt7,2026-08-19T02:30:00.000Z,San Francisco,tech,2026-08-13
SF CTO Lunch,https://lu.ma/8l3rgqvx,2026-08-19T20:30:00.000Z,San Francisco,tech,2026-08-13
Byteport Poker Night: Founders & Engineers,https://lu.ma/e9u9zi85,2026-08-21T01:00:00.000Z,San Francisco,tech,2026-08-13
Circuit Launch MTV Happy hour by Zuuz Ai,https://lu.ma/lfsxrrlq,2026-08-21T01:00:00.000Z,San Francisco,tech,2026-08-13
"Aussies & Kiwis in SF Tech Meet-up | Airtree, AWS, Atrium",https://lu.ma/dq317f97,2026-08-22T00:30:00.000Z,San Francisco,tech,2026-08-13
Storytelling circle on leaving tech: a gathering for marginalized folks dreaming of an escape,https://lu.ma/4nox507e,2026-08-22T21:00:00.000Z,San Francisco,tech,2026-08-13
What Nobody Tells You About Building Alone — Or Not,https://lu.ma/armf2dc0,2026-08-26T01:00:00.000Z,San Francisco,tech,2026-08-13
Circuit Launch OAK Happy Hour by Arcticar,https://lu.ma/wpmk2x8k,2026-08-26T23:00:00.000Z,San Francisco,tech,2026-08-13
Founders & Funders: SF VC Reverse Pitch,https://lu.ma/fnfxsf0826,2026-08-28T01:00:00.000Z,San Francisco,tech,2026-08-13
"Hardware Founders and Builders Dinner @ Studio 45 | Wearables, Healthtech, and Neurotech",https://lu.ma/zopccamc,2026-08-28T01:30:00.000Z,San Francisco,tech,2026-08-13
🚀 PMSC: Exploratorium Museum After Dark | Life in Space,https://lu.ma/pmsc-exploratorium,2026-08-28T02:00:00.000Z,San Francisco,tech,2026-08-13
『シリコンバレーによろしく』内藤聡 対談イベント in JIC,https://lu.ma/aispxoqn,2026-09-04T00:00:00.000Z,San Francisco,tech,2026-08-13
☀️S26 Post ADD Pioneer Happy Hour,https://lu.ma/s26add,2026-09-09T01:30:00.000Z,San Francisco,tech,2026-08-13
Bonneville Labs Monthly Social,https://lu.ma/yjjqhi3m,2026-09-10T00:00:00.000Z,San Francisco,tech,2026-08-13
Curated VC × Founder Mixer [75 Investors · VCs · Angels · FOs · CVCs] | Sept 21 · SF,https://lu.ma/mixer21sept,2026-09-22T00:30:00.000Z,San Francisco,tech,2026-08-13
Poker & games night at Maximor: NYC intern summer send-off,https://lu.ma/xm2jg8zs,2026-08-13T23:00:00.000Z,New York,tech,2026-08-13
NYC 1 Million Cups,https://lu.ma/rpmjyk61,2026-08-19T12:30:00.000Z,New York,tech,2026-08-13
"Wednesday Coworking - Founders, Builders, Creatives, Researchers, and Supporters",https://lu.ma/jsfsiv1b,2026-08-19T13:30:00.000Z,New York,tech,2026-08-13
TWIF x SEON: Fraud & Risk Leaders Dinner,https://lu.ma/seon-819,2026-08-19T22:30:00.000Z,New York,tech,2026-08-13
Open House at Fat Cat Fab Lab,https://lu.ma/3ij496ar,2026-08-19T23:00:00.000Z,New York,tech,2026-08-13
Third Thursday Tech Schmooze I August,https://lu.ma/vlsda5ai,2026-08-20T23:00:00.000Z,New York,tech,2026-08-13
Ping Friends Night,https://lu.ma/4ij3tga2,2026-08-22T21:00:00.000Z,New York,tech,2026-08-13
The Shortlist: August Founder Showcase,https://lu.ma/shortlistaugust,2026-08-24T22:00:00.000Z,New York,tech,2026-08-13
NYC Tech Poker @ SPC ($1/$1),https://lu.ma/xo2jmwea,2026-08-24T23:00:00.000Z,New York,tech,2026-08-13
Codédex Presents: Gen Z Builders Networking Nite,https://lu.ma/jhylzg7w,2026-08-25T21:00:00.000Z,New York,tech,2026-08-13
Notion Build Bar NYC,https://lu.ma/buildbar-nyc-aug,2026-08-26T18:00:00.000Z,New York,tech,2026-08-13
Arcade Happy Hour for IT Professionals,https://lu.ma/n4yhnqyt,2026-08-27T22:00:00.000Z,New York,tech,2026-08-13
Scout Screener: The Odyssey in 70MM,https://lu.ma/o6qjvef4,2026-08-27T22:00:00.000Z,New York,tech,2026-08-13
Monk <> Rubie Poker Club,https://lu.ma/09i1u7u8,2026-08-27T22:30:00.000Z,New York,tech,2026-08-13
Flushing Tech Meetup - Hackathon at TIQC,https://lu.ma/f8x5s6ik,2026-09-05T20:00:00.000Z,New York,tech,2026-08-13
VC Burrito Chat [Rho x VHS Ventures],https://lu.ma/rhoevents-arr7,2026-09-15T13:00:00.000Z,New York,tech,2026-08-13
2026 Venture For ClimateTech Innovation Showcase,https://lu.ma/fd2ac3lo,2026-09-21T15:00:00.000Z,New York,tech,2026-08-13
From Lab to Market: Accelerating Adaptation and Resilience Technologies from Universities,https://lu.ma/pq3zh7ae,2026-09-22T12:30:00.000Z,New York,tech,2026-08-13
Live from the Future: A Hard Tech Showcase at New York Climate Week,https://lu.ma/g184o2q7,2026-09-22T20:00:00.000Z,New York,tech,2026-08-13
NYCW Founder & Investor Happy Hour,https://lu.ma/jggg3713,2026-09-22T21:00:00.000Z,New York,tech,2026-08-13
Trip.com Hotel Partner Fall Event,https://lu.ma/xmlpjklz,2026-09-23T19:00:00.000Z,New York,tech,2026-08-13
Kajora Fall Summit Kickoff Reception,https://lu.ma/kajora-z1s1,2026-10-06T23:00:00.000Z,New York,tech,2026-08-13
Solo Builders LDN: Coworking Session Vol. 3,https://lu.ma/x31edicf,2026-08-24T08:30:00.000Z,London,tech,2026-08-13
"London Creative Networking Event – Designers, Founders & Startups",https://lu.ma/ntl-oigs,2026-08-25T17:30:00.000Z,London,tech,2026-08-13
Product Marketing pub therapy (a low-stakes whinge 🧚),https://lu.ma/7nh9ntk4,2026-09-09T17:30:00.000Z,London,tech,2026-08-13
VC and Founder Spin Class - Hosted by Boardly and Psycle,https://lu.ma/q1ooexav,2026-09-14T05:30:00.000Z,London,tech,2026-08-13
London Startups Operator RunClub & Social,https://lu.ma/v2v8i9ht,2026-09-15T18:00:00.000Z,London,tech,2026-08-13
Startup Coffee Corner | Bae HQ | Joelson,https://lu.ma/n2i6h1xh,2026-09-25T07:30:00.000Z,London,tech,2026-08-13
Scientist to Founder: London,https://lu.ma/concep-0s1q,2026-10-06T16:00:00.000Z,London,tech,2026-08-13
BAD1 & Werner Graf (Die Grünen): Shaping the Future of Berlin's Startup Ecosystem,https://lu.ma/aondwuft,2026-08-19T14:30:00.000Z,Berlin,tech,2026-08-13
Members Only - Sundowner by the Pool,https://lu.ma/o2s83p8t,2026-08-21T15:00:00.000Z,Berlin,tech,2026-08-13
Clay in Berlin: 2 Year Anniversary - How GTM Has Changed,https://lu.ma/BERQ326,2026-08-26T16:30:00.000Z,Berlin,tech,2026-08-13
TouchDesigner FLINTA Meetup,https://lu.ma/wyr6pf6m,2026-09-05T12:00:00.000Z,Berlin,tech,2026-08-13
Alexandre Prot - Qonto x The Delta Founders on the Top,https://lu.ma/u6iuff81,2026-09-08T17:00:00.000Z,Berlin,tech,2026-08-13
DIA 5 - TARDE PRESENCIAL UTEC CS WEEK PERÚ 2026,https://lu.ma/afhec1ci,2026-08-14T19:45:00.000Z,Lima,tech,2026-08-13
"Notion Developer Platform: automatiza, conecta y construye",https://lu.ma/notion-eyca,2026-08-20T21:00:00.000Z,Lima,tech,2026-08-13
Difusión de resultados del proyecto “Hub de Innovación y Emprendimiento en Cambio Climático” y 10° aniversario de Incubagraria,https://lu.ma/vwintj4c,2026-08-28T19:30:00.000Z,Lima,tech,2026-08-13
"WhopX: The Roundtable, Austin, TX",https://lu.ma/78l8fe7a,2026-08-15T23:00:00.000Z,Austin,tech,2026-08-13
Austin Startup Connections,https://lu.ma/5dowr2p3,2026-09-09T23:00:00.000Z,Austin,tech,2026-08-13
"Builder Co-work at Hilbert HQ, vol. 3",https://lu.ma/yxknmnpc,2026-08-14T16:00:00.000Z,San Francisco,ai,2026-08-13
Claude Community Conversations · Tiburon: Making in the Age of AI,https://lu.ma/claude-gjml,2026-08-19T01:00:00.000Z,San Francisco,ai,2026-08-13
What Does it Mean to be Human in a World with AGI?,https://lu.ma/7s5zmvee,2026-08-19T01:30:00.000Z,San Francisco,ai,2026-08-13
Who Gets a Say in AI? Taking AI Safety Public,https://lu.ma/2hybmbip,2026-08-19T20:00:00.000Z,San Francisco,ai,2026-08-13
Bayview Tech Lab: Comparing AI Platforms,https://lu.ma/4a7as808,2026-08-20T00:00:00.000Z,San Francisco,ai,2026-08-13
"Excellence in Tech: The Future of Consumer AI featuring Karandeep Anand (CEO, Character.AI)",https://lu.ma/lvflmt3d,2026-08-20T01:00:00.000Z,San Francisco,ai,2026-08-13
Grok Bot Founder Build Night feat. Harper (YC W25),https://lu.ma/cursor-tx4t,2026-08-20T23:30:00.000Z,San Francisco,ai,2026-08-13
BlueDot Impact Turns 4 — Anniversary Party,https://lu.ma/bluedot-turns-4,2026-08-21T01:30:00.000Z,San Francisco,ai,2026-08-13
VIP Founder Dinner: Besharam Restaurant Buyout,https://lu.ma/48w1m54z,2026-08-26T01:30:00.000Z,San Francisco,ai,2026-08-13
Surreal Dinner Series: AI & Religion- Does AI Bring us closer to or further from God?,https://lu.ma/surreal-q3p7,2026-08-27T00:15:00.000Z,San Francisco,ai,2026-08-13
Giving AI The Keys: A StackOne Dinner,https://lu.ma/nmj1hlza,2026-08-27T02:00:00.000Z,San Francisco,ai,2026-08-13
Aged Intelligence Society Gathering,https://lu.ma/sk87ssoi,2026-09-17T01:00:00.000Z,San Francisco,ai,2026-08-13
Convergence Summit powered by Innovate Bay,https://lu.ma/ibconvergence,2026-09-17T16:00:00.000Z,San Francisco,ai,2026-08-13
"AI, Start-ups & the Future of Work: A Silicon Valley Conversation",https://lu.ma/t1emo0j1,2026-09-19T00:30:00.000Z,San Francisco,ai,2026-08-13
AI Context Series San Jose,https://lu.ma/sanjose26,2026-09-23T16:00:00.000Z,San Francisco,ai,2026-08-13
Hack The Bot And Build Your Career,https://lu.ma/9euph8k4,2026-09-25T18:00:00.000Z,San Francisco,ai,2026-08-13
Healthcare AI Hackathon,https://lu.ma/e9z9vuxz,2026-09-26T17:00:00.000Z,San Francisco,ai,2026-08-13
AI 101 Series: The AI Agent That Runs Your Funnel While You Sleep,https://lu.ma/v5j69iax,2026-10-01T01:00:00.000Z,San Francisco,ai,2026-08-13
"Vox Populi, Vox Machina: Civic Engagement in the Age of AI",https://lu.ma/tdsxzz7p,2026-08-13T22:30:00.000Z,New York,ai,2026-08-13
Informationbanker Fintech & AI networking walk,https://lu.ma/h6b700uz,2026-08-16T19:00:00.000Z,New York,ai,2026-08-13
[MAI Friends] Performance Media Meets AI @ Keen's,https://lu.ma/9dj9m83a,2026-08-19T22:00:00.000Z,New York,ai,2026-08-13
Next Gen Hospital x Percepta Rooftop Happy Hour,https://lu.ma/64mvj5gu,2026-08-19T22:00:00.000Z,New York,ai,2026-08-13
No Sandbox: AI Agents in High-Stakes Industries,https://lu.ma/zdpgkshi,2026-08-19T22:00:00.000Z,New York,ai,2026-08-13
Shelf Operators Club - NYC - August Edition,https://lu.ma/jfmpxezf,2026-08-20T20:30:00.000Z,New York,ai,2026-08-13
CoClaude & CoWork NYC (Ops Edition),https://lu.ma/5in29hpc,2026-08-26T14:00:00.000Z,New York,ai,2026-08-13
NJ AI Collective Kickoff,https://lu.ma/aic-nj-8-27,2026-08-27T22:00:00.000Z,New York,ai,2026-08-13
The Self-Driving Product: Merge x PostHog Technical Talks,https://lu.ma/gfn0jy68,2026-08-27T22:00:00.000Z,New York,ai,2026-08-13
In The Loop 008 (NYC),https://lu.ma/fqmav4nb,2026-08-28T13:30:00.000Z,New York,ai,2026-08-13
PMAI: Sell Me This AI - A No BS Sales Workshop,https://lu.ma/py7all8p,2026-09-03T22:00:00.000Z,New York,ai,2026-08-13
City Sessions by Taxbit - An NYC Practitioner Event,https://lu.ma/digital-accord-nyc-2026,2026-09-14T14:30:00.000Z,New York,ai,2026-08-13
Taco Tech Tuesday Venture Week Edition 💼🌮,https://lu.ma/diqrycm2,2026-09-15T21:30:00.000Z,New York,ai,2026-08-13
The Data Center Dilemma: Building Smart Policy for the AI Era,https://lu.ma/qkfpli2p,2026-09-22T18:00:00.000Z,New York,ai,2026-08-13
ECLC's AI Summit for Transformation Leaders,https://lu.ma/nyc2026,2026-10-08T11:30:00.000Z,New York,ai,2026-08-13
VOICE AI Gathering LONDON,https://lu.ma/voiceailondon,2026-08-20T17:30:00.000Z,London,ai,2026-08-13
UK AI Agent lab: Gemini Edition,https://lu.ma/7srz7k7v,2026-08-22T09:00:00.000Z,London,ai,2026-08-13
Future Capital & Trends: AI Leaders,https://lu.ma/m7dpymf4,2026-09-02T16:00:00.000Z,London,ai,2026-08-13
Creative Machines #2 | Hosted by Dessn,https://lu.ma/9hgm8yr2,2026-09-09T17:00:00.000Z,London,ai,2026-08-13
GEO Masterclass,https://lu.ma/4scqgu4c,2026-09-29T08:00:00.000Z,London,ai,2026-08-13
BRAIN Robotics MeetUp Berlin,https://lu.ma/q2h5rlym,2026-08-13T17:00:00.000Z,Berlin,ai,2026-08-13
ACT Berlin #10 (AI Coworking Tuesday),https://lu.ma/act10,2026-08-18T07:30:00.000Z,Berlin,ai,2026-08-13
UNCONFERENCE: Engineering AI Together #9,https://lu.ma/unconference_9,2026-08-19T16:00:00.000Z,Berlin,ai,2026-08-13
"FA/CoS Panel: AI, Company OS & GTM",https://lu.ma/4aqqv0r8,2026-08-24T16:30:00.000Z,Berlin,ai,2026-08-13
Designing for Agents ⟡ When Psychology Meets UX,https://lu.ma/vmi0qc8s,2026-08-25T16:00:00.000Z,Berlin,ai,2026-08-13
Sundowner Sessions: The Changing Role of Engineering Teams in the Age of AI,https://lu.ma/qare6om8,2026-08-26T16:00:00.000Z,Berlin,ai,2026-08-13
AI Energy Breakfast: Energy Solutions for German Industry,https://lu.ma/hn88im1a,2026-09-15T07:00:00.000Z,Berlin,ai,2026-08-13
Lanzamiento de Postulación Asistida con IA: velocidad y precisión para tus ofertas,https://lu.ma/pun4ib7w,2026-08-28T15:00:00.000Z,Lima,ai,2026-08-13
The AI for Operators Workshop - Austin,https://lu.ma/ln5fwdtp,2026-08-19T17:15:00.000Z,Austin,ai,2026-08-13
Bharat ka Independence Day 🇮🇳,https://lu.ma/xotv3nal,2026-08-15T19:00:00.000Z,San Francisco,tech,2026-08-14
Independence Day Founders Networking Night,https://lu.ma/90qdhhnm,2026-08-16T00:00:00.000Z,San Francisco,tech,2026-08-14
consumer founder michelin dinner @photon,https://lu.ma/q252ni0c,2026-08-19T02:00:00.000Z,San Francisco,tech,2026-08-14
JPMorgan Innovation Economy Connect @ Park Padel,https://lu.ma/su2qco99,2026-08-19T23:45:00.000Z,San Francisco,tech,2026-08-14
CISO Strategy Salon - Palo Alto,https://lu.ma/9umiqfio,2026-08-20T00:30:00.000Z,San Francisco,tech,2026-08-14
Small Teams. Big Expectations. A Dinner for Modern People Leaders,https://lu.ma/ckdk46zt,2026-08-20T00:30:00.000Z,San Francisco,tech,2026-08-14
Operators to Creators: Content Creation as a Side Hustle,https://lu.ma/2ifeajzz,2026-08-20T01:00:00.000Z,San Francisco,tech,2026-08-14
VC x Founder Connect,https://lu.ma/asan-vcfmixer-0826,2026-08-22T01:00:00.000Z,San Francisco,tech,2026-08-14
San Francisco n8n Community Meetup with n8n Founder & CEO Jan Oberhauser,https://lu.ma/n8n-9sxo,2026-08-26T01:00:00.000Z,San Francisco,tech,2026-08-14
Dogfooding Fest,https://lu.ma/r6o4ltx2,2026-08-26T22:00:00.000Z,San Francisco,tech,2026-08-14
Longevity Signals: Can We Detect Cancer Earlier?,https://lu.ma/mito-lucence,2026-08-27T01:00:00.000Z,San Francisco,tech,2026-08-14
Founder Comedy Night,https://lu.ma/rfhhj6vv,2026-08-28T02:00:00.000Z,San Francisco,tech,2026-08-14
Advancements in PatientDerived Organoids,https://lu.ma/li015ca7,2026-08-28T19:00:00.000Z,San Francisco,tech,2026-08-14
GGDS 全球绿色发展联盟 Power Club 高端研讨会,https://lu.ma/1jkw7fg8,2026-08-29T17:30:00.000Z,San Francisco,tech,2026-08-14
An Insider's Look at Accelerator Science at SLAC,https://lu.ma/jc7a5n3n,2026-09-09T01:00:00.000Z,San Francisco,tech,2026-08-14
The First Toast to Dreamforce,https://lu.ma/f7e3ntk2,2026-09-15T00:00:00.000Z,San Francisco,tech,2026-08-14
Grazitti After Hours at Dreamforce 2026,https://lu.ma/iw1s2arm,2026-09-16T00:00:00.000Z,San Francisco,tech,2026-08-14
VCs & Friends Peninsula Happy Hour - Fieldwork - Hosted by Linea and Sponsored by Mercury,https://lu.ma/bfpwifji,2026-09-18T23:00:00.000Z,San Francisco,tech,2026-08-14
Apache Iceberg™ Meetup Bay Area,https://lu.ma/sl6gb2wo,2026-09-24T00:00:00.000Z,San Francisco,tech,2026-08-14
"Private Angel Investor Event, Hosted by Entrepreneurs First",https://lu.ma/wk15x3de,2026-09-25T01:00:00.000Z,San Francisco,tech,2026-08-14
Green Growth: From Seed to Scale,https://lu.ma/berkeley-sl5u,2026-10-02T00:30:00.000Z,San Francisco,tech,2026-08-14
Founder DJ Party,https://lu.ma/41welqxd,2026-10-03T02:00:00.000Z,San Francisco,tech,2026-08-14
SF Founder & Investor Dinner,https://lu.ma/ozrtk4ne,2026-10-06T02:00:00.000Z,San Francisco,tech,2026-08-14
Founder & VC Dinner,https://lu.ma/5s02bosr,2026-10-16T02:00:00.000Z,San Francisco,tech,2026-08-14
Humanmade Hardware Accelerator Demo Day,https://lu.ma/yoytbej3,2026-11-13T01:00:00.000Z,San Francisco,tech,2026-08-14
Coffee & Cowork for Consumer Founders,https://lu.ma/ux62kyjx,2026-08-19T14:00:00.000Z,New York,tech,2026-08-14
⚡ Fractal Weekly Demo Party #5 ⚡,https://lu.ma/9eirex4d,2026-08-19T22:30:00.000Z,New York,tech,2026-08-14
Thiel Fellows x GTM coffee,https://lu.ma/lia3sqkd,2026-08-20T12:30:00.000Z,New York,tech,2026-08-14
Local-First Meetup NY,https://lu.ma/l6faqlnd,2026-08-25T23:00:00.000Z,New York,tech,2026-08-14
BDev Brew & Build NYC - Presented by Justworks,https://lu.ma/yfuou83t,2026-08-26T13:00:00.000Z,New York,tech,2026-08-14
🏵️ Folk Computer August Open House,https://lu.ma/91fmi1b2,2026-08-26T22:00:00.000Z,New York,tech,2026-08-14
NYC PAAH Social: Where PAs & Future PAs Connect,https://lu.ma/c9og7xeq,2026-08-26T22:00:00.000Z,New York,tech,2026-08-14
SUMMER TECH MIXER,https://lu.ma/ep8w6owo,2026-08-26T22:00:00.000Z,New York,tech,2026-08-14
NEW INC Y13 CAMP Day 1,https://lu.ma/08lvhgxr,2026-09-02T14:00:00.000Z,New York,tech,2026-08-14
Tribeca Club Brunch,https://lu.ma/w99ofcw0,2026-09-10T13:30:00.000Z,New York,tech,2026-08-14
Software Founder Omakase w/ Roo Capital,https://lu.ma/n0jczu4g,2026-09-10T22:00:00.000Z,New York,tech,2026-08-14
"The VC playbook for 2027: Fundraising, deal sourcing, due diligence, operations, growing your AUM",https://lu.ma/7jlgp30y,2026-09-14T21:30:00.000Z,New York,tech,2026-08-14
The Vanderbilt Problem (UBS Rooftop Panel),https://lu.ma/vanderbilt,2026-09-15T22:30:00.000Z,New York,tech,2026-08-14
Harmonic Housewarming,https://lu.ma/vc2r5k6d,2026-09-17T22:00:00.000Z,New York,tech,2026-08-14
Climate Week NYC | PCF Studio Sessions: Climatiq x ecoinvent (10:00),https://lu.ma/ynmjnrnj,2026-09-22T14:00:00.000Z,New York,tech,2026-08-14
Super South: Climate Week NYC 2026 | Rivian Space,https://lu.ma/42mwof5g,2026-09-22T16:00:00.000Z,New York,tech,2026-08-14
Climate Week NYC | PCF Studio Sessions: Climatiq x ecoinvent (14:00),https://lu.ma/u8di6eym,2026-09-22T18:00:00.000Z,New York,tech,2026-08-14
"Pitch Day - September 25, 2026",https://lu.ma/o7lur0ks,2026-09-25T19:30:00.000Z,New York,tech,2026-08-14
Startup Pitch & Networking in NYC Manhattan,https://lu.ma/veu074ck,2026-09-30T22:00:00.000Z,New York,tech,2026-08-14
"Pitch Day - November 19, 2026",https://lu.ma/57h6rq31,2026-11-19T20:30:00.000Z,New York,tech,2026-08-14
🏁 Formula E 2026 Hankook London E-Prix,https://lu.ma/oiqked1o,2026-08-15T08:00:00.000Z,London,tech,2026-08-14
Founders Breakfast Club with Corgi & Prodia,https://lu.ma/gx72o4fp,2026-08-19T08:30:00.000Z,London,tech,2026-08-14
"☕ Coffee, Code, and Conversations | Developer Meetup",https://lu.ma/bh0nkxvt,2026-08-20T07:00:00.000Z,London,tech,2026-08-14
Live Coding Meetup,https://lu.ma/lfqcl1hb,2026-08-24T17:30:00.000Z,London,tech,2026-08-14
E-Commerce & Dropshipping Networking for Startups & Professionals,https://lu.ma/ntl-znoi,2026-08-25T17:30:00.000Z,London,tech,2026-08-14
Founders' Cut: Real stories. No edits.,https://lu.ma/z7ym0e5d,2026-08-26T17:15:00.000Z,London,tech,2026-08-14
E-Commerce over Breakfast London,https://lu.ma/17b573ft,2026-08-27T08:00:00.000Z,London,tech,2026-08-14
"Rooftop Night for Founders, Finance,Tech & Business Professionals",https://lu.ma/ntl-ma97,2026-09-01T17:30:00.000Z,London,tech,2026-08-14
Our First Meet Up,https://lu.ma/aul92ziw,2026-09-03T17:00:00.000Z,London,tech,2026-08-14
"Aspiring Female Partners: Atoms, bytes and term sheets",https://lu.ma/9ec1h3qv,2026-09-09T17:00:00.000Z,London,tech,2026-08-14
Caribbean Tech Collective: The Island Social,https://lu.ma/qc8myxik,2026-09-16T17:00:00.000Z,London,tech,2026-08-14
The OT Playbook | Incident Response and Cyber-Physical Resilience,https://lu.ma/a4xd2tca,2026-09-23T17:00:00.000Z,London,tech,2026-08-14
Northzone x First Boots: London Operators Happy Hour & Listening Session,https://lu.ma/3zxtf5ey,2026-09-24T17:30:00.000Z,London,tech,2026-08-14
REALTECH Conference 2026,https://lu.ma/poi6xj1k,2026-10-15T13:00:00.000Z,London,tech,2026-08-14
Monthly Lunch for Ambitious People | Build Your Five | #1,https://lu.ma/so4j6j80,2026-08-20T10:30:00.000Z,Berlin,tech,2026-08-14
SwiftBuddies Berlin #1: The Next Chapter,https://lu.ma/9ysemiph,2026-08-20T16:30:00.000Z,Berlin,tech,2026-08-14
R&D Social Run | 5k Innovation Loop,https://lu.ma/x8dmf1ot,2026-08-24T16:30:00.000Z,Berlin,tech,2026-08-14
Own Your Sales Career! - Berlin Edition | Next Level Event für deinen Karriereerfolg,https://lu.ma/vckv9nda,2026-08-27T16:00:00.000Z,Berlin,tech,2026-08-14
Launch Preview,https://lu.ma/launchpreview,2026-08-28T16:00:00.000Z,Berlin,tech,2026-08-14
Sports Tech Leaders Dinner,https://lu.ma/1nh3buud,2026-08-30T16:30:00.000Z,Berlin,tech,2026-08-14
WiCyS | September Meetup @ Berlin,https://lu.ma/f5csm5bi,2026-09-02T16:30:00.000Z,Berlin,tech,2026-08-14
Freelancer Fridays Meetup,https://lu.ma/5gvtbeq5,2026-09-04T17:00:00.000Z,Berlin,tech,2026-08-14
Django User Group Berlin September Meetup,https://lu.ma/ien3pic1,2026-09-17T17:00:00.000Z,Berlin,tech,2026-08-14
"Aperture Sessions Berlin, sponsored by Paddle",https://lu.ma/huz2sah3,2026-11-11T17:30:00.000Z,Berlin,tech,2026-08-14
VC & Founder Night at the Round Rock Express,https://lu.ma/i88dgslv,2026-08-25T23:00:00.000Z,Austin,tech,2026-08-14
The leadership journey from CRO to CEO,https://lu.ma/1r2vn2g0,2026-09-16T13:30:00.000Z,Austin,tech,2026-08-14
"Second Brain AI Salon #03 — AI, Education & the Future of Intelligent Companions",https://lu.ma/4p3orreg,2026-08-14T22:30:00.000Z,San Francisco,ai,2026-08-14
🦞 ClawCamp SF Summer Summit 🦞,https://lu.ma/clawcamp-sf-summer-camp,2026-08-15T17:00:00.000Z,San Francisco,ai,2026-08-14
Sirius x Open Swarm Hackathon @ Entrepreneurs First,https://lu.ma/l7grfvzp,2026-08-15T17:00:00.000Z,San Francisco,ai,2026-08-14
90/30 Club Reading - Kimi K3: Open Frontier Intelligence,https://lu.ma/qyzjj21d,2026-08-18T02:00:00.000Z,San Francisco,ai,2026-08-14
"Humanoids Beyond the Demo: A Conversation with Nic Radford, Founder & CEO of Persona AI",https://lu.ma/tu1kbg8n,2026-08-19T00:30:00.000Z,San Francisco,ai,2026-08-14
AI Tech & Startup Night — San Francisco,https://lu.ma/v5jxeo8n,2026-08-19T01:00:00.000Z,San Francisco,ai,2026-08-14
Coffee Chat: AI x Personal Growth,https://lu.ma/0ni9i6ul,2026-08-19T21:00:00.000Z,San Francisco,ai,2026-08-14
Bay Area Frontier Research Club #18 | The Cost of Intelligence (dinner + paper discussion @ Pebblebed),https://lu.ma/kse8fa7y,2026-08-20T00:30:00.000Z,San Francisco,ai,2026-08-14
Bay Area: Physical AI and Hardware Happy Hour,https://lu.ma/npmrtipt,2026-08-20T01:00:00.000Z,San Francisco,ai,2026-08-14
HOW NOT TO SLOP?,https://lu.ma/ohc208b7,2026-08-20T01:30:00.000Z,San Francisco,ai,2026-08-14
Lightwheel Sim2Real Party @ACTUATE 2026,https://lu.ma/5wh0mdvz,2026-08-20T02:00:00.000Z,San Francisco,ai,2026-08-14
Claude Coworkshop - San Francisco,https://lu.ma/claude-code-coworkshop-sf-aug-20,2026-08-20T20:00:00.000Z,San Francisco,ai,2026-08-14
"Compute & Caviar – SF, 20 August",https://lu.ma/compute-and-caviar,2026-08-21T01:30:00.000Z,San Francisco,ai,2026-08-14
Vibe Coding Project Showcase｜Vibe Coding 项目分享会,https://lu.ma/8b9shg0d,2026-08-22T21:00:00.000Z,San Francisco,ai,2026-08-14
Trossen Robotics x Stereolabs — Partner Night,https://lu.ma/trossen-stereolabs-partner-night,2026-08-25T01:00:00.000Z,San Francisco,ai,2026-08-14
Train Custom Models with Fireworks & Langchain + SF Happy Hour ⭐,https://lu.ma/phzy304n,2026-08-26T00:00:00.000Z,San Francisco,ai,2026-08-14
Agents at Scale | TinyFish × AWS - Private Dinner #GleanGO26,https://lu.ma/tinyfish-awstinyfish,2026-08-26T02:00:00.000Z,San Francisco,ai,2026-08-14
Trossen x Avea: Partner Night,https://lu.ma/trossen-avea-partner-night,2026-08-27T01:00:00.000Z,San Francisco,ai,2026-08-14
Coffeehouse by Ode with Anthropic,https://lu.ma/coffeehouse-sf-aug-26,2026-08-28T00:30:00.000Z,San Francisco,ai,2026-08-14
Who Will Own The Intelligence Layer?,https://lu.ma/openro-3qtx,2026-08-28T00:30:00.000Z,San Francisco,ai,2026-08-14
Gallery After Dark: Merge x Eragon Founders Happy Hour,https://lu.ma/tjo8mlo3,2026-08-28T01:00:00.000Z,San Francisco,ai,2026-08-14
Qoder × Beta Fund · Agent Factory · Tiny Fish CPO Panel,https://lu.ma/beta-khbp,2026-08-29T16:30:00.000Z,San Francisco,ai,2026-08-14
"Agent Builders Breakfast - Founders & Builders in SOMA, SF",https://lu.ma/m6y70frf,2026-09-03T15:00:00.000Z,San Francisco,ai,2026-08-14
Networking Event: Where Founders Meet Funders,https://lu.ma/superset-c1qs,2026-09-10T00:00:00.000Z,San Francisco,ai,2026-08-14
"Women in AI Executive Dinner: CFOs, Founders & Investors",https://lu.ma/99kdemfa,2026-09-24T01:00:00.000Z,San Francisco,ai,2026-08-14
What Are The Next Frontiers in Foundational and Agentic AI?,https://lu.ma/rethink-z9qn,2026-10-01T00:00:00.000Z,San Francisco,ai,2026-08-14
Hands-on Workshop: Learn vibe coding with Claude | Build Live App in One Afternoon,https://lu.ma/rqvy5pz0,2026-08-14T17:00:00.000Z,New York,ai,2026-08-14
Girlie Pops Who VibeCode,https://lu.ma/onvbphoh,2026-08-19T22:00:00.000Z,New York,ai,2026-08-14
Executive Dinner: Leveraging AI Agents,https://lu.ma/nyc-ai-dinner1,2026-08-19T23:00:00.000Z,New York,ai,2026-08-14
Bonjour Girls in NYC - 聊聊我们在工作和生活中使用 AI 的真实经验,https://lu.ma/bonjour-u15t,2026-08-23T16:30:00.000Z,New York,ai,2026-08-14
The Builders' Table,https://lu.ma/8amn6zmn,2026-08-23T21:00:00.000Z,New York,ai,2026-08-14
The Citizen AI Project,https://lu.ma/m4t4gl57,2026-08-25T21:30:00.000Z,New York,ai,2026-08-14
NYC Finance Drinks,https://lu.ma/f7atooc3,2026-08-27T22:30:00.000Z,New York,ai,2026-08-14
SemiAnalysis Presents: New York Afterhours Unwind,https://lu.ma/semianalysisafterhours,2026-08-27T23:00:00.000Z,New York,ai,2026-08-14
Train Custom Models with Fireworks & Microsoft + NYC Happy Hour ⭐,https://lu.ma/fw.models.nyc,2026-09-02T21:00:00.000Z,New York,ai,2026-08-14
Builders & Birdies,https://lu.ma/ai-wgkp,2026-09-02T22:30:00.000Z,New York,ai,2026-08-14
Amplitude NYC Meetup: From Prototype to Product: Building & Measuring with AI,https://lu.ma/0birq3eo,2026-09-17T12:30:00.000Z,New York,ai,2026-08-14
Investing in Israeli Innovation: Exclusive Private Investor Event,https://lu.ma/vj18y2f7,2026-09-23T22:00:00.000Z,New York,ai,2026-08-14
"GeoAI, Climate Risk and Tacos - The Return to NYC",https://lu.ma/7228mp1h,2026-09-23T22:30:00.000Z,New York,ai,2026-08-14
The Flourish Series: What's Next? #1,https://lu.ma/gcwd48ew,2026-09-25T23:30:00.000Z,New York,ai,2026-08-14
AI Engineers Presents: Fonzi's Founders to Follow,https://lu.ma/ai-8cbf,2026-10-06T22:00:00.000Z,New York,ai,2026-08-14
Rogue AI: Can AI Be Hacked and What To Do About It?,https://lu.ma/c6isgxqj,2026-08-26T17:00:00.000Z,London,ai,2026-08-14
Agentic AI & Technology: Beyond Automation,https://lu.ma/ntl-27kc,2026-09-08T17:30:00.000Z,London,ai,2026-08-14
From Automation to Autonomy: AI's Next Chapter in Financial Services,https://lu.ma/db35td17,2026-09-09T07:30:00.000Z,London,ai,2026-08-14
Beyond AI Coding: Build an Autonomous Product Loop,https://lu.ma/p2ea7ebs,2026-09-10T17:00:00.000Z,London,ai,2026-08-14
AI Adoption Open Mic: Women in AI,https://lu.ma/4roeiqvo,2026-09-15T17:00:00.000Z,London,ai,2026-08-14
WoCS X Canva: The Post-Sales Success Lab London,https://lu.ma/womenofcs-adom,2026-09-16T14:30:00.000Z,London,ai,2026-08-14
"Agents in Production: Trust, Access & Control",https://lu.ma/j3hxpcl5,2026-09-17T17:00:00.000Z,London,ai,2026-08-14
Ask ChatGPT About Your Product: The CMO Dinner,https://lu.ma/7uz216qf,2026-09-23T17:00:00.000Z,London,ai,2026-08-14
Executive Forum: Digitally Enabled Transformation with Stalis and Florida Health Sciences Center,https://lu.ma/stalis-fhsc-forum,2026-10-13T12:00:00.000Z,London,ai,2026-08-14
Build Your First App with Claude Code,https://lu.ma/cu3newy5,2026-08-22T13:00:00.000Z,Berlin,ai,2026-08-14
"An AI Safety and Prosperity Institute for Germany? Security, Growth, and Europe's AI Strategy",https://lu.ma/dhqvw7z5,2026-09-04T16:00:00.000Z,Berlin,ai,2026-08-14
Finance Brunch 'n' Learn,https://lu.ma/kbxp4hi7,2026-09-15T06:15:00.000Z,Berlin,ai,2026-08-14
Builders & Brews Berlin,https://lu.ma/kpdwf7ej,2026-09-29T07:00:00.000Z,Berlin,ai,2026-08-14
DIA 5 - TARDE PRESENCIAL CSWEEKPERU2026 EN AULA MAGNA UTEC,https://lu.ma/eigqifcx,2026-08-14T17:00:00.000Z,Lima,ai,2026-08-14
Warm-Up: DevOpsDays Lima 2026,https://lu.ma/kxlboun3,2026-08-19T23:30:00.000Z,Lima,ai,2026-08-14
Agent Builders Breakfast - Meet other Agent builders,https://lu.ma/atdka4zm,2026-08-18T13:00:00.000Z,Austin,ai,2026-08-14
🚀 ACM Austin + IEEE: August Tech Meetup,https://lu.ma/2qsntwsg,2026-08-26T23:00:00.000Z,Austin,ai,2026-08-14
Austin GILD AI Forum x Tecla: AI and Engineering Leaders Dinner,https://lu.ma/GILD27,2026-09-10T23:00:00.000Z,Austin,ai,2026-08-14
Full Lifecycle AI Software Teams Meetup,https://lu.ma/iwe60d9c,2026-09-22T23:30:00.000Z,Austin,ai,2026-08-14
Flynet Builder Crawl SF,https://lu.ma/flycrawlsf,2026-08-15T23:00:00.000Z,San Francisco,tech,2026-08-15
"Coffee, Connection, & Coworking with Social Impact SF",https://lu.ma/o5ssos6o,2026-08-17T18:00:00.000Z,San Francisco,tech,2026-08-15
Help Me Fix This...with WeAreDevelopers,https://lu.ma/weared-zzo9,2026-08-19T16:00:00.000Z,San Francisco,tech,2026-08-15
After Hours: App Growth Night w/ Playad.ai and Adjust @ ZVC,https://lu.ma/heqw6xty,2026-08-20T00:00:00.000Z,San Francisco,tech,2026-08-15
Bay Area Founders Pitch & Startup Networking,https://lu.ma/txup8dqa,2026-08-20T00:00:00.000Z,San Francisco,tech,2026-08-15
Noisebridge Nix Night,https://lu.ma/vlkipdmt,2026-08-20T02:00:00.000Z,San Francisco,tech,2026-08-15
Experience Nosh Robo-Chef Live,https://lu.ma/6ysov3de,2026-08-20T18:00:00.000Z,San Francisco,tech,2026-08-15
Down from London: Granola Marketing,https://lu.ma/granola-marketing,2026-08-21T01:00:00.000Z,San Francisco,tech,2026-08-15
How to get press without a PR agency,https://lu.ma/mftr5vet,2026-08-27T00:30:00.000Z,San Francisco,tech,2026-08-15
TECH BUT BLACK COFFEE MEET,https://lu.ma/3uul7f52,2026-08-27T18:00:00.000Z,San Francisco,tech,2026-08-15
Trossen Robotics x Proprio Robotics x LiveKit — Partner Night,https://lu.ma/trossen-proprio-livekit,2026-08-28T01:00:00.000Z,San Francisco,tech,2026-08-15
From Setup to Screening – Streamlined Workflows with the ID7000™ Spectral Cell Analyzer,https://lu.ma/7q7ybkbo,2026-09-01T19:30:00.000Z,San Francisco,tech,2026-08-15
Scaling Globally: A Deep Tech Networking Night,https://lu.ma/a8skpluk,2026-09-03T00:30:00.000Z,San Francisco,tech,2026-08-15
Zen Mind for GTM,https://lu.ma/talok-7nh0,2026-09-08T00:00:00.000Z,San Francisco,tech,2026-08-15
Rebel X Rho Networking Night,https://lu.ma/tzr0ee2v,2026-09-10T01:30:00.000Z,San Francisco,tech,2026-08-15
Cocktails with Lyra | YC Demo Day Afterparty,https://lu.ma/rco06s30,2026-09-12T02:00:00.000Z,San Francisco,tech,2026-08-15
Korean Power Grid Delegation 2026,https://lu.ma/kr_powergrid,2026-09-15T19:00:00.000Z,San Francisco,tech,2026-08-15
YC F26 Welcoming Yacht Party,https://lu.ma/dp0adags,2026-09-21T00:30:00.000Z,San Francisco,tech,2026-08-15
October - Founders Walking Meeting - Sausalito,https://lu.ma/w13fyc15,2026-10-01T23:00:00.000Z,San Francisco,tech,2026-08-15
SREday San Francisco 2026 Q4,https://lu.ma/sreday-san-francisco-2026-q4,2026-10-02T07:00:00.000Z,San Francisco,tech,2026-08-15
CRE Titans Talk Life Sciences with the Godmother of Modern-Day Society,https://lu.ma/1lxq10dv,2026-12-10T18:00:00.000Z,San Francisco,tech,2026-08-15
⚕️ HealthTech Week ⚕️ Startup Pitch Competition (@JPM) in Partnership MedStartr,https://lu.ma/HT27Pitch,2027-01-13T01:00:00.000Z,San Francisco,tech,2026-08-15
Monday Founders Coworking Pod,https://lu.ma/08kjvbyo,2026-08-17T14:00:00.000Z,New York,tech,2026-08-15
NYC Founders & Operators: Coffee & Co-Working,https://lu.ma/o6uiico3,2026-08-18T12:00:00.000Z,New York,tech,2026-08-15
"Paint, Sip, And Ship",https://lu.ma/c5xaynx9,2026-08-20T22:00:00.000Z,New York,tech,2026-08-15
XTC August,https://lu.ma/29hcwg7q,2026-08-25T22:00:00.000Z,New York,tech,2026-08-15
August Tech Rooftop Mixer (Hosted by Andrew Yeung),https://lu.ma/rooftopmixeraugust,2026-08-25T22:30:00.000Z,New York,tech,2026-08-15
3D Printing 101 at Fat Cat Fab Lab,https://lu.ma/evoe2eaq,2026-08-25T23:00:00.000Z,New York,tech,2026-08-15
Beta to Launch Strategy with Zoe Chamberlin,https://lu.ma/nj0suuvp,2026-08-27T17:00:00.000Z,New York,tech,2026-08-15
The Flâneur Walk #7: Urban wandering and conversation,https://lu.ma/flpo5szk,2026-08-27T23:00:00.000Z,New York,tech,2026-08-15
Tech Happy Hour by Startup Grind,https://lu.ma/7tkuh2d6,2026-08-28T21:00:00.000Z,New York,tech,2026-08-15
September Social,https://lu.ma/bru67v55,2026-09-01T22:30:00.000Z,New York,tech,2026-08-15
Gatlin Robotics: Physical AI Demo & Happy Hour,https://lu.ma/bxbg8t59,2026-09-03T21:00:00.000Z,New York,tech,2026-08-15
Founding GTM Table - NYC,https://lu.ma/wesdd2hk,2026-09-09T22:30:00.000Z,New York,tech,2026-08-15
CX in Motion NYC: Barry’s with Horatio,https://lu.ma/j7esvpiz,2026-09-10T11:00:00.000Z,New York,tech,2026-08-15
"TechWalk | Queens, 9/19",https://lu.ma/869s8ub9,2026-09-19T21:30:00.000Z,New York,tech,2026-08-15
Seeding the Energy Future: Curated Happy Hour & Lawn Bowling for Emerging Managers and Energy LPs,https://lu.ma/4vcst9ra,2026-09-22T20:00:00.000Z,New York,tech,2026-08-15
Expo AI NYC Meetup x Infinite Red x Chime,https://lu.ma/fegsycpl,2026-09-24T21:30:00.000Z,New York,tech,2026-08-15
NYC CISO dinner,https://lu.ma/7dupfp5c,2026-10-14T23:00:00.000Z,New York,tech,2026-08-15
BSidesNYC rooftop happy hour,https://lu.ma/sau7mk8l,2026-10-15T21:30:00.000Z,New York,tech,2026-08-15
ScaleNYC Summit | Supermoon,https://lu.ma/x1e8ptj7,2026-10-21T14:00:00.000Z,New York,tech,2026-08-15
Muppies London - Summer Picnic,https://lu.ma/muppies-vmzw,2026-08-15T13:00:00.000Z,London,tech,2026-08-15
Weekly football 7-aside by Granola!,https://lu.ma/3cims7mm,2026-08-19T17:20:00.000Z,London,tech,2026-08-15
Introduction to Electronics and Computing,https://lu.ma/zfsofx2a,2026-08-20T13:00:00.000Z,London,tech,2026-08-15
ANTLER NEXT-GEN: Founder Fridays,https://lu.ma/a2703d22,2026-08-21T08:00:00.000Z,London,tech,2026-08-15
Convo #01: Share Your Story,https://lu.ma/hfyzik2q,2026-08-24T17:00:00.000Z,London,tech,2026-08-15
Introduction to Electronics and Computing,https://lu.ma/i7y7zkag,2026-08-27T13:00:00.000Z,London,tech,2026-08-15
London EVO VC & Startups Social - Rooftop,https://lu.ma/6lvsavg8,2026-08-28T17:30:00.000Z,London,tech,2026-08-15
"Life Science, Digital Health, Research Frontiers - Startups & Professionals",https://lu.ma/ntl-1nsm,2026-09-08T17:30:00.000Z,London,tech,2026-08-15
From Lab to Lasting: Building Life Science and Biotech Companies That Endure,https://lu.ma/novabook-lyef,2026-09-09T17:00:00.000Z,London,tech,2026-08-15
RedThread x Bloom&Wild x Eka,https://lu.ma/a97e4z68,2026-09-10T17:00:00.000Z,London,tech,2026-08-15
Next Generation Health Tech,https://lu.ma/54v6pp4e,2026-09-24T16:30:00.000Z,London,tech,2026-08-15
Founders Meetup London (Remixed) - September 2026,https://lu.ma/kaheaew6,2026-09-30T16:30:00.000Z,London,tech,2026-08-15
“Building Companies That Matter: From First Idea to Global Impact” with Lukasz Gadowski,https://lu.ma/ah73p3lj,2026-08-27T08:00:00.000Z,Berlin,tech,2026-08-15
DRIVE Berlin: Building hardtech mobility - from Berlin to Europe,https://lu.ma/sx5i6eqh,2026-09-08T15:00:00.000Z,Berlin,tech,2026-08-15
From Circuit to Product: WE Day at MotionLab.Berlin,https://lu.ma/xmqtr22k,2026-09-24T08:00:00.000Z,Berlin,tech,2026-08-15
PROPHECY - HACKATHON LISTENING SESION,https://lu.ma/keve0rbm,2026-08-15T16:30:00.000Z,Lima,tech,2026-08-15
Workshop: Introducción a la computación cuántica,https://lu.ma/73hh8hpu,2026-08-15T17:00:00.000Z,Lima,tech,2026-08-15
Workshop: Q-Day - Are You Shor You're Ready?,https://lu.ma/azxbqx8m,2026-08-15T17:00:00.000Z,Lima,tech,2026-08-15
Girl Therapy | Nervous System Reset,https://lu.ma/creative-1gus,2026-08-19T23:30:00.000Z,Austin,tech,2026-08-15
"fnAustin Summer Happy Hour (August 20, 2026)",https://lu.ma/founders-0g28,2026-08-20T22:00:00.000Z,Austin,tech,2026-08-15
Networking Night,https://lu.ma/1h45tapw,2026-08-27T22:00:00.000Z,Austin,tech,2026-08-15
Founder Sessions - Austin,https://lu.ma/8k2h1une,2026-09-04T15:00:00.000Z,Austin,tech,2026-08-15
Zero-Human Company Hackathon by Terac,https://lu.ma/d7vavxhk,2026-08-15T15:30:00.000Z,San Francisco,ai,2026-08-15
Blueprint II Preview: Physical AI @ Founders Inc.,https://lu.ma/blueprint-preview,2026-08-18T20:00:00.000Z,San Francisco,ai,2026-08-15
Learning Layer Paper Reading Club - Week 28 - BDH-CQ: In-Context Learning with Recurrent Latent Reasoning,https://lu.ma/learning-0gra,2026-08-19T00:00:00.000Z,San Francisco,ai,2026-08-15
AI Founder Supper Club with ElevenLabs x Communitas Capital x NGVP,https://lu.ma/eleven-0mqc,2026-08-19T01:30:00.000Z,San Francisco,ai,2026-08-15
The AI Whistleblower Initiative Happy Hour,https://lu.ma/bluedot-aiwi-inperson,2026-08-20T01:30:00.000Z,San Francisco,ai,2026-08-15
SAP x Prismforce Executive Connect: Building an AI-Ready Workforce – Cocktails & Networking Dinner,https://lu.ma/gemweji2,2026-08-27T00:30:00.000Z,San Francisco,ai,2026-08-15
Punk Software Hack Night: LLM Freemaxxing,https://lu.ma/pnf1qf3g,2026-08-28T01:00:00.000Z,San Francisco,ai,2026-08-15
"Women + AI: An SF Dinner Party Series, Get Rich(er)",https://lu.ma/ibc3xn6u,2026-08-28T01:30:00.000Z,San Francisco,ai,2026-08-15
"Open Weights AI Summit Featuring Aaron Levie, Co-founder & CEO of Box",https://lu.ma/tribechat-peg5,2026-09-01T22:00:00.000Z,San Francisco,ai,2026-08-15
Frontier Signals #02: What Will AI Learn Next?,https://lu.ma/kce3d5nr,2026-09-03T00:00:00.000Z,San Francisco,ai,2026-08-15
Bay Area Frontier Research Club #22 | Robotics & Embodied AI (dinner + paper discussion @ Mission Robotics),https://lu.ma/7wv4khq9,2026-09-10T00:30:00.000Z,San Francisco,ai,2026-08-15
"Agentic PM Kickoff w/ PostHog, Linear, Supabase & Dreambase",https://lu.ma/posthog-tpmz,2026-09-10T01:00:00.000Z,San Francisco,ai,2026-08-15
Agentic Commerce: Designing the Next Business Infrastructure,https://lu.ma/ucan-2026,2026-09-13T21:00:00.000Z,San Francisco,ai,2026-08-15
Grace Gong x Nebius x WilmerHale Dinner [Venture with Grace CEO Club],https://lu.ma/qjiv6a44,2026-09-17T00:30:00.000Z,San Francisco,ai,2026-08-15
The AI Hustle: Happy Hour for Startup Founders & VCs,https://lu.ma/oxdclnlj,2026-09-23T01:00:00.000Z,San Francisco,ai,2026-08-15
Wine Down with Women in ML - Encord,https://lu.ma/winedown,2026-09-25T01:00:00.000Z,San Francisco,ai,2026-08-15
"Daytona & Oracle AI Builders - SF, October 2026",https://lu.ma/ai-builders-sf-oct,2026-10-21T00:30:00.000Z,San Francisco,ai,2026-08-15
Harvard AI In Healthcare Happy Hour,https://lu.ma/l42azxuc,2026-08-17T21:00:00.000Z,New York,ai,2026-08-15
AI x GTM Meetup | NYC,https://lu.ma/phdzazbg,2026-08-19T18:00:00.000Z,New York,ai,2026-08-15
Private Creator Evening: 친구 Chingu,https://lu.ma/siwhanx2,2026-08-20T22:30:00.000Z,New York,ai,2026-08-15
"Blockchain Tuesday: AI, Quantum & Trading - Is Technology Moving Faster Than Security?",https://lu.ma/conflux-3yt1,2026-08-25T21:30:00.000Z,New York,ai,2026-08-15
AI Socratic — Escaping the Sandbox,https://lu.ma/ai-august,2026-08-25T22:00:00.000Z,New York,ai,2026-08-15
The AI Workflow Exchange: Live Builder Demos by Startup Grind,https://lu.ma/startup-xjit,2026-08-25T22:00:00.000Z,New York,ai,2026-08-15
Executive Dinner: Leveraging AI Agents,https://lu.ma/nj-ai-dinner,2026-08-25T23:00:00.000Z,New York,ai,2026-08-15
Betting on Open Source: Post-Training Models in Production with EliseAI & Baseten,https://lu.ma/d0mgbl4c,2026-08-31T22:00:00.000Z,New York,ai,2026-08-15
Beyond the Blueprint | With Bizzen,https://lu.ma/259jpvsz,2026-09-17T21:30:00.000Z,New York,ai,2026-08-15
2026 State of Supply Chain Sustainability Report Launch,https://lu.ma/0abvqxra,2026-09-23T15:00:00.000Z,New York,ai,2026-08-15
Context Engineering Guild: October Edition,https://lu.ma/atva1h3x,2026-10-10T18:00:00.000Z,New York,ai,2026-08-15
Context Engineering Guild: November Edition,https://lu.ma/gl8rycz0,2026-11-08T19:00:00.000Z,New York,ai,2026-08-15
"AI, Unfiltered: London",https://lu.ma/ao6vmoqp,2026-08-19T16:00:00.000Z,London,ai,2026-08-15
Build with AI. Build on Blockchain.,https://lu.ma/q763neb5,2026-08-20T16:30:00.000Z,London,ai,2026-08-15
AI Breakfast Club,https://lu.ma/ih9dn834,2026-09-01T07:30:00.000Z,London,ai,2026-08-15
🌸 Women Creators × AI Evening,https://lu.ma/d6n98q5j,2026-09-04T17:00:00.000Z,London,ai,2026-08-15
"Talent~People, AI Workshop | Headhunt like a Search Firm, with Claude",https://lu.ma/w00n01uq,2026-09-10T07:30:00.000Z,London,ai,2026-08-15
"Sharpen Your Edge: AI, Multi-Threading, and the Skills That Win Revenue Careers",https://lu.ma/gtstrko0,2026-09-16T17:30:00.000Z,London,ai,2026-08-15
Elyos AI: Dinner club Simprosium special,https://lu.ma/phj5qt9v,2026-09-22T18:00:00.000Z,London,ai,2026-08-15
London | Claude Founder House: Builder Cohort,https://lu.ma/claude-hd83,2026-09-23T13:00:00.000Z,London,ai,2026-08-15
The GrowthKind: Building Your AI Marketing Roadmap,https://lu.ma/nd7hsu8c,2026-09-24T08:00:00.000Z,London,ai,2026-08-15
Marketing for the AI Founder,https://lu.ma/ef6enffk,2026-08-28T14:00:00.000Z,Berlin,ai,2026-08-15
AI Automation with n8n: Build Smarter Workflows for Your Work ⚙️,https://lu.ma/co-d5xh,2026-09-05T09:30:00.000Z,Berlin,ai,2026-08-15
"Workshop: Agentes de IA en Blockchain usando Azure, IaC con Bicep y componentes Serverless para desplegar la web y MCP",https://lu.ma/qizj9ku1,2026-08-15T18:30:00.000Z,Lima,ai,2026-08-15
Workshop: Del diseño al prototipo en un solo flujo con Google Stitch + Antigravityx,https://lu.ma/k6ljlpsg,2026-08-15T18:30:00.000Z,Lima,ai,2026-08-15
Workshop: Desarrolla tu primer agente especializado con Claude,https://lu.ma/8v0qnbc5,2026-08-15T20:00:00.000Z,Lima,ai,2026-08-15
Workshop: Generative UI ¿Y si una aplicación no tuviera que mostrarle la misma interfaz a todos sus usuarios?,https://lu.ma/6y29ln1y,2026-08-15T20:00:00.000Z,Lima,ai,2026-08-15
Austin | Configure a governed Claude Code agent | Build & Brew,https://lu.ma/iquhe6lo,2026-08-19T22:30:00.000Z,Austin,ai,2026-08-15
AI Tech & Startup Night — Austin,https://lu.ma/uh4i5zsg,2026-08-19T23:00:00.000Z,Austin,ai,2026-08-15
The Larger Half: AI at Work for People Who Don't Code,https://lu.ma/x29fvhe8,2026-08-24T23:00:00.000Z,Austin,ai,2026-08-15
Community Coworking + Social Media Glow-Up,https://lu.ma/uzp9umdx,2026-08-28T15:00:00.000Z,Austin,ai,2026-08-15
"Founders Workshop: Growth, Go-to-Market, and Marketing Masterclass",https://lu.ma/aakwusvj,2026-08-16T21:00:00.000Z,San Francisco,tech,2026-08-16
SF Formal Math with Lean,https://lu.ma/8bm64t4e,2026-08-18T02:00:00.000Z,San Francisco,tech,2026-08-16
UX/UI For The Commons,https://lu.ma/id5hec71,2026-08-19T01:30:00.000Z,San Francisco,tech,2026-08-16
Native Reading Room SF – #8,https://lu.ma/uyrd12ix,2026-08-20T01:30:00.000Z,San Francisco,tech,2026-08-16
Solo Founders Bay Area Meetup,https://lu.ma/gm2z5j2i,2026-08-20T17:00:00.000Z,San Francisco,tech,2026-08-16
SF Film Club: Producing (#5),https://lu.ma/leujpps3,2026-08-21T01:30:00.000Z,San Francisco,tech,2026-08-16
After Hours @ Long Journey 8/26,https://lu.ma/7g98nkh9,2026-08-27T02:00:00.000Z,San Francisco,tech,2026-08-16
CISO Strategy Salon - Silicon Valley,https://lu.ma/hgy5gau1,2026-09-03T00:30:00.000Z,San Francisco,tech,2026-08-16
No Limit: Executive Poker Tournament,https://lu.ma/unify-mmgw,2026-09-11T01:00:00.000Z,San Francisco,tech,2026-08-16
you’re invited to dinner.,https://lu.ma/et5d8e56,2026-08-20T00:00:00.000Z,New York,tech,2026-08-16
BCVP & Orrick Founder Coffee/Bagels,https://lu.ma/9n0rmi1z,2026-08-26T12:30:00.000Z,New York,tech,2026-08-16
Founder Dinner,https://lu.ma/396a7lr0,2026-08-26T22:30:00.000Z,New York,tech,2026-08-16
"Data, Drinks, & Dives",https://lu.ma/motherduck-nyc-drinks-aug27,2026-08-27T21:30:00.000Z,New York,tech,2026-08-16
Ruby Hack Night,https://lu.ma/zj8wo2w0,2026-09-02T22:00:00.000Z,New York,tech,2026-08-16
/dev/color NYC EOY: Holiday Mixer,https://lu.ma/wlcc4hj0,2026-12-10T23:00:00.000Z,New York,tech,2026-08-16
Scaling Health & Tech Startups in 2026,https://lu.ma/gp0fnz93,2026-08-18T17:00:00.000Z,London,tech,2026-08-16
"Fashion, Retail & Brand Networking for Business Professionals",https://lu.ma/ntl-gadp,2026-08-25T17:30:00.000Z,London,tech,2026-08-16
"London SME Networking Event | Business Owners, Founders & Professionals",https://lu.ma/ntl-qwjk,2026-09-01T17:30:00.000Z,London,tech,2026-08-16
"Startup Funding & Networking: VCs, Angels & Founders",https://lu.ma/ntl-7t29,2026-09-01T17:30:00.000Z,London,tech,2026-08-16
Digital Marketing & Business Growth Networking for Startups & Professionals,https://lu.ma/ntl-rbta,2026-09-15T17:30:00.000Z,London,tech,2026-08-16
"Startup Funding & Networking: VCs, Angels & Founders",https://lu.ma/ntl-2zcv,2026-09-29T17:30:00.000Z,London,tech,2026-08-16
Endorphins & Exchanges – Founders Co-work & Run,https://lu.ma/kmfq8j1y,2026-08-17T07:00:00.000Z,Berlin,tech,2026-08-16
build fridays berlin - work on your startup alongside others (bring laptop),https://lu.ma/9epqe7ai,2026-08-21T14:00:00.000Z,Berlin,tech,2026-08-16
FERIA DE PROYECTOS DE INNOVACIÓN | MAKE IT HAPPEN,https://lu.ma/o3f8hkmp,2026-09-02T14:00:00.000Z,Lima,tech,2026-08-16
Out in Tech Austin: September Mixer,https://lu.ma/io7lhkpo,2026-09-16T00:00:00.000Z,Austin,tech,2026-08-16
pAIthon Meetup,https://lu.ma/uf96q4yi,2026-08-19T01:30:00.000Z,San Francisco,ai,2026-08-16
Build from Dock: From Intrapreneur to Founder,https://lu.ma/rbsmrjl0,2026-08-20T00:00:00.000Z,San Francisco,ai,2026-08-16
The Reserve by Founder Social Club with HydraDB,https://lu.ma/95jql7sy,2026-08-20T01:00:00.000Z,San Francisco,ai,2026-08-16
VOICE AI Gathering SAN FRANCISCO,https://lu.ma/voiceaisanfrancisco,2026-08-21T01:30:00.000Z,San Francisco,ai,2026-08-16
merge(happy_hour) -> open_inference,https://lu.ma/fufg0bg5,2026-08-27T01:00:00.000Z,San Francisco,ai,2026-08-16
AI Infrastructure Roundtable,https://lu.ma/tech-5mtl,2026-08-28T00:30:00.000Z,San Francisco,ai,2026-08-16
"Human Longevity: AI, Genomics & the Future of Preventive Health",https://lu.ma/9koht2am,2026-08-28T01:00:00.000Z,San Francisco,ai,2026-08-16
Bay Area AI+car hackathon,https://lu.ma/rzb0plq0,2026-08-30T17:00:00.000Z,San Francisco,ai,2026-08-16
Bay Area AI Artists Group Monthly Meeting,https://lu.ma/r5ai9mfd,2026-09-09T01:00:00.000Z,San Francisco,ai,2026-08-16
AI Agent Workshop: An AI-Native SDLC with Claude Code,https://lu.ma/sep-workshop-claude-code,2026-09-29T22:00:00.000Z,San Francisco,ai,2026-08-16
"Customer Workflows Reimagined: AI, Orchestration, and the Next Customer Organization",https://lu.ma/css2910,2026-10-29T23:00:00.000Z,San Francisco,ai,2026-08-16
Funding the Commons Forum: San Francisco,https://lu.ma/ftcforum-sf-2026,2026-11-07T17:00:00.000Z,San Francisco,ai,2026-08-16
Tech x Market Decoders,https://lu.ma/vc580sof,2026-08-18T12:30:00.000Z,New York,ai,2026-08-16
Tribeca Penthouse Potluck,https://lu.ma/8crxuyss,2026-08-23T16:00:00.000Z,New York,ai,2026-08-16
"TechTalk Connect 2026: Get Hired, Promoted and Paid in the AI Era",https://lu.ma/4ompjjcq,2026-09-15T16:30:00.000Z,London,ai,2026-08-16
"Building an AI-Native GTM Org with Rippling, Clay and Cherry Ventures",https://lu.ma/38u74ir0,2026-09-16T07:30:00.000Z,London,ai,2026-08-16
AI Film Meets AI Music Culture,https://lu.ma/2igyy51v,2026-08-26T07:00:00.000Z,Berlin,ai,2026-08-16
Hackathon Kchimbo,https://lu.ma/j6m2sund,2026-08-27T17:00:00.000Z,Lima,ai,2026-08-16
Site-Specialist Robots: A Coffee Chat with the Percept Team,https://lu.ma/s6o0jite,2026-08-18T14:00:00.000Z,San Francisco,tech,2026-08-17
Experience Nosh Robo-Chef Live,https://lu.ma/e4xydbb1,2026-08-20T22:30:00.000Z,San Francisco,tech,2026-08-17
Founders Inc: Open Campus (Festival Edition),https://lu.ma/open-campus-18,2026-08-21T00:00:00.000Z,San Francisco,tech,2026-08-17
UnCommon Incubator Infosession,https://lu.ma/zoe0mw5p,2026-08-21T00:00:00.000Z,San Francisco,tech,2026-08-17
Ornn x General Compute Dinner,https://lu.ma/xsq81fee,2026-08-27T02:00:00.000Z,San Francisco,tech,2026-08-17
Silicon Valley 2026 Venture Capital World Summit,https://lu.ma/hp4joq8l,2026-09-22T20:00:00.000Z,San Francisco,tech,2026-08-17
Girls Into VC NYC Coffee Hang,https://lu.ma/f3g7nnhp,2026-08-29T18:00:00.000Z,New York,tech,2026-08-17
NYFW: CCP Fashion Festival,https://lu.ma/l9facoy5,2026-09-13T21:00:00.000Z,New York,tech,2026-08-17
NJ Code & Coffee - September meetup,https://lu.ma/gmf0getl,2026-09-19T18:00:00.000Z,New York,tech,2026-08-17
Introduction to Electronics and Computing,https://lu.ma/6xhst8d8,2026-08-19T09:00:00.000Z,London,tech,2026-08-17
AlgoRhythms,https://lu.ma/fs7xmpax,2026-09-02T17:30:00.000Z,London,tech,2026-08-17
Real Estate / PropTech Beers vol. 2,https://lu.ma/5ldpkw2q,2026-09-08T17:00:00.000Z,London,tech,2026-08-17
Secret Supper: Berlin,https://lu.ma/z2ytdrm0,2026-08-17T17:00:00.000Z,Berlin,tech,2026-08-17
Fireside Chat with Claudio Flores (Mimotype Technologies),https://lu.ma/gacmc35b,2026-08-18T15:30:00.000Z,Berlin,tech,2026-08-17
Startups Support & Mind Clarity Group | Week's Topic: Willpower + Reflections & Meditations,https://lu.ma/8o2ce954,2026-08-18T17:30:00.000Z,Berlin,tech,2026-08-17
Founders Summer Hike & Lake,https://lu.ma/ed575u5a,2026-08-22T09:00:00.000Z,Berlin,tech,2026-08-17
Signals & Spirits: AIRIA @ Fed Supernova,https://lu.ma/m4ph98hc,2026-08-19T23:00:00.000Z,Austin,tech,2026-08-17
Pitch and Run ATX: Founder Series,https://lu.ma/a3xqew6s,2026-08-21T13:00:00.000Z,Austin,tech,2026-08-17
Texas Venture Fest Block Party! (open),https://lu.ma/rfsfest,2026-10-01T21:30:00.000Z,Austin,tech,2026-08-17
South Asians in Robotics,https://lu.ma/asan-sar-0826,2026-08-18T01:30:00.000Z,San Francisco,ai,2026-08-17
ModCon 2026: Official Keynote Watch Party in Los Altos,https://lu.ma/modcon-watch-party,2026-08-18T15:45:00.000Z,San Francisco,ai,2026-08-17
"Emergent Builders & Bites EP 2. - Bring an Idea, Start Building IRL",https://lu.ma/1rey3zhf,2026-08-19T01:00:00.000Z,San Francisco,ai,2026-08-17
Founders Inc: Open Campus (re:Agent Edition),https://lu.ma/open-campus-17,2026-08-20T00:00:00.000Z,San Francisco,ai,2026-08-17
亚洲AI创投观察-中文活动,https://lu.ma/seamate-b902,2026-08-21T00:00:00.000Z,San Francisco,ai,2026-08-17
Gemini Meetup,https://lu.ma/geminimeetup,2026-08-22T00:00:00.000Z,San Francisco,ai,2026-08-17
The AI Trust: Compliance as Competitive Advantage,https://lu.ma/38trgxbu,2026-08-22T18:00:00.000Z,San Francisco,ai,2026-08-17
GTM Engineering Talks - AI Agents #15,https://lu.ma/rzzj6ojy,2026-08-24T22:00:00.000Z,San Francisco,ai,2026-08-17
ClawCamp Campfire - Step SF Week Edition,https://lu.ma/clawcamp-stepsf,2026-08-25T01:00:00.000Z,San Francisco,ai,2026-08-17
"From the Frontlines: Technical Talks with FDE Leaders | by Factory, Reducto, & Exa",https://lu.ma/factoryai-7w55,2026-08-28T00:00:00.000Z,San Francisco,ai,2026-08-17
AI Executive Salon: Santa Clara Edition by Mirantis & Netris,https://lu.ma/ai-exec-salon-santa-clara-aiinfra,2026-09-16T01:00:00.000Z,San Francisco,ai,2026-08-17
Write to your representative about AI Safety,https://lu.ma/uack1h4o,2026-08-27T22:00:00.000Z,New York,ai,2026-08-17
AI Salon New York - AI & Human Flourishing,https://lu.ma/AI-Salon-NewYork-September-2026,2026-09-09T22:00:00.000Z,New York,ai,2026-08-17
NYC Agent-a-thon for the Environment,https://lu.ma/18z44l4z,2026-11-07T15:00:00.000Z,New York,ai,2026-08-17
Tech Leaders London - September 2026,https://lu.ma/64ugoh7f,2026-09-07T17:00:00.000Z,London,ai,2026-08-17
INSIGHTS & CONNECTIONS: COORDINATING TEAMS IN AN AI-AGENT WORLD,https://lu.ma/ot6je3te,2026-09-24T15:00:00.000Z,Berlin,ai,2026-08-17
The Ai Implementation Club,https://lu.ma/vo5q216v,2026-08-23T18:00:00.000Z,Austin,ai,2026-08-17
Deel x Corgi Partners Dinner,https://lu.ma/4l30gml2,2026-08-19T01:00:00.000Z,San Francisco,tech,2026-08-18
Tony & Thibaut's Game Night - A better way to meet people,https://lu.ma/t29p948n,2026-08-19T02:00:00.000Z,San Francisco,tech,2026-08-18
Actuate After Dark | Rho x Safe Robots,https://lu.ma/irj1t8td,2026-08-19T03:00:00.000Z,San Francisco,tech,2026-08-18
12 Angry Devs,https://lu.ma/r9xj6zm2,2026-08-20T01:00:00.000Z,San Francisco,tech,2026-08-18
The Last Mile to Raise w/ Founders & Funders (SVB x NFX),https://lu.ma/kjk1vvu1,2026-08-20T01:30:00.000Z,San Francisco,tech,2026-08-18
"Enterprise Winners Past, Present & Future",https://lu.ma/wf8bove5,2026-08-20T19:00:00.000Z,San Francisco,tech,2026-08-18
Board Game Night @ Hello Robot Inc,https://lu.ma/2m8zbc0y,2026-08-21T00:30:00.000Z,San Francisco,tech,2026-08-18
Padel and Payments: Persona x Modern Treasury,https://lu.ma/personapadel,2026-08-21T01:00:00.000Z,San Francisco,tech,2026-08-18
Don't Deck Your Pitch — Live Pitch Deck Workshop for Founders,https://lu.ma/m4so4hsi,2026-08-21T23:00:00.000Z,San Francisco,tech,2026-08-18
Women Executives Meetup: Karol G World Tour @ Private Suite at Levi Stadium,https://lu.ma/x6rphu63,2026-08-22T00:00:00.000Z,San Francisco,tech,2026-08-18
Builders who Run SF — 5K,https://lu.ma/jd7qwvb5,2026-08-22T16:00:00.000Z,San Francisco,tech,2026-08-18
WeAreDevelopers Day - Chili con Coding,https://lu.ma/weared-ek8q,2026-08-25T00:00:00.000Z,San Francisco,tech,2026-08-18
Cocktails & Cache-Ups: Security Happy Hour,https://lu.ma/mwpft88h,2026-08-25T23:00:00.000Z,San Francisco,tech,2026-08-18
Brasfield Accounting: “I won my SBIR grant! Now what?”,https://lu.ma/yruv90fi,2026-08-27T19:00:00.000Z,San Francisco,tech,2026-08-18
San Francisco Investors and Innovators,https://lu.ma/inhmk55s,2026-08-28T01:00:00.000Z,San Francisco,tech,2026-08-18
VIP Investors-Only Dinner,https://lu.ma/5i87k87f,2026-08-28T01:00:00.000Z,San Francisco,tech,2026-08-18
™ goes west - Tech Drinks + Pitching SF Edition,https://lu.ma/3x24sk2k,2026-08-29T00:30:00.000Z,San Francisco,tech,2026-08-18
JFE SF Pre-Rosh Hashana Tech Mixer,https://lu.ma/g303eaqn,2026-09-03T01:30:00.000Z,San Francisco,tech,2026-08-18
"Get Started with Paid Ads (Meta, Google, Linkedin...) : workshop for YC companies",https://lu.ma/lw0wityu,2026-09-04T00:00:00.000Z,San Francisco,tech,2026-08-18
Founders' Dinner,https://lu.ma/n3plct58,2026-09-04T01:00:00.000Z,San Francisco,tech,2026-08-18
Dev Tools & Infra Demo Night at Hogpatch 🦔,https://lu.ma/6wyras70,2026-09-09T01:00:00.000Z,San Francisco,tech,2026-08-18
CTO Fund LP Dinner #4,https://lu.ma/fo0kk7o3,2026-09-10T00:45:00.000Z,San Francisco,tech,2026-08-18
"Faithful Leadership — Networking, Dinner and Fireside Chat with Tech Leaders and Founders",https://lu.ma/mivbeacr,2026-09-10T01:30:00.000Z,San Francisco,tech,2026-08-18
The New Infrastructure of Biotech Entrepreneurship,https://lu.ma/melani-7i2z,2026-10-08T00:00:00.000Z,San Francisco,tech,2026-08-18
Signal SF Summit | SFTechWeek,https://lu.ma/5gqss4yv,2026-10-08T02:00:00.000Z,San Francisco,tech,2026-08-18
Daring Ventures: Coffee Circle,https://lu.ma/ua5enjhj,2026-08-19T12:00:00.000Z,New York,tech,2026-08-18
Extend & WorkOS Cafe Takeover,https://lu.ma/gwjwi024,2026-08-19T13:00:00.000Z,New York,tech,2026-08-18
Thiel Fellows coffee & croissants (Tribeca),https://lu.ma/8dnbliwa,2026-08-20T12:30:00.000Z,New York,tech,2026-08-18
Series A Founder Breakfast - Eight Seats,https://lu.ma/0vyqi30h,2026-08-20T13:00:00.000Z,New York,tech,2026-08-18
Founders & Fractionals,https://lu.ma/do7y8lwf,2026-08-25T22:00:00.000Z,New York,tech,2026-08-18
17th Hoboken Founders & Entrepreneurs Meetup | August 2026,https://lu.ma/blqgk5qp,2026-08-25T23:00:00.000Z,New York,tech,2026-08-18
women in tech art cafe @ happy medium,https://lu.ma/2zo6g6uz,2026-08-26T22:00:00.000Z,New York,tech,2026-08-18
(NYC) Healthcare Founders Dinner,https://lu.ma/4iwpxw5s,2026-08-26T22:30:00.000Z,New York,tech,2026-08-18
"TechWalk | Stamford, 8/27",https://lu.ma/y261pidt,2026-08-27T22:30:00.000Z,New York,tech,2026-08-18
NY 2026 | Fall Onboard,https://lu.ma/15z4ggmy,2026-09-15T14:00:00.000Z,New York,tech,2026-08-18
A New Era of Enterprise Commerce,https://lu.ma/968kw2o1,2026-09-15T22:00:00.000Z,New York,tech,2026-08-18
ChinatownJS,https://lu.ma/index-ltuw,2026-09-15T23:00:00.000Z,New York,tech,2026-08-18
Engineering Exec Dinner @ Portale in NYC,https://lu.ma/lxobkffx,2026-09-16T22:30:00.000Z,New York,tech,2026-08-18
Founders Basketball New York City (September 2026),https://lu.ma/emp893jb,2026-09-17T00:00:00.000Z,New York,tech,2026-08-18
The Full Arc of Fundraising: What It Takes to Complete a Fund and Round in the Age of AI,https://lu.ma/js4gtxhc,2026-09-17T22:00:00.000Z,New York,tech,2026-08-18
Work Hard. Land Soft. | Women in Venture Pilates Social,https://lu.ma/0y5qfk1n,2026-09-19T14:00:00.000Z,New York,tech,2026-08-18
From Pasture to Port: Brights Spots in Supply Chain Traceability on Land and Sea,https://lu.ma/af9uwjj4,2026-09-21T19:30:00.000Z,New York,tech,2026-08-18
"Powertrains & Party Lines: Cocktails, hors d'oeuvre and a Candid Panel on De-Politicizing EVs, Hosted by Plug",https://lu.ma/xdh62x13,2026-09-21T21:30:00.000Z,New York,tech,2026-08-18
Empanada Entrepreneurs @ Microsoft,https://lu.ma/hm9ohpp6,2026-09-23T12:30:00.000Z,New York,tech,2026-08-18
"Nuclear Futures | Hosted by Wireframe, Prelude and Overture",https://lu.ma/dc8k7pg9,2026-09-23T12:30:00.000Z,New York,tech,2026-08-18
What is Shaping Data Center Energy? | Panel & Networking Lunch,https://lu.ma/m1avo0bz,2026-09-23T15:00:00.000Z,New York,tech,2026-08-18
Tribeca Club: Morning Coffee & Pastries Walk,https://lu.ma/kgsfvpix,2026-09-28T13:00:00.000Z,New York,tech,2026-08-18
Company Ventures x Terrarium: Healthcare Portfolio Founder Dinner,https://lu.ma/msyiis49,2026-09-30T22:00:00.000Z,New York,tech,2026-08-18
SREday NYC 2026 Q4,https://lu.ma/sreday-nyc-2026-Q4,2026-11-07T09:00:00.000Z,New York,tech,2026-08-18
Tools-for-Science Build Club,https://lu.ma/wqm05sg1,2026-08-22T10:00:00.000Z,London,tech,2026-08-18
Brothers Level Up After Hours,https://lu.ma/ryq7wz21,2026-08-27T17:00:00.000Z,London,tech,2026-08-18
Hemingway London - 'Back to School' at the Local,https://lu.ma/hemingway-zc4g,2026-09-04T17:00:00.000Z,London,tech,2026-08-18
INSURTECH RUN CLUB - SEPTEMBER EARN YOUR BEERS EDITION 🍻,https://lu.ma/d4zq3wtk,2026-09-17T16:30:00.000Z,London,tech,2026-08-18
GirlsWhoData X Zopa - Conversational Analytics: making data more human,https://lu.ma/wzilih5l,2026-09-22T17:30:00.000Z,London,tech,2026-08-18
Introduction to Alma & the Venture World: A workshop exclusive to RBC Brewin Dolphin & Smart Works,https://lu.ma/xs4cok3j,2026-10-06T07:30:00.000Z,London,tech,2026-08-18
Black Hat(HER) EU,https://lu.ma/oekhq864,2026-12-08T18:00:00.000Z,London,tech,2026-08-18
Coworking Day: Human Relating Edition 👥🌿,https://lu.ma/0ytje6v6,2026-08-18T07:30:00.000Z,Berlin,tech,2026-08-18
Lexroom After Hours: Meet the Team,https://lu.ma/rd5yt6g2,2026-08-26T17:00:00.000Z,Berlin,tech,2026-08-18
Opening Night - Berlin New Media Week,https://lu.ma/k85rcd19,2026-09-02T19:00:00.000Z,Berlin,tech,2026-08-18
IFA RayNeo Creator Meetup,https://lu.ma/203kdvw0,2026-09-05T16:00:00.000Z,Berlin,tech,2026-08-18
"Founders' Stories #1: Bastian Bergmann - Gaming as the frontier of technology, and what it teaches us about what comes next",https://lu.ma/eepnkg56,2026-09-29T17:30:00.000Z,Berlin,tech,2026-08-18
🚀Del localhost al link: despliega cualquier proyecto en una tarde,https://lu.ma/viwbaqz8,2026-08-22T21:00:00.000Z,Lima,tech,2026-08-18
Austin: Defense Tech Happy Hour,https://lu.ma/9672resg,2026-08-21T00:00:00.000Z,Austin,tech,2026-08-18
ATX Co-Working Day! Summer Fridays Edition,https://lu.ma/gebcelql,2026-08-21T16:00:00.000Z,Austin,tech,2026-08-18
Sales OStin: September 2026,https://lu.ma/kb9bxsad,2026-09-08T23:00:00.000Z,Austin,tech,2026-08-18
Capital at the Turning Point: The Consciousness Edition - A Top Tier Impact Austin Gathering,https://lu.ma/qc59gh31,2026-09-10T23:00:00.000Z,Austin,tech,2026-08-18
Shape Happens: More LLM Geometry w/ Frank Niu,https://lu.ma/mox-dgu8,2026-08-19T02:00:00.000Z,San Francisco,ai,2026-08-18
Agents in Production: DevTools demo night,https://lu.ma/0owahtma,2026-08-20T00:30:00.000Z,San Francisco,ai,2026-08-18
From Publication to Public Trust: AI and the New Media Economics,https://lu.ma/5hgeqma9,2026-08-20T01:30:00.000Z,San Francisco,ai,2026-08-18
Venture Week Afterparty - Finding next Moat,https://lu.ma/SFventureweek,2026-08-20T01:30:00.000Z,San Francisco,ai,2026-08-18
Pickle Talk: Manufacturing Execs × AI Founders (seed to series A),https://lu.ma/5ovabak5,2026-08-20T23:00:00.000Z,San Francisco,ai,2026-08-18
Build week launch - come & share an idea!,https://lu.ma/o58uv91f,2026-08-21T01:30:00.000Z,San Francisco,ai,2026-08-18
From Noise to Action: Building Practical Automation for RealTime Ops Intelligence,https://lu.ma/km89y5ln,2026-08-21T02:00:00.000Z,San Francisco,ai,2026-08-18
OpenClaw For VCs,https://lu.ma/4wxh49t9,2026-08-22T01:00:00.000Z,San Francisco,ai,2026-08-18
BlueDot Breakfast @ EAGxBerkeley,https://lu.ma/bluedot-breakfast-berkeley,2026-08-22T15:30:00.000Z,San Francisco,ai,2026-08-18
Frontier Research Salon #1 | IntelliPro Ventures,https://lu.ma/sqgqwevq,2026-08-22T21:00:00.000Z,San Francisco,ai,2026-08-18
Original Intelligence Discussion Group: The First Superintelligence Was a Crowd,https://lu.ma/l6hvr1xc,2026-08-23T00:00:00.000Z,San Francisco,ai,2026-08-18
"🤖🍨 Sundae Robotics 05: 3D World Models, Spatial Intelligence & Adaptive AI — Modality Forcing & 3D Pre-training Objectives",https://lu.ma/f6t112qi,2026-08-23T21:00:00.000Z,San Francisco,ai,2026-08-18
Cost Curve of a Coding Agent,https://lu.ma/21b2t9o5,2026-08-25T00:30:00.000Z,San Francisco,ai,2026-08-18
Cool Chips - Hot takes,https://lu.ma/w7a35hps,2026-08-26T01:00:00.000Z,San Francisco,ai,2026-08-18
"🌷""Flourishing by Design"" Presents: Hopeful Futures Game Night",https://lu.ma/the-efn3,2026-08-26T01:00:00.000Z,San Francisco,ai,2026-08-18
VIP Happy Hour @ Ray Summit: Token Scarcity,https://lu.ma/tokenscarcity,2026-08-27T00:30:00.000Z,San Francisco,ai,2026-08-18
"Legal AI Vibe Lab #5: Agents, Workflows, and the Future of Legal Work",https://lu.ma/legal-ai,2026-08-27T01:00:00.000Z,San Francisco,ai,2026-08-18
NewEyes by Collov Labs 👁️ Launch Party: Machines Are Learning to See,https://lu.ma/deycje2c,2026-08-27T01:00:00.000Z,San Francisco,ai,2026-08-18
MotherDuck + DuckDB August Meetup,https://lu.ma/md-duckdb-aug,2026-08-28T00:30:00.000Z,San Francisco,ai,2026-08-18
AI Nerd Meet Up,https://lu.ma/vfrkoljv,2026-08-28T01:00:00.000Z,San Francisco,ai,2026-08-18
Inngest Supper Club: San Francisco,https://lu.ma/inngest-ew4f,2026-08-28T01:00:00.000Z,San Francisco,ai,2026-08-18
Private Fireside with Leigh Marie Braswell - First Product Manager at Scale AI to now leading investments at the frontier of AI,https://lu.ma/bxal13do,2026-08-28T01:00:00.000Z,San Francisco,ai,2026-08-18
Translating Rejuvenation 2026 | View into the Future of Longevity,https://lu.ma/nimfi92w,2026-08-28T16:00:00.000Z,San Francisco,ai,2026-08-18
Bind and Unwind With Deep Origin,https://lu.ma/4ih21fc5,2026-09-01T00:00:00.000Z,San Francisco,ai,2026-08-18
Scrappy AI Founders Play Soccer (seed to series A),https://lu.ma/zpfac8dv,2026-09-01T01:00:00.000Z,San Francisco,ai,2026-08-18
Bay Area Frontier Research Club #21 | AI × Bio: From Mechanism to Design (dinner + paper discussion at Stanford),https://lu.ma/d3ryhrpp,2026-09-03T00:30:00.000Z,San Francisco,ai,2026-08-18
"Spatial Intelligence + Generative 3D Hackathon with Mint, Tripo, World Labs and Founders Inc.",https://lu.ma/b101ml40,2026-09-05T17:00:00.000Z,San Francisco,ai,2026-08-18
AI Product Pricing Workshop AWS x Archera x Arhasi,https://lu.ma/we02u0qj,2026-09-09T21:00:00.000Z,San Francisco,ai,2026-08-18
Agents in Sales: Fireside Chat with Bobby Morrison (ex-Shopify CRO),https://lu.ma/agents-in-sales,2026-09-10T01:30:00.000Z,San Francisco,ai,2026-08-18
AI in Hospitality Summit at Finix,https://lu.ma/aihospitality,2026-09-11T01:00:00.000Z,San Francisco,ai,2026-08-18
"Silicon Valley Research Leaders Dinner, Hosted by Listen",https://lu.ma/or9b2thb,2026-09-17T01:00:00.000Z,San Francisco,ai,2026-08-18
Twilio Assemble SF: The Future of Comms + AI,https://lu.ma/kwdnwg1g,2026-09-24T00:00:00.000Z,San Francisco,ai,2026-08-18
"Daytona AI Builders - SF, September 2026",https://lu.ma/ai-builders-sf-sept,2026-09-30T00:30:00.000Z,San Francisco,ai,2026-08-18
My City Our Music Fireside Chat With Baron Davis (Oakland Tech Week),https://lu.ma/85mile3r,2026-10-03T01:00:00.000Z,San Francisco,ai,2026-08-18
2026 Super Demo Day,https://lu.ma/2a7wm1zs,2026-11-16T17:30:00.000Z,San Francisco,ai,2026-08-18
Agents in 2027 and Beyond,https://lu.ma/abzyfbxm,2026-12-14T17:30:00.000Z,San Francisco,ai,2026-08-18
Legal Tech Associate 4 Charles Prime Dinner,https://lu.ma/igzm0g9i,2026-08-21T22:00:00.000Z,New York,ai,2026-08-18
Jersey City | Claude Meetup,https://lu.ma/claude-8ox3,2026-08-22T18:00:00.000Z,New York,ai,2026-08-18
Rooftop Fireside w/ Startup Founders,https://lu.ma/i2ojh9hc,2026-08-25T21:30:00.000Z,New York,ai,2026-08-18
The Reasoning Wall — Happy Hour,https://lu.ma/c6jx0kxt,2026-08-25T21:30:00.000Z,New York,ai,2026-08-18
She AI Coffee Chat,https://lu.ma/qbnnufln,2026-08-26T12:30:00.000Z,New York,ai,2026-08-18
Building a Unified AI Workspace Across Enterprise Data | NYC,https://lu.ma/odscai-av6z,2026-08-27T22:00:00.000Z,New York,ai,2026-08-18
The Builders' Table,https://lu.ma/tnch5s45,2026-08-30T21:00:00.000Z,New York,ai,2026-08-18
Focus On: The AI Industry & New York,https://lu.ma/kbutec5p,2026-09-09T22:00:00.000Z,New York,ai,2026-08-18
Builders Breakfast,https://lu.ma/cu81au03,2026-09-14T13:00:00.000Z,New York,ai,2026-08-18
Innovate for Impact (IFI) NYC 2026 - The Power of Human Connection,https://lu.ma/l4oe7jpt,2026-09-21T13:00:00.000Z,New York,ai,2026-08-18
Frontline Resource Institute Climate Justice Hub,https://lu.ma/igmka329,2026-09-21T14:00:00.000Z,New York,ai,2026-08-18
Heatmap House: The Future of Mobility,https://lu.ma/uu9ndl0k,2026-09-23T16:45:00.000Z,New York,ai,2026-08-18
Hot Takes: Big Bets & Bold Predictions,https://lu.ma/zr5jgvkk,2026-09-23T20:00:00.000Z,New York,ai,2026-08-18
AI Adoption Open Mic & Happy Hour: Volume 3,https://lu.ma/16j4jmrx,2026-09-24T21:30:00.000Z,New York,ai,2026-08-18
SCALING IN EUROPE - Climate Tech and the Slovakia Advantage,https://lu.ma/kumhpfu1,2026-09-25T12:30:00.000Z,New York,ai,2026-08-18
Miro × n8n hackathon: From diagram to automation,https://lu.ma/n8n-znks,2026-09-28T18:00:00.000Z,New York,ai,2026-08-18
New York Community Day,https://lu.ma/08p8sezi,2026-10-14T13:00:00.000Z,New York,ai,2026-08-18
Mindstone London August AI Meetup,https://lu.ma/9ojjfeui,2026-08-18T17:00:00.000Z,London,ai,2026-08-18
Build AI Agents,https://lu.ma/51026l2z,2026-08-20T18:00:00.000Z,London,ai,2026-08-18
Build Your First AI Agent: From Dataset to Live Website,https://lu.ma/u335ow82,2026-08-25T09:00:00.000Z,London,ai,2026-08-18
Ship & Chips: Open Tech/AI Demos,https://lu.ma/xsnvrs82,2026-08-28T12:30:00.000Z,London,ai,2026-08-18
Rebuild Private Markets: The Ylookup x Encode AI Hackathon,https://lu.ma/encode-7hd7,2026-09-05T08:00:00.000Z,London,ai,2026-08-18
Off the Record: AI for People Leaders,https://lu.ma/jsixual7,2026-09-09T17:00:00.000Z,London,ai,2026-08-18
"The High-Performance Office: Turning Data, AI & Smart Tech into Measurable Asset Value - Roundtable",https://lu.ma/6323xtoc,2026-09-10T08:15:00.000Z,London,ai,2026-08-18
dev_night London,https://lu.ma/devnight-london-2026,2026-09-10T17:00:00.000Z,London,ai,2026-08-18
AI Claude Skills for Consulting Firms: London Workshop,https://lu.ma/r5vbtpzo,2026-09-16T16:00:00.000Z,London,ai,2026-08-18
From Build to Launch: Is there a glass ceiling in agentic mobile development?,https://lu.ma/iyd9oc1n,2026-09-16T17:30:00.000Z,London,ai,2026-08-18
CISO Security Roundtable,https://lu.ma/3o31dn82,2026-09-21T17:00:00.000Z,London,ai,2026-08-18
From Idea to MVP in 2 hours,https://lu.ma/8frck6wl,2026-09-22T17:30:00.000Z,London,ai,2026-08-18
AI Native Dev - London,https://lu.ma/ainative-gdl0,2026-09-29T17:00:00.000Z,London,ai,2026-08-18
The New Normal (TNN): The Future of...AGE & AI! w/ Helen Chapman (The Age AI expert),https://lu.ma/z8ri8z15,2026-10-01T07:00:00.000Z,London,ai,2026-08-18
Creative AI with Midjourney,https://lu.ma/futura-5wiy,2026-08-20T17:00:00.000Z,Berlin,ai,2026-08-18
Berlin | Claude & Coffee,https://lu.ma/claude-zree,2026-08-22T08:30:00.000Z,Berlin,ai,2026-08-18
"Build x Agents [ADVANCED]: Builders' Exchange — Claude Code, Codex, +",https://lu.ma/f2d6v5rr,2026-08-26T16:30:00.000Z,Berlin,ai,2026-08-18
SLMs & Agent Memory with Cognee & Fastino Labs,https://lu.ma/xsax8h6w,2026-09-03T16:00:00.000Z,Berlin,ai,2026-08-18
Zauber x Point Nine Builders Café,https://lu.ma/zqk1zdfo,2026-09-06T08:00:00.000Z,Berlin,ai,2026-08-18
META MARKETING SUMMIT,https://lu.ma/edw86v02,2026-09-08T07:30:00.000Z,Berlin,ai,2026-08-18
AI in Life Sciences: Community Breakfast & Product Demos,https://lu.ma/oww1ujkb,2026-09-09T07:00:00.000Z,Berlin,ai,2026-08-18
AWS UG Berlin Community Day Special - September 2026,https://lu.ma/lnb1sa4p,2026-09-14T16:30:00.000Z,Berlin,ai,2026-08-18
¿Cómo codear con IA en 2026? Para principiantes,https://lu.ma/8awpyxpm,2026-08-20T17:00:00.000Z,Lima,ai,2026-08-18
[Coffee Lab] Eleven Creative & Make: automatiza tus contenidos de multimedia,https://lu.ma/dhp1n0wh,2026-08-21T21:00:00.000Z,Lima,ai,2026-08-18
Cursor Lima : Build night,https://lu.ma/ybo7udvo,2026-09-12T00:00:00.000Z,Lima,ai,2026-08-18
Workshop Vibecoding: Creando tu primera App con Base44,https://lu.ma/ud3i9s0t,2026-09-12T13:30:00.000Z,Lima,ai,2026-08-18
What is your Competitive Edge in the Age of AI?,https://lu.ma/dqm4okbi,2026-08-27T22:00:00.000Z,Austin,ai,2026-08-18
🎓 AI MASTERCLASS: From Chatbot to Agentic Workflows with Hermes Agent,https://lu.ma/rn5pgde9,2026-09-20T18:00:00.000Z,Austin,ai,2026-08-18
Founders Inc: Open Campus (Actuate Edition),https://lu.ma/open-campus-19,2026-08-20T00:00:00.000Z,San Francisco,tech,2026-08-19
Your Headphones Are About to Get a Lot Smarter (About You),https://lu.ma/p6b5wdv7,2026-08-20T00:00:00.000Z,San Francisco,tech,2026-08-19
VetsinTech Pitch Contest 2026 — Live at a16z 🇺🇸,https://lu.ma/vetsintechpitch2026,2026-08-20T23:00:00.000Z,San Francisco,tech,2026-08-19
Cookies and Cryosleep,https://lu.ma/xhbpfkyg,2026-08-21T01:00:00.000Z,San Francisco,tech,2026-08-19
Rust Meetup,https://lu.ma/qqubx2vi,2026-08-21T02:00:00.000Z,San Francisco,tech,2026-08-19
5MoF,https://lu.ma/g7mbg9n9,2026-08-21T02:30:00.000Z,San Francisco,tech,2026-08-19
Founder Fridays | San Mateo,https://lu.ma/e1tkuaed,2026-08-21T23:00:00.000Z,San Francisco,tech,2026-08-19
Crashout Labs - Robots crashing out,https://lu.ma/y2l4qy7s,2026-08-22T01:00:00.000Z,San Francisco,tech,2026-08-19
Concord Ruby Early Birds,https://lu.ma/al46o7ay,2026-08-23T03:00:00.000Z,San Francisco,tech,2026-08-19
media theory reading circle,https://lu.ma/mwb9lmeh,2026-08-23T23:00:00.000Z,San Francisco,tech,2026-08-19
Startup Community Leaders Gathering,https://lu.ma/mkfrxy0z,2026-08-26T00:00:00.000Z,San Francisco,tech,2026-08-19
Build the Future: Join the SambaNova Team,https://lu.ma/i6no3a2v,2026-08-26T02:00:00.000Z,San Francisco,tech,2026-08-19
Innhouse with Inngest: Coffee chats & pastries,https://lu.ma/inngest-tku7,2026-08-26T16:00:00.000Z,San Francisco,tech,2026-08-19
Join Textio's Talent on Tap in SF,https://lu.ma/sbzgk9au,2026-08-27T00:30:00.000Z,San Francisco,tech,2026-08-19
PITCH NIGHT AFTER DARK,https://lu.ma/2k2vmtnd,2026-08-28T00:30:00.000Z,San Francisco,tech,2026-08-19
Where New Industries Come From,https://lu.ma/njnmu3aj,2026-08-29T01:00:00.000Z,San Francisco,tech,2026-08-19
g0v 灣區小聚｜g0v 年會分享＆手搓愛玉 DIY,https://lu.ma/9k8ivzuk,2026-08-29T17:00:00.000Z,San Francisco,tech,2026-08-19
Small Business Mixer: Capital Readiness + Financial Tools for Antioch Entrepreneurs,https://lu.ma/yjz5nzay,2026-09-01T00:30:00.000Z,San Francisco,tech,2026-08-19
AWS SF User Group September Meetup,https://lu.ma/a4mkx2y3,2026-09-02T00:30:00.000Z,San Francisco,tech,2026-08-19
Night Shift: Late Night Coworking at Homebrew,https://lu.ma/paiml5ve,2026-09-02T01:00:00.000Z,San Francisco,tech,2026-08-19
Mini-Inception at Crowell,https://lu.ma/uy2npa5w,2026-09-08T16:00:00.000Z,San Francisco,tech,2026-08-19
From Setup to Screening – Streamlined Workflows with the ID7000™ Spectral Cell Analyzer,https://lu.ma/4n1fsibw,2026-09-10T19:00:00.000Z,San Francisco,tech,2026-08-19
Max Power Gaming x Wonder Works - Industry Mixer at RDC '26,https://lu.ma/m0b6bffq,2026-09-11T21:00:00.000Z,San Francisco,tech,2026-08-19
San Jose Plug-In,https://lu.ma/dfp1a6f1,2026-09-15T22:00:00.000Z,San Francisco,tech,2026-08-19
Coffee + Connection: Bay Area Meetup for Mom Founders & Female Founders. SF,https://lu.ma/c1t1fyfy,2026-09-17T18:00:00.000Z,San Francisco,tech,2026-08-19
San Francisco ~ Women in Recruiting Happy Hour,https://lu.ma/talent-o6tt,2026-09-18T00:00:00.000Z,San Francisco,tech,2026-08-19
Filipino Founders Funders and Friends - a Barkada Event,https://lu.ma/u0a7j7uf,2026-09-19T00:00:00.000Z,San Francisco,tech,2026-08-19
Startup Pitch & Networking in San Francisco,https://lu.ma/egpwc3ua,2026-10-01T02:00:00.000Z,San Francisco,tech,2026-08-19
"🌐 Battery & Energy Storage Meetup with Smriti Mishra, Strategic Growth Lead and Grid Innovation Accelerator at PG&E",https://lu.ma/9q61aofn,2026-10-29T00:00:00.000Z,San Francisco,tech,2026-08-19
Soma's Happy Hour,https://lu.ma/t3x7844a,2026-08-19T23:30:00.000Z,New York,tech,2026-08-19
VC Career Night,https://lu.ma/a7v34qfh,2026-08-25T22:00:00.000Z,New York,tech,2026-08-19
pickleball but make it a party,https://lu.ma/9ivkgzkv,2026-08-26T00:00:00.000Z,New York,tech,2026-08-19
Cross-NYC Healthcare Community - Picnic Hangout,https://lu.ma/n0wf0m95,2026-08-27T22:00:00.000Z,New York,tech,2026-08-19
EliteLink Next Gen Innovation Summit,https://lu.ma/kn99018u,2026-08-29T18:00:00.000Z,New York,tech,2026-08-19
FinovateFall x NY Fashion Week Deal Room,https://lu.ma/fintechxfashion,2026-09-08T22:00:00.000Z,New York,tech,2026-08-19
The Founder's First Move: The Early Decisions That Shape Every Startup.,https://lu.ma/pfyouinl,2026-09-09T12:30:00.000Z,New York,tech,2026-08-19
Fintech Meetup Happy Hour @ Finovate,https://lu.ma/wk0x6hdb,2026-09-09T22:30:00.000Z,New York,tech,2026-08-19
From Lab to Launch: A conversation with Nucleate New York (Rutgers Activator Info Session),https://lu.ma/5gb1sh0z,2026-09-10T19:30:00.000Z,New York,tech,2026-08-19
Inside K-12: What Districts Need Now and What That Means for Edtech,https://lu.ma/lr58rh6q,2026-09-15T20:00:00.000Z,New York,tech,2026-08-19
An evening with incident.io,https://lu.ma/t7c9986f,2026-09-15T22:00:00.000Z,New York,tech,2026-08-19
LeadDev NYC: Unwind & Connect,https://lu.ma/yxpa1tok,2026-09-15T22:00:00.000Z,New York,tech,2026-08-19
New York Fintech Builders Happy Hour w/ Cybrid,https://lu.ma/cybrid-barcade,2026-09-15T22:00:00.000Z,New York,tech,2026-08-19
Level Up: The LeadDev NYC After-Hours,https://lu.ma/8hl9sivv,2026-09-16T22:00:00.000Z,New York,tech,2026-08-19
Venture at Work: NYC 2026,https://lu.ma/l3k431re,2026-09-17T19:00:00.000Z,New York,tech,2026-08-19
Global Tech CDR: Reality Check,https://lu.ma/aous6jef,2026-09-22T12:30:00.000Z,New York,tech,2026-08-19
Fusion Fashion Tech Summit and No Permission Dinner,https://lu.ma/pa81wmtb,2026-09-23T14:00:00.000Z,New York,tech,2026-08-19
Climate Solutions Showcase,https://lu.ma/69gbd51y,2026-09-23T16:00:00.000Z,New York,tech,2026-08-19
Save the Date: The Future of Hormone Optimization,https://lu.ma/t1xua2co,2026-09-24T22:00:00.000Z,New York,tech,2026-08-19
IPO Party Present by Soxton,https://lu.ma/uol1i24r,2026-09-29T22:00:00.000Z,New York,tech,2026-08-19
Penn Startup Pitch & Networking Mixer,https://lu.ma/cs0x1gbf,2026-10-02T20:00:00.000Z,New York,tech,2026-08-19
Startup Pitch & Networking in NYC Manhattan,https://lu.ma/kaure80w,2026-10-21T22:00:00.000Z,New York,tech,2026-08-19
"Pitch Day - October 23, 2026",https://lu.ma/2zwb5ybe,2026-10-23T19:30:00.000Z,New York,tech,2026-08-19
August Member Dinner,https://lu.ma/l3f24kz5,2026-08-19T17:00:00.000Z,London,tech,2026-08-19
Orassy Talks - Health and Self Development,https://lu.ma/erushumr,2026-08-20T12:00:00.000Z,London,tech,2026-08-19
Hardware After Hours 🍻,https://lu.ma/v360hyzk,2026-08-20T18:30:00.000Z,London,tech,2026-08-19
Ladies Who Tech Skill Swap and Co-working,https://lu.ma/tkfn8nfu,2026-08-21T08:00:00.000Z,London,tech,2026-08-19
ICPC Training Session w/ JetBrains,https://lu.ma/3dgta52x,2026-08-22T10:00:00.000Z,London,tech,2026-08-19
Morning Run with Corgi ☕️🏃,https://lu.ma/malabodm,2026-08-26T07:00:00.000Z,London,tech,2026-08-19
Artificial Societies HQ Launch,https://lu.ma/o8mjgybo,2026-08-26T16:30:00.000Z,London,tech,2026-08-19
Social Media Creators & Influencers Meetup London #24,https://lu.ma/hwuyqpha,2026-08-26T17:30:00.000Z,London,tech,2026-08-19
LVC August Lunch,https://lu.ma/ecypy28p,2026-08-27T11:30:00.000Z,London,tech,2026-08-19
Coffee & Co-working ☕,https://lu.ma/colori-cjbk,2026-09-04T08:00:00.000Z,London,tech,2026-08-19
An afternoon at Ascot with Underwaterpistol,https://lu.ma/ovpljpjn,2026-09-04T09:30:00.000Z,London,tech,2026-08-19
Biotech Scaleups & Investors Networking London – Future of Healthcare,https://lu.ma/ntl-525o,2026-09-08T17:30:00.000Z,London,tech,2026-08-19
Driving Asset Value through Building Infrastructure - How to Meet Current Occupier and Investor Expecations - Roundtable,https://lu.ma/b83twtg1,2026-09-10T08:15:00.000Z,London,tech,2026-08-19
"Come with your data, leave with an app.",https://lu.ma/qh9fxvbn,2026-09-11T08:00:00.000Z,London,tech,2026-08-19
Community Tooling Hack Day #2,https://lu.ma/qn9exp2n,2026-09-12T10:00:00.000Z,London,tech,2026-08-19
CTO Craft Mixers: London,https://lu.ma/bg7xth0b,2026-09-15T17:00:00.000Z,London,tech,2026-08-19
The 10x Buyer Afterwork | 17 September 2026,https://lu.ma/10x-buyer-afterwork-17-september-2026,2026-09-17T16:30:00.000Z,London,tech,2026-08-19
Deep Tech Founder & Investor Breakfast,https://lu.ma/sqf8mpil,2026-09-22T07:30:00.000Z,London,tech,2026-08-19
Fluss Forward - London,https://lu.ma/ververica-dbty,2026-09-22T08:00:00.000Z,London,tech,2026-08-19
Tactical Human Defense | Beyond Awareness Training,https://lu.ma/gtmg4yl0,2026-09-29T17:00:00.000Z,London,tech,2026-08-19
Metamindz VIP Dinner,https://lu.ma/ik2hj4j0,2026-10-15T17:30:00.000Z,London,tech,2026-08-19
Tourwriter Insiders Breakfast,https://lu.ma/qp5c3axi,2026-11-04T08:00:00.000Z,London,tech,2026-08-19
The Future of...THE WORLD w/Tom Standage (The Economist),https://lu.ma/y451zkeo,2026-12-01T08:00:00.000Z,London,tech,2026-08-19
Cyberdelic Hangout Vol. 7,https://lu.ma/4yge10yf,2026-08-20T18:00:00.000Z,Berlin,tech,2026-08-19
Founders picnic #1🧺🥪🥐,https://lu.ma/r0n6urxu,2026-08-22T11:00:00.000Z,Berlin,tech,2026-08-19
Legal Office Hours #1 - EY,https://lu.ma/juni-8tfr,2026-08-24T15:30:00.000Z,Berlin,tech,2026-08-19
Game Narrative Meetup - 08/2026,https://lu.ma/fiuifpzl,2026-08-25T16:00:00.000Z,Berlin,tech,2026-08-19
Angel Invest Founders Focus (Pre-AGM Dinner),https://lu.ma/angel-ht1d,2026-09-11T12:00:00.000Z,Berlin,tech,2026-08-19
[Berlin] Angels & Beers - Investors only,https://lu.ma/hytotuyz,2026-09-16T17:00:00.000Z,Berlin,tech,2026-08-19
Desayuno Ejecutivo - OpenBanking,https://lu.ma/zpzkukxz,2026-09-02T13:00:00.000Z,Lima,tech,2026-08-19
Antler ATX Interview Superday,https://lu.ma/nmm4ju3v,2026-08-21T17:30:00.000Z,Austin,tech,2026-08-19
Airtable Matcha Morning: Austin Builder Crew Meetup,https://lu.ma/airtable-community-austin-crew-09-26,2026-09-17T13:30:00.000Z,Austin,tech,2026-08-19
Galadyne Factory Tour: Deep Tech Week,https://lu.ma/20kdk0mp,2026-09-22T20:00:00.000Z,Austin,tech,2026-08-19
🌮 Tacos at Sunset with AppSignal and Evil Martians,https://lu.ma/h5ymkrex,2026-09-23T23:00:00.000Z,Austin,tech,2026-08-19
Aristotle Shape Sessions - $200 to test early-access research tools,https://lu.ma/b20pe8r6,2026-08-19T22:00:00.000Z,San Francisco,ai,2026-08-19
Trossen × NVIDIA — Industry Night at Mission Robotics,https://lu.ma/trossen-nvidia-partner-night,2026-08-22T01:00:00.000Z,San Francisco,ai,2026-08-19
Open House / Open Build / Open Repair Projects Workshop,https://lu.ma/m9yeuy8c,2026-08-22T01:30:00.000Z,San Francisco,ai,2026-08-19
Recursive Self Improvement Hack: Evals,https://lu.ma/rkum5o5l,2026-08-23T17:00:00.000Z,San Francisco,ai,2026-08-19
Agentic commerce meetup,https://lu.ma/7ovs6mt4,2026-08-23T21:00:00.000Z,San Francisco,ai,2026-08-19
How to save 10 hours / week using an AI teammate,https://lu.ma/vm0-1,2026-08-26T23:30:00.000Z,San Francisco,ai,2026-08-19
Exacting AI : Harness Engineering for All,https://lu.ma/3o7jexmr,2026-08-27T01:00:00.000Z,San Francisco,ai,2026-08-19
NVIDIA Dev Community Meetup | San Francisco,https://lu.ma/NVaugMeetup,2026-08-28T00:30:00.000Z,San Francisco,ai,2026-08-19
Design Hackathon: The Vibe Coding Night for Designers!,https://lu.ma/lbfyvfe4,2026-08-29T00:30:00.000Z,San Francisco,ai,2026-08-19
Off the Clock: A Security Leaders Happy Hour & Golf Night,https://lu.ma/m5ts1b85,2026-09-01T00:00:00.000Z,San Francisco,ai,2026-08-19
How Quality Engineering Roles Are Changing - 10th SF Bay Area Meetup,https://lu.ma/ttt-10th-sfo,2026-09-03T01:00:00.000Z,San Francisco,ai,2026-08-19
Vibe Check: A CISO roundtable on securing AI-generated business apps,https://lu.ma/mw1btspd,2026-09-04T00:30:00.000Z,San Francisco,ai,2026-08-19
"""Our Dostoevskian Moment"" With James Poulos",https://lu.ma/palladium-dostoevsky,2026-09-05T02:00:00.000Z,San Francisco,ai,2026-08-19
"AI Agents Are Here. The Future of Work: How Autonomous AI Is Reinventing Work, Software, and Organizations",https://lu.ma/y30se1h7,2026-09-05T21:00:00.000Z,San Francisco,ai,2026-08-19
Summer Sundowner with Ahead,https://lu.ma/o1mgcdup,2026-09-10T00:00:00.000Z,San Francisco,ai,2026-08-19
The Corgi Cup 🏁🏆,https://lu.ma/the-corgi-cup,2026-09-10T00:00:00.000Z,San Francisco,ai,2026-08-19
GTM After Dark,https://lu.ma/gtm-after-dark,2026-09-11T00:00:00.000Z,San Francisco,ai,2026-08-19
Araya Ventures: Inside the Corporate Development Playbook (M&A Panel + Portfolio Showcase),https://lu.ma/78cmw2ie,2026-09-11T01:30:00.000Z,San Francisco,ai,2026-08-19
Foundry Live Demo Night,https://lu.ma/tbj6dk8b,2026-09-16T00:00:00.000Z,San Francisco,ai,2026-08-19
All Things Agent Setups,https://lu.ma/allthings-kj2x,2026-09-16T00:30:00.000Z,San Francisco,ai,2026-08-19
LLMday Redwood City 2026 Q4,https://lu.ma/llmday-2026-redwood-city-q4,2026-10-01T16:00:00.000Z,San Francisco,ai,2026-08-19
Opsera Flutter 2026: The AI-SDLC Summit,https://lu.ma/opsera-48rn,2026-10-01T21:00:00.000Z,San Francisco,ai,2026-08-19
The Future of Finance Summit,https://lu.ma/0psua4hi,2026-10-02T15:30:00.000Z,San Francisco,ai,2026-08-19
"Ancient Prompts-A technologist, a philosopher, and a theologian on being human in the age of AI",https://lu.ma/i1ynqohz,2026-10-22T02:00:00.000Z,San Francisco,ai,2026-08-19
San Francisco Physical AI Workshop and Meetup,https://lu.ma/san-francisco-physical-ai-workshop-and-meetup-oct,2026-10-29T00:30:00.000Z,San Francisco,ai,2026-08-19
"At The Top, San Francisco: An Executive Forum for Women Leading in Customer Success, Onboarding, Support & Operations",https://lu.ma/c6gpsi2t,2026-11-04T21:30:00.000Z,San Francisco,ai,2026-08-19
Yorkseed AI Founders & Investors Roundtable - From Physical AI to AI Applications,https://lu.ma/v06j03ze,2026-08-21T13:00:00.000Z,New York,ai,2026-08-19
BuildCity x NEAR Legion: Builders Cafe,https://lu.ma/near-1e3l,2026-08-23T14:00:00.000Z,New York,ai,2026-08-19
The Future of Work Is Human - A Lunch and Learn on Career Reinvention in the Age of AI,https://lu.ma/bc5z0ups,2026-08-25T16:00:00.000Z,New York,ai,2026-08-19
AI Builders & Citizens: Fall Cohort Launch & Social,https://lu.ma/3perce-s3j5,2026-08-25T22:00:00.000Z,New York,ai,2026-08-19
Tech/AI/Business Leaders Mixer,https://lu.ma/0jc2s7iq,2026-08-26T22:00:00.000Z,New York,ai,2026-08-19
New York City | Claude for Life Sciences,https://lu.ma/claude-jr26,2026-08-27T21:00:00.000Z,New York,ai,2026-08-19
AI Circle Community Happy Hour | Hiring & Human Data Panel Discussion,https://lu.ma/2stzu4x7,2026-08-27T22:00:00.000Z,New York,ai,2026-08-19
NYC Founders & Operators: Rooftop Social,https://lu.ma/dxy0y9r7,2026-08-27T22:30:00.000Z,New York,ai,2026-08-19
"Open House: Laboratory on AI, Climate & Society (LAICS)",https://lu.ma/thxzw9wb,2026-08-29T19:00:00.000Z,New York,ai,2026-08-19
Where Translation Ends: Hyper-Localized Multilingual Evals | Private Dinner Hosted by LILT & AI CIRCLE,https://lu.ma/ng6wlxta,2026-09-10T22:30:00.000Z,New York,ai,2026-08-19
The Women in AI Pitch Competition: NYC Fall '26,https://lu.ma/womeninaipitchnyc,2026-09-17T20:00:00.000Z,New York,ai,2026-08-19
Off-the-Record Night: New York,https://lu.ma/xfun46tk,2026-09-17T21:30:00.000Z,New York,ai,2026-08-19
"Eyes Up: An Evening of Performance, Purpose, and Reclaiming Humanity for the Next Generation",https://lu.ma/o2qbhlyq,2026-09-22T23:30:00.000Z,New York,ai,2026-08-19
The Economics of AI,https://lu.ma/2986u8e2,2026-09-23T22:00:00.000Z,New York,ai,2026-08-19
NYC Physical AI Workshop and Meetup,https://lu.ma/nyc-physical-ai-workshop-and-meetup-nov-2026,2026-11-14T18:30:00.000Z,New York,ai,2026-08-19
"Fine-Tuning the Agent Stack: Harnesses, Evals, and What It Takes to Reach Production",https://lu.ma/vhocod6b,2026-08-26T17:00:00.000Z,London,ai,2026-08-19
UXCrunch August: Debate Night - Is AI Coming for Design Jobs?,https://lu.ma/n4gumsmj,2026-08-26T17:00:00.000Z,London,ai,2026-08-19
Risks of Large-Scale Harms To Digital Minds (Brad Saad) + Q&A + Networking,https://lu.ma/7vtu8931,2026-08-26T17:30:00.000Z,London,ai,2026-08-19
Augmenting Third Party Risk Management - The Future State of AI Powered TPRM,https://lu.ma/pazw6snf,2026-09-09T17:00:00.000Z,London,ai,2026-08-19
London Tech Leaders Executive Dinner - Still the Default. No Longer the Best,https://lu.ma/ucetp57q,2026-09-09T17:00:00.000Z,London,ai,2026-08-19
Grow Beyond the UK — A Monx x Revolut Seminar,https://lu.ma/ias63fab,2026-09-16T08:30:00.000Z,London,ai,2026-08-19
From Pilot to Production: Scaling AI Agents in HCLS,https://lu.ma/5mgcp06p,2026-09-17T14:00:00.000Z,London,ai,2026-08-19
VWV Innovation Evening: Label or Liable?,https://lu.ma/4ajgalk3,2026-09-17T17:00:00.000Z,London,ai,2026-08-19
🍜 Ramen AI | AI Founders x Marketers,https://lu.ma/RamenAIFoundersDinner,2026-09-17T17:30:00.000Z,London,ai,2026-08-19
AI Adoption Leaders Panel + Drinks,https://lu.ma/c5oeshie,2026-10-13T17:00:00.000Z,London,ai,2026-08-19
"Dev Days | London, United Kingdom",https://lu.ma/ek4ufai4,2026-10-15T15:00:00.000Z,London,ai,2026-08-19
"The New Normal (TNN): The Future of...GETTING FOUND ONLINE (AEO, GEO, SEO)",https://lu.ma/xbbfbgr4,2026-11-05T08:00:00.000Z,London,ai,2026-08-19
AI-Native Engineering - Berlin Tech Meetup,https://lu.ma/uzcb3ayg,2026-09-03T16:30:00.000Z,Berlin,ai,2026-08-19
Is AI Becoming Too Dangerous?,https://lu.ma/kt23rz3a,2026-09-10T16:30:00.000Z,Berlin,ai,2026-08-19
Oliver Merkel - Gründerszene x The Delta,https://lu.ma/sdzo3nfj,2026-09-17T16:00:00.000Z,Berlin,ai,2026-08-19
"Berlin Physical AI, ML, and Computer Vision Meetup",https://lu.ma/berlin-physical-ai-ml-and-computer-vision-meetup,2026-09-25T15:30:00.000Z,Berlin,ai,2026-08-19
"Austin, TX - Member Meetup",https://lu.ma/aisnack-7etj,2026-08-25T22:30:00.000Z,Austin,ai,2026-08-19
Austin Physical AI Workshop and Meetup,https://lu.ma/austin-physical-ai-workshop-and-meetup-oct-2026,2026-10-06T22:30:00.000Z,Austin,ai,2026-08-19
Thursday Communi-tea @ The Fold SF: Apollo Innovation Commons x Human Flourishing,https://lu.ma/kca3cywf,2026-08-20T19:00:00.000Z,San Francisco,tech,2026-08-20
"Building Between: Bangalore, the Bay, and Beyond",https://lu.ma/zmmfaef5,2026-08-21T00:30:00.000Z,San Francisco,tech,2026-08-20
s26 desi founder pitch practice,https://lu.ma/3xy12vmo,2026-08-21T02:00:00.000Z,San Francisco,tech,2026-08-20
Verilog Meetup,https://lu.ma/v7ysx3ik,2026-08-23T18:00:00.000Z,San Francisco,tech,2026-08-20
speculative everything buildout,https://lu.ma/se-build,2026-08-24T19:00:00.000Z,San Francisco,tech,2026-08-20
SF Formal Math with Lean,https://lu.ma/7t66hke0,2026-08-25T02:00:00.000Z,San Francisco,tech,2026-08-20
Bay Area Founders Pitch & Startup Networking,https://lu.ma/mm8nnyc1,2026-08-26T00:00:00.000Z,San Francisco,tech,2026-08-20
MTChai,https://lu.ma/mfac4ijg,2026-08-26T23:30:00.000Z,San Francisco,tech,2026-08-20
Modern C++,https://lu.ma/ieeidkh9,2026-08-27T02:00:00.000Z,San Francisco,tech,2026-08-20
FDE Economics: Commercials and scaling of the FDE model,https://lu.ma/hgrkqa6r,2026-08-27T23:30:00.000Z,San Francisco,tech,2026-08-20
SF HOPR Dinner for Founders by Persona and Corgi,https://lu.ma/HOPRpersona,2026-08-28T00:30:00.000Z,San Francisco,tech,2026-08-20
"Pattern Recognition: Strategy, Innovation, and Foresight",https://lu.ma/x16yrgfk,2026-08-28T01:00:00.000Z,San Francisco,tech,2026-08-20
Wasmer: Beyond Containers,https://lu.ma/3ns1f786,2026-09-02T00:30:00.000Z,San Francisco,tech,2026-08-20
PE Info Session: ASCE SF YMF,https://lu.ma/3sgmcrme,2026-09-03T00:30:00.000Z,San Francisco,tech,2026-08-20
First Rays Ventures <>Palo Alto Investors & Founders,https://lu.ma/g215wewi,2026-09-04T00:00:00.000Z,San Francisco,tech,2026-08-20
Startup Pitch Night,https://lu.ma/l0asyhir,2026-09-11T01:00:00.000Z,San Francisco,tech,2026-08-20
HYSTA Founders Club Annual Roadshow Preliminary Pitch,https://lu.ma/fef4v9pw,2026-09-12T19:30:00.000Z,San Francisco,tech,2026-08-20
AWS Engineering Exec Dinner,https://lu.ma/heut55np,2026-09-23T01:00:00.000Z,San Francisco,tech,2026-08-20
Grid Innovation Hub Coffee Meetup,https://lu.ma/grid-h9p5,2026-09-24T16:00:00.000Z,San Francisco,tech,2026-08-20
Above the Fog: Founders × Investors Rooftop Mixer,https://lu.ma/yv2hv22g,2026-09-29T01:00:00.000Z,San Francisco,tech,2026-08-20
September Fintech Dinner Hosted by Foundation Captial,https://lu.ma/620cd4zh,2026-09-29T01:00:00.000Z,San Francisco,tech,2026-08-20
SF Tech Week: Building Your Discord Server Through Every Stage of Game Development,https://lu.ma/sf-tech-week-discord-game-development-meetup,2026-10-07T00:30:00.000Z,San Francisco,tech,2026-08-20
Smartlead x Pump: Scaling Without Scaling Headcount,https://lu.ma/smartleadxpump,2026-10-07T23:00:00.000Z,San Francisco,tech,2026-08-20
VC x Founders Lunch,https://lu.ma/xq5xrld5,2026-10-14T19:00:00.000Z,San Francisco,tech,2026-08-20
[member-only] CNC Router: Basic Use & Safety,https://lu.ma/ibpoqb3t,2026-08-25T22:30:00.000Z,New York,tech,2026-08-20
RTM Nexus August Meet Up,https://lu.ma/3oouzc4r,2026-08-26T22:00:00.000Z,New York,tech,2026-08-20
Open House at Fat Cat Fab Lab,https://lu.ma/isc37ike,2026-08-26T23:00:00.000Z,New York,tech,2026-08-20
"Liftoff, NYC!",https://lu.ma/p3akb378,2026-08-27T22:00:00.000Z,New York,tech,2026-08-20
Jews in Fintech: Shabbat Under The Stars,https://lu.ma/x3a7bayr,2026-08-28T22:30:00.000Z,New York,tech,2026-08-20
NYC Tech Basketball Run #6,https://lu.ma/5w2hacz8,2026-08-29T14:30:00.000Z,New York,tech,2026-08-20
Coffee Chat,https://lu.ma/hl6tvbhk,2026-09-10T12:00:00.000Z,New York,tech,2026-08-20
The Cookie Social | Founders & Investors,https://lu.ma/6sm01ync,2026-09-12T21:00:00.000Z,New York,tech,2026-08-20
Adaptation in Action!,https://lu.ma/inn6nsgu,2026-09-22T21:00:00.000Z,New York,tech,2026-08-20
Capital for Resilience: Investing in Climate's Next Wave,https://lu.ma/e8angels-ohxt,2026-09-23T13:00:00.000Z,New York,tech,2026-08-20
The Invisible Crisis: Innovating for the Age of Extreme Heat,https://lu.ma/1zcptbcu,2026-09-24T16:00:00.000Z,New York,tech,2026-08-20
Swift Excelsior Presents: Shipaton Launch Party,https://lu.ma/1ul7k57c,2026-09-26T16:00:00.000Z,New York,tech,2026-08-20
A Civic Tech'ish Happy Hour: Island Edition,https://lu.ma/p26jtkmq,2026-10-10T18:00:00.000Z,New York,tech,2026-08-20
The Fast Lane | GTM Night with Ramp x Jack&Jill,https://lu.ma/ramp-jj-thefastlane,2026-08-26T17:00:00.000Z,London,tech,2026-08-20
Sweat Equity Part 6 - real networking in a sauna,https://lu.ma/9yj79124,2026-08-27T06:45:00.000Z,London,tech,2026-08-20
Finding People Who'll Speak Your Name in Rooms You’re Not In | A Networking Workshop,https://lu.ma/ct30jcja,2026-09-01T18:00:00.000Z,London,tech,2026-08-20
Fuckup Nights London #10: Hackathon,https://lu.ma/u9mewkje,2026-09-02T16:30:00.000Z,London,tech,2026-08-20
Public First presents: Tech YoPro Drinks,https://lu.ma/b0rafhqh,2026-09-03T16:45:00.000Z,London,tech,2026-08-20
Turing Founder Dinners: London,https://lu.ma/turing-1te4,2026-09-03T17:30:00.000Z,London,tech,2026-08-20
In the Room: Breakfast at One Aldwych,https://lu.ma/the-hcpp,2026-09-08T07:00:00.000Z,London,tech,2026-08-20
Building & Scaling Engineering Teams,https://lu.ma/scalingengineering,2026-09-09T17:30:00.000Z,London,tech,2026-08-20
Gartner Happy Hour,https://lu.ma/cjidpzrr,2026-09-23T15:00:00.000Z,London,tech,2026-08-20
"Duck In, Duck Out: London Edition",https://lu.ma/mother-bdl,2026-09-24T18:00:00.000Z,London,tech,2026-08-20
PROPERTY+PADEL PRESENTS: THE CITY SERIES LONDON | SEPTEMBER,https://lu.ma/u9yy3pk3,2026-09-29T08:00:00.000Z,London,tech,2026-08-20
Media & Entertainment Executive Leaders Networking Evening,https://lu.ma/nv699370,2026-09-30T16:30:00.000Z,London,tech,2026-08-20
BAD1 & Dr. Maren Jasper-Winter: Shaping the Future of Berlin's Startup Ecosystem,https://lu.ma/y9nt94tv,2026-08-24T16:00:00.000Z,Berlin,tech,2026-08-20
Nucleate x Clinical Incubator (CLIC) | Catalyser Series Kick Off,https://lu.ma/q7kl56ps,2026-09-03T16:00:00.000Z,Berlin,tech,2026-08-20
REAL TALK 12: WHAT COMES AFTER THE ATTENTION ECONOMY?,https://lu.ma/uq76ntu1,2026-09-15T16:00:00.000Z,Berlin,tech,2026-08-20
Presencia digital para emprendimientos,https://lu.ma/3xqrmb3p,2026-09-02T00:30:00.000Z,Lima,tech,2026-08-20
STATION Austin Membership Tour,https://lu.ma/lvn9z7y6,2026-08-25T15:00:00.000Z,Austin,tech,2026-08-20
Austin Free-Net August Mixer,https://lu.ma/cyu6kze4,2026-08-27T22:30:00.000Z,Austin,tech,2026-08-20
Fridgeside! An evening with former Mayor Steve Adler (founders),https://lu.ma/yfil5ro1,2026-09-17T22:00:00.000Z,Austin,tech,2026-08-20
Foresight coworking / happy hour,https://lu.ma/foresight-ryq9,2026-08-20T19:30:00.000Z,San Francisco,ai,2026-08-20
Claude Code Workshop - San Francisco,https://lu.ma/claude-code-workshop-sf-aug-20,2026-08-20T20:00:00.000Z,San Francisco,ai,2026-08-20
AI x Hardware Engineering Dinner,https://lu.ma/vet098g6,2026-08-21T00:30:00.000Z,San Francisco,ai,2026-08-20
ASG Founders & Friends Dinner,https://lu.ma/ji3ck2bp,2026-08-22T01:30:00.000Z,San Francisco,ai,2026-08-20
The Script Flipped: AI-Native Founders & the New Rules of Venture Capital,https://lu.ma/7a6x8e4o,2026-08-25T01:00:00.000Z,San Francisco,ai,2026-08-20
pAIthon Meetup,https://lu.ma/vldhq3ft,2026-08-26T01:30:00.000Z,San Francisco,ai,2026-08-20
How to save 10 hours / week using an AI teammate,https://lu.ma/725szz6p,2026-08-26T23:30:00.000Z,San Francisco,ai,2026-08-20
Open Intelligence Social by PrimaLabs,https://lu.ma/xl6dk4dc,2026-08-27T00:30:00.000Z,San Francisco,ai,2026-08-20
Slack Agents Night | WorkOS x CopilotKit,https://lu.ma/copilo-x812,2026-08-27T00:30:00.000Z,San Francisco,ai,2026-08-20
SF: AGI · MONEY · LOVE,https://lu.ma/9q5c1hkt,2026-08-27T01:30:00.000Z,San Francisco,ai,2026-08-20
Frontier Physical AI Summit,https://lu.ma/kmoy9emr,2026-08-27T23:30:00.000Z,San Francisco,ai,2026-08-20
Fireside Chat: Insights from K-Culture & Tech + Giveaway,https://lu.ma/b3vqtuvy,2026-08-28T00:30:00.000Z,San Francisco,ai,2026-08-20
"AI Agents, Living Labs & the Future of Society: Inside Edge Cities’ Experiments to Prototype New Ways to Live, Build & Flourish (SF)",https://lu.ma/SFLightDAOAugust,2026-09-01T01:00:00.000Z,San Francisco,ai,2026-08-20
Together Table | AI Natives,https://lu.ma/y1hsu86k,2026-09-02T01:00:00.000Z,San Francisco,ai,2026-08-20
From AI Coding to AI Workforce,https://lu.ma/seamate-v33i,2026-09-03T00:00:00.000Z,San Francisco,ai,2026-08-20
Headline x Sapienne AI Omakase,https://lu.ma/headline-1f1r,2026-09-04T00:30:00.000Z,San Francisco,ai,2026-08-20
"Building a Team Brain with Scalekit: Code, Context & Production Agents",https://lu.ma/scalekit-key0,2026-09-09T23:30:00.000Z,San Francisco,ai,2026-08-20
BARA Series: September Meeting,https://lu.ma/mgxieqnz,2026-09-10T16:00:00.000Z,San Francisco,ai,2026-08-20
AI Filmmaking Masterclass + Hackathon,https://lu.ma/pw54q8np,2026-09-13T16:00:00.000Z,San Francisco,ai,2026-08-20
The Tasting Menu: 5 Course AI Startups (Dreamforce Edition),https://lu.ma/xtrace-2l3m,2026-09-16T00:00:00.000Z,San Francisco,ai,2026-08-20
East Bay Neurotech Happy Hour,https://lu.ma/bpk7tj30,2026-09-18T00:00:00.000Z,San Francisco,ai,2026-08-20
"Building active-active, multi-cloud systems",https://lu.ma/rgj99uu9,2026-09-25T01:00:00.000Z,San Francisco,ai,2026-08-20
Profound Supper Club: SF,https://lu.ma/profound-3xa4,2026-09-30T02:00:00.000Z,San Francisco,ai,2026-08-20
NeoCloud Summit 2026 — Where the Next Cloud Gets Built,https://lu.ma/neocloud_summit_oct8,2026-10-08T15:30:00.000Z,San Francisco,ai,2026-08-20
First Rays - AI Portfolio Day,https://lu.ma/k51kc87q,2026-10-28T23:00:00.000Z,San Francisco,ai,2026-08-20
Secrets of Best-in-Class Ai-Pilled Startups,https://lu.ma/j4c2yvei,2026-08-24T22:00:00.000Z,New York,ai,2026-08-20
Vibin' Out After Work - Stamford,https://lu.ma/bdukhuen,2026-08-25T21:30:00.000Z,New York,ai,2026-08-20
The Values You Ship: Shaping AI Behavior,https://lu.ma/iul2z0xa,2026-08-26T22:00:00.000Z,New York,ai,2026-08-20
NYC Product Leaders Breakfast: Let's Talk about our AI Graveyards (and what survived) 🪦,https://lu.ma/fcdvjsj7,2026-08-27T12:30:00.000Z,New York,ai,2026-08-20
Open Space + Member Happy Hour,https://lu.ma/945xg52t,2026-08-27T14:00:00.000Z,New York,ai,2026-08-20
Agentic AI Leaders' Exchange - New York City Chapter,https://lu.ma/0li2s9z7,2026-08-27T22:00:00.000Z,New York,ai,2026-08-20
"Building the Agentic Economy with Fireblocks, Circle & Blockrun",https://lu.ma/lon7mu2d,2026-08-27T22:00:00.000Z,New York,ai,2026-08-20
Crosstalk: AI x Bio Night,https://lu.ma/r0c96xf3,2026-08-27T23:00:00.000Z,New York,ai,2026-08-20
AI in Early Stage GTM Dinner,https://lu.ma/clarify-yubk,2026-08-31T22:30:00.000Z,New York,ai,2026-08-20
Arca GTM Happy Hour,https://lu.ma/shdq40os,2026-09-02T22:00:00.000Z,New York,ai,2026-08-20
Run your Operations with AI Agents | Workshop | Supermoon & MongoDB,https://lu.ma/vhnhnejl,2026-09-16T21:30:00.000Z,New York,ai,2026-08-20
The Illusion of Intimacy: Protecting children from a digitalized childhood,https://lu.ma/pcm2nkkd,2026-09-22T16:00:00.000Z,New York,ai,2026-08-20
London Responsible Tech Summer Social,https://lu.ma/gk2g4c7s,2026-08-27T17:00:00.000Z,London,ai,2026-08-20
RL4Science,https://lu.ma/faz1j4de,2026-08-27T17:00:00.000Z,London,ai,2026-08-20
Nano Banana for Video Editing - Caira Camera × Gemini Omni,https://lu.ma/xukbj4u4,2026-09-02T09:00:00.000Z,London,ai,2026-08-20
Architect x Corgi Cafe - Saturday Open House,https://lu.ma/architect-corgi-saturday,2026-09-05T09:00:00.000Z,London,ai,2026-08-20
How to create 2D characters with voice in ElevenLabs,https://lu.ma/hd9dm43i,2026-09-08T17:30:00.000Z,London,ai,2026-08-20
"The New Blueprint for Heads of Development: Benchmarking, Reporting, Financing & AI - Roundtable",https://lu.ma/d3v9bv4j,2026-09-10T12:30:00.000Z,London,ai,2026-08-20
You Belong in Tech: Building Your Career in the Age of AI,https://lu.ma/vqkry0cy,2026-09-10T16:00:00.000Z,London,ai,2026-08-20
"AI Signals #34: Agent Harnesses, and Geometric Thoughts",https://lu.ma/28l7udmf,2026-09-10T17:00:00.000Z,London,ai,2026-08-20
London Voice AI Exchange,https://lu.ma/ipv5amb9,2026-09-10T17:00:00.000Z,London,ai,2026-08-20
"AI x Crypto: Innovation, Efficiency and Staying Safe in a New Digital Economy",https://lu.ma/encode-mmls,2026-09-15T17:30:00.000Z,London,ai,2026-08-20
🥐 Claude & Croissants: Take your AI skills to the next level,https://lu.ma/9dhzefz0,2026-09-16T07:30:00.000Z,London,ai,2026-08-20
"UNDER REVIEW 01 - AI in regulation, and the people shaping its future",https://lu.ma/m7x00e10,2026-09-17T17:00:00.000Z,London,ai,2026-08-20
Profound Supper Club: London,https://lu.ma/j2dvf0m0,2026-09-30T17:30:00.000Z,London,ai,2026-08-20
"AI in Practice: Agents, Sovereignty & Infrastructure Across Banking",https://lu.ma/agentic-ai-banking,2026-09-08T06:30:00.000Z,Berlin,ai,2026-08-20
AI Builders Berlin,https://lu.ma/ber-sep22,2026-09-22T15:30:00.000Z,Berlin,ai,2026-08-20
Speak AI: How to Communicate AI to Anyone,https://lu.ma/f279losn,2026-10-08T16:00:00.000Z,Berlin,ai,2026-08-20
EdHack Aniversario <Aidea> Bienestar Docente - Perfiles Tech,https://lu.ma/mu9xk31j,2026-08-29T13:00:00.000Z,Lima,ai,2026-08-20
ATX AIxGTM Sauna & Cold Plunge Evening,https://lu.ma/0b6xroit,2026-09-01T23:00:00.000Z,Austin,ai,2026-08-20
AI for Young Minds!,https://lu.ma/zool7sqr,2026-10-03T15:00:00.000Z,Austin,ai,2026-08-20
"ACM Austin + IEEE October Meetup: AI, Data & Modern Infrastructure",https://lu.ma/l4b3ic33,2026-10-28T23:00:00.000Z,Austin,ai,2026-08-20
"Fireside Chat with Venkatesh Valluri & Murali Chirala: Scaling Companies, Reading Investors",https://lu.ma/tbwkzmyv,2026-08-21T21:00:00.000Z,San Francisco,tech,2026-08-21
Open Source for Babies — Book Launch & Compliance Mixer,https://lu.ma/nk6gdqnh,2026-08-25T00:00:00.000Z,San Francisco,tech,2026-08-21
Your Headphones Are About to Get a Lot Smarter (About You),https://lu.ma/72bisdjg,2026-08-25T08:00:00.000Z,San Francisco,tech,2026-08-21
How to Get Your O-1 in 90d + mixer,https://lu.ma/7ygeheiq,2026-08-26T00:30:00.000Z,San Francisco,tech,2026-08-21
Granola Happy Hour,https://lu.ma/yp97gijd,2026-08-26T01:00:00.000Z,San Francisco,tech,2026-08-21
"Fireside with Hans Robertson, Verkada",https://lu.ma/hans-robertson-spc,2026-08-26T16:30:00.000Z,San Francisco,tech,2026-08-21
Side-Project Party II,https://lu.ma/spp2,2026-08-27T23:00:00.000Z,San Francisco,tech,2026-08-21
Personalized Health Showcase w/ YC S26,https://lu.ma/m9erqy39,2026-08-28T00:00:00.000Z,San Francisco,tech,2026-08-21
Tenki for Startups Launch Party,https://lu.ma/8sote64d,2026-08-29T00:00:00.000Z,San Francisco,tech,2026-08-21
August Tech Rooftop Mixer,https://lu.ma/0nkmbhav,2026-08-29T01:00:00.000Z,San Francisco,tech,2026-08-21
poker | cladlabs,https://lu.ma/8hdcwgmg,2026-08-29T02:00:00.000Z,San Francisco,tech,2026-08-21
Founders Gathering,https://lu.ma/xc5kl4m2,2026-08-30T00:00:00.000Z,San Francisco,tech,2026-08-21
SF HealthTech Builders/Investors/Biohackers — Waterfront Walk,https://lu.ma/0n9p05ch,2026-08-30T17:00:00.000Z,San Francisco,tech,2026-08-21
硅谷生存法则 · 创始人生存法则 Season 2 Founder Casting 说明会,https://lu.ma/xwa07b64,2026-08-31T21:00:00.000Z,San Francisco,tech,2026-08-21
San Francisco Health Tech Happy Hour with HTN & Vinta,https://lu.ma/nh2t70zk,2026-09-05T00:30:00.000Z,San Francisco,tech,2026-08-21
Gladstone × MBC BioLabs: From Discovery to Startup,https://lu.ma/mbc-s6te,2026-09-08T23:00:00.000Z,San Francisco,tech,2026-08-21
Safer Socials Connector,https://lu.ma/kwvbjh25,2026-09-10T23:00:00.000Z,San Francisco,tech,2026-08-21
The Hitchhiker’s Guide to Silicon Valley Ft. Kim Kolt & Brian Mac Mahon,https://lu.ma/GuidetoSV,2026-09-12T00:00:00.000Z,San Francisco,tech,2026-08-21
MBC BioLabs Fall Life Science Vendor’s Showcase,https://lu.ma/7ta3gd6a,2026-09-16T18:00:00.000Z,San Francisco,tech,2026-08-21
Infra Demo Night | San Francisco,https://lu.ma/mp3uaxhg,2026-09-18T00:30:00.000Z,San Francisco,tech,2026-08-21
"An evening with Paulina Borsook about her classic book, Cyberselfish",https://lu.ma/05tl0orh,2026-09-18T01:00:00.000Z,San Francisco,tech,2026-08-21
Founder & VC Dinner,https://lu.ma/zhdcnou8,2026-10-15T02:00:00.000Z,San Francisco,tech,2026-08-21
Low-Key Data Happy Hour - San Francisco,https://lu.ma/5243padz,2026-10-21T01:00:00.000Z,San Francisco,tech,2026-08-21
build fridays new york - work on your startup alongside others (bring laptop),https://lu.ma/celqjf0z,2026-08-21T20:00:00.000Z,New York,tech,2026-08-21
ALIGNED - 001 Brunch,https://lu.ma/gzsifmcl,2026-08-22T16:00:00.000Z,New York,tech,2026-08-21
Micro Monday Coworking and Coffee,https://lu.ma/h27wzkqk,2026-08-24T14:00:00.000Z,New York,tech,2026-08-21
Monday Founders Coworking Pod,https://lu.ma/gas91u0j,2026-08-24T14:00:00.000Z,New York,tech,2026-08-21
Founders Breakfast Club with Mercury,https://lu.ma/r8mq9m39,2026-08-25T12:00:00.000Z,New York,tech,2026-08-21
"Wednesday Coworking - Founders, Builders, Creatives, Researchers, and Supporters",https://lu.ma/ic6v8q8j,2026-08-26T13:30:00.000Z,New York,tech,2026-08-21
"Pfunc Plays Hooky POOL PARTY! With Goodword, Sponsored by Justworks",https://lu.ma/zso508hk,2026-08-27T18:00:00.000Z,New York,tech,2026-08-21
Eisen: The Next Round,https://lu.ma/ihrywr9o,2026-09-09T22:30:00.000Z,New York,tech,2026-08-21
Executive Dinner - New York,https://lu.ma/6yemp4pw,2026-09-15T22:00:00.000Z,New York,tech,2026-08-21
"Founders, Operators, & Investors: Mocktails and Legal AMA",https://lu.ma/mhk2c0vq,2026-09-16T23:00:00.000Z,New York,tech,2026-08-21
The Digital Economist— Innovation Hub Social Hour—NYC | UNGA Week,https://lu.ma/the-gtfr,2026-09-18T22:00:00.000Z,New York,tech,2026-08-21
"The South Is on Fire: The Future of Southern Climate Leadership - Panel, Technology Demonstrations, and Reception",https://lu.ma/vfzpnnae,2026-09-21T20:00:00.000Z,New York,tech,2026-08-21
Book Discussion - The 12 Levers: The Complete Psychological Toolkit for Improving Your Life,https://lu.ma/sxohtjrd,2026-09-22T22:30:00.000Z,New York,tech,2026-08-21
The Climate Innovation Dialogue @ New York Climate Week,https://lu.ma/fueopwwz,2026-09-23T16:00:00.000Z,New York,tech,2026-08-21
Capital & Connect | Breakthrough Climate Innovations,https://lu.ma/z3nkada9,2026-09-23T19:30:00.000Z,New York,tech,2026-08-21
ASME Dinner Salon | Tapas & Tradeoffs For the Next Industrial Revolution,https://lu.ma/1fxjz45r,2026-09-23T23:00:00.000Z,New York,tech,2026-08-21
CNG NYC,https://lu.ma/fsll2xt4,2026-09-24T13:00:00.000Z,New York,tech,2026-08-21
Korea Climate Tech Summit at Climate Week NYC 2026,https://lu.ma/l2n9q5id,2026-09-25T12:30:00.000Z,New York,tech,2026-08-21
Tribeca Club : 76ers vs Nets @ Barclays Center,https://lu.ma/arw5ddt2,2026-10-08T23:00:00.000Z,New York,tech,2026-08-21
Rooftop Pilates with Sasha x Encode,https://lu.ma/encode-i7v3,2026-08-21T08:00:00.000Z,London,tech,2026-08-21
#2 South East Asian connects @Nom Nom,https://lu.ma/9jym8l4z,2026-08-21T17:00:00.000Z,London,tech,2026-08-21
"Pilates in the Park: CoS, Ops & Founders' Associates 🧘‍♀️🌳",https://lu.ma/jjhzpenm,2026-08-27T18:00:00.000Z,London,tech,2026-08-21
Side Project Saturday,https://lu.ma/ilkk0t74,2026-08-29T11:00:00.000Z,London,tech,2026-08-21
Pollen Social,https://lu.ma/fmrbujtj,2026-09-02T17:30:00.000Z,London,tech,2026-08-21
Oasis Salon Series: Community Social,https://lu.ma/ybjfupo9,2026-09-03T17:00:00.000Z,London,tech,2026-08-21
Architect x Corgi Cafe - Sunday Designathon,https://lu.ma/architect-corgi-sunday,2026-09-06T09:00:00.000Z,London,tech,2026-08-21
Antler’s Angel Meet-up with bunch,https://lu.ma/bvc5heu9,2026-09-10T11:00:00.000Z,London,tech,2026-08-21
📍London 🌀 Generalist World Hackathon,https://lu.ma/vpro1xsy,2026-09-12T08:30:00.000Z,London,tech,2026-08-21
Healthcare UX Webinar (14th September),https://lu.ma/3phnbdjr,2026-09-14T16:00:00.000Z,London,tech,2026-08-21
Rev/Tech Ops September Social,https://lu.ma/rp1g4rjx,2026-09-24T16:30:00.000Z,London,tech,2026-08-21
London Apache DataFusion Meetup,https://lu.ma/r12f1t5o,2026-09-30T17:00:00.000Z,London,tech,2026-08-21
PROPERTY+PADEL PRESENTS: THE CITY SERIES LONDON | OCTOBER,https://lu.ma/ewtumpic,2026-10-22T08:00:00.000Z,London,tech,2026-08-21
Founder’s Café in Berlin with a startup & immigration lawyer,https://lu.ma/dln81atq,2026-08-25T16:00:00.000Z,Berlin,tech,2026-08-21
BAD1 & Stefan Evers: Shaping the Future of Berlin's Startup Ecosystem,https://lu.ma/9ps8nbui,2026-08-26T12:30:00.000Z,Berlin,tech,2026-08-21
Qonto x The Delta Founders on the Top,https://lu.ma/thedelta-b66c,2026-08-26T16:00:00.000Z,Berlin,tech,2026-08-21
Product Cämpchen - Berlin,https://lu.ma/azlqslxu,2026-08-28T07:00:00.000Z,Berlin,tech,2026-08-21
AWS x The Delta PADEL TOURNAMENT 🎾,https://lu.ma/thedelta-vecw,2026-09-10T16:30:00.000Z,Berlin,tech,2026-08-21
SheMeets: Trade Republic x SheLeads: Women Building Careers in High Performance Environments (Berlin),https://lu.ma/uqsppoit,2026-09-16T15:30:00.000Z,Berlin,tech,2026-08-21
Run + Coffee Party,https://lu.ma/v3w6qvup,2026-09-12T13:00:00.000Z,Lima,tech,2026-08-21
BCE Alliance Presents: PREVENTION BY DESIGN,https://lu.ma/3b032j51,2026-08-25T20:00:00.000Z,Austin,tech,2026-08-21
Fridge Fire!  Sauna Happy Hour (founders),https://lu.ma/betat2z6,2026-08-28T22:00:00.000Z,Austin,tech,2026-08-21
Austin JS Meetup,https://lu.ma/95v80x2k,2026-09-15T23:00:00.000Z,Austin,tech,2026-08-21
SardineCon Austin,https://lu.ma/sardinecon-austin,2026-09-15T23:00:00.000Z,Austin,tech,2026-08-21
CISO XC Austin Conference,https://lu.ma/30hujyiq,2026-09-17T13:30:00.000Z,Austin,tech,2026-08-21
Ruby Underground x Austin Tech Leaders,https://lu.ma/ev9z47yh,2026-09-23T23:00:00.000Z,Austin,tech,2026-08-21
Hacker's Book Club,https://lu.ma/8bhv49of,2026-08-22T01:00:00.000Z,San Francisco,ai,2026-08-21
TSVC夏淳博士《Agentic Media》创业交流会 - 硅谷清华校友会,https://lu.ma/k0v20ady,2026-08-22T21:00:00.000Z,San Francisco,ai,2026-08-21
Infera (YC P26) Launch Party,https://lu.ma/xn77i9yt,2026-08-22T22:00:00.000Z,San Francisco,ai,2026-08-21
Whispers Screening in San Francisco (Lee Neighborhood Theaters),https://lu.ma/9q6dculs,2026-08-24T03:00:00.000Z,San Francisco,ai,2026-08-21
Learning Layer Paper Reading Club - Week 29 - HippoRAG: Neurobiologically Inspired Long-Term Memory for Large Language Models,https://lu.ma/xqcy38hs,2026-08-26T00:00:00.000Z,San Francisco,ai,2026-08-21
Mistral Meetup with SGLang,https://lu.ma/summer-meetup-mistral-sglang,2026-08-26T00:30:00.000Z,San Francisco,ai,2026-08-21
vLLM Conference Happy Hour: Hosted by AMD and Inferact,https://lu.ma/6nb8coax,2026-08-26T01:00:00.000Z,San Francisco,ai,2026-08-21
"31st Peninsula Value Economy X Sustainability (Climate) Mixer, Happy Hour — AI, Health",https://lu.ma/0m6sa9ee,2026-08-27T00:00:00.000Z,San Francisco,ai,2026-08-21
Rhoom | SF Inaugural Dinner,https://lu.ma/zdmdtzli,2026-08-27T01:30:00.000Z,San Francisco,ai,2026-08-21
airplane mode v1.0: a fireside with Vinay Gaba · for mobile devs,https://lu.ma/ssxw77c6,2026-08-28T00:30:00.000Z,San Francisco,ai,2026-08-21
Vibe Night Demos (#25),https://lu.ma/sfvibehouse,2026-08-29T01:00:00.000Z,San Francisco,ai,2026-08-21
Codex Community Hackathon - San Francisco,https://lu.ma/qbp3ck7t,2026-08-29T17:00:00.000Z,San Francisco,ai,2026-08-21
Headway Harness & Breakfast,https://lu.ma/6kulw5y5,2026-09-01T15:30:00.000Z,San Francisco,ai,2026-08-21
Partnerships & Pickleball 🎾,https://lu.ma/bgpxz8ny,2026-09-02T01:00:00.000Z,San Francisco,ai,2026-08-21
Fireside Chat: Navigating Physical AI,https://lu.ma/NavigatingPhysicalAI,2026-09-03T00:00:00.000Z,San Francisco,ai,2026-08-21
Grok Bot build night for women,https://lu.ma/a16zgrokbotbuildnight,2026-09-04T00:00:00.000Z,San Francisco,ai,2026-08-21
"Bay Area AI Artists: September Show, Critique, & Promote Night",https://lu.ma/4cxz2ayp,2026-09-09T01:00:00.000Z,San Francisco,ai,2026-08-21
GTM Unblocked: Stop Being the Glue Between Your GTM Tools,https://lu.ma/cw8hnia3,2026-09-10T01:00:00.000Z,San Francisco,ai,2026-08-21
SF - Member Meetup,https://lu.ma/aisnack-c1p6,2026-09-11T00:30:00.000Z,San Francisco,ai,2026-08-21
Agentworld x Superdark Factory Antikythera x Disintegrator,https://lu.ma/fawtwq0b,2026-09-12T01:30:00.000Z,San Francisco,ai,2026-08-21
Degrees of Freedom: Bring Your Own Robot @ Mission Robotics,https://lu.ma/0nada7qz,2026-09-15T01:00:00.000Z,San Francisco,ai,2026-08-21
Partner Marketing and the New AI Ecosystem,https://lu.ma/zhkj1hn9,2026-09-17T00:30:00.000Z,San Francisco,ai,2026-08-21
Inkitt Ironblood Presents The Monthly AI Filmmakers Breakfast,https://lu.ma/tfgeqza2,2026-09-18T15:00:00.000Z,San Francisco,ai,2026-08-21
AI Applied in Cybersecurity Lightning Talks,https://lu.ma/de7znk3m,2026-09-25T00:00:00.000Z,San Francisco,ai,2026-08-21
Oakland Tech Week: The Future of Oakland,https://lu.ma/ovtw6uf9,2026-10-02T00:00:00.000Z,San Francisco,ai,2026-08-21
VAST Builders Challenge - SF,https://lu.ma/vastsf,2026-10-02T15:30:00.000Z,San Francisco,ai,2026-08-21
After Hours: Building in the Age of AI,https://lu.ma/r7al4g13,2026-10-09T00:30:00.000Z,San Francisco,ai,2026-08-21
Company Brain Hackathon: Build an AI Agent That Knows Your Organization,https://lu.ma/oct-hackathon,2026-10-12T20:00:00.000Z,San Francisco,ai,2026-08-21
AAuth Night: Moving Beyond OAuth,https://lu.ma/insecure-rmm0,2026-10-16T00:30:00.000Z,San Francisco,ai,2026-08-21
Mitsubishi Electric Innovation Day,https://lu.ma/6li0y9kr,2026-11-02T17:00:00.000Z,San Francisco,ai,2026-08-21
Codex Community Meetup - NYC,https://lu.ma/wno2uq3g,2026-08-23T19:00:00.000Z,New York,ai,2026-08-21
Founders House Summer Builders Day,https://lu.ma/l8mya0zu,2026-08-25T18:00:00.000Z,New York,ai,2026-08-21
Columbia Central Park Meetup — by CABG,https://lu.ma/ebeojrby,2026-08-25T21:30:00.000Z,New York,ai,2026-08-21
Frontier Table: New York,https://lu.ma/frontierTableNYC,2026-09-02T23:30:00.000Z,New York,ai,2026-08-21
Profound Supper Club: NY,https://lu.ma/y0uh4gpt,2026-09-03T22:00:00.000Z,New York,ai,2026-08-21
The Frontier of Enterprise AI in Production,https://lu.ma/rejfs2o5,2026-09-09T22:00:00.000Z,New York,ai,2026-08-21
"Same Team, Triple the Volume: AI Masterclass Sessions",https://lu.ma/mkmay93g,2026-09-10T13:00:00.000Z,New York,ai,2026-08-21
SheTO NYC Hub | Evolving Roles in the Agentic Era,https://lu.ma/3hoo6567,2026-09-10T22:00:00.000Z,New York,ai,2026-08-21
Financial Services Leadership Dinner,https://lu.ma/fy09u5s9,2026-09-10T23:00:00.000Z,New York,ai,2026-08-21
Trust in the Hiring Funnel Hackathon @ NYU,https://lu.ma/hr-hack-nyc,2026-09-12T14:00:00.000Z,New York,ai,2026-08-21
Connect NY 2026,https://lu.ma/zzabpo6d,2026-09-15T13:00:00.000Z,New York,ai,2026-08-21
AI x Finance: Founding Engineer Panel,https://lu.ma/pxv5f0gf,2026-09-16T22:00:00.000Z,New York,ai,2026-08-21
AI Databricks Hackathon NYC (201: Created - Career Building Event),https://lu.ma/nyctech-yim5,2026-09-18T18:00:00.000Z,New York,ai,2026-08-21
Rebalance New York 2026: CSO Summit,https://lu.ma/rebalanceny2026,2026-09-21T16:00:00.000Z,New York,ai,2026-08-21
Women of SaaS New York – Your Career: Repriced in an AI World,https://lu.ma/11l53htk,2026-09-24T22:00:00.000Z,New York,ai,2026-08-21
The Future of the Grid: From Utility Infrastructure to End Users,https://lu.ma/4ap7cgbs,2026-09-25T13:00:00.000Z,New York,ai,2026-08-21
Agentic AI Modernization on AWS,https://lu.ma/s6t4ytls,2026-10-06T12:30:00.000Z,New York,ai,2026-08-21
Decentralized AI Day New York - #AIWeekNY,https://lu.ma/e38g271w,2026-10-10T13:00:00.000Z,New York,ai,2026-08-21
Agentic Security - BSides NYC Week,https://lu.ma/m2zvxzxd,2026-10-16T22:00:00.000Z,New York,ai,2026-08-21
"The Marketing Meetup x BeReal: New York. How We Connect Now - AI, Socials, and Brand",https://lu.ma/i8tgqrsw,2026-10-20T22:00:00.000Z,New York,ai,2026-08-21
AI Demo Nights #12 ⚡️ AUG 2026,https://lu.ma/ai-demo-night-12,2026-08-26T17:30:00.000Z,London,ai,2026-08-21
The AI Workforce Summit @ Google,https://lu.ma/xzukd92a,2026-09-16T16:00:00.000Z,London,ai,2026-08-21
SuperSeed Investor Showcase,https://lu.ma/lw7ujb0p,2026-09-21T15:00:00.000Z,London,ai,2026-08-21
AI Movie Club x The Matrix (1999),https://lu.ma/1gpsvrbw,2026-09-24T17:00:00.000Z,London,ai,2026-08-21
AgentEng London: The Agent Engineering Conference,https://lu.ma/agentenglondon,2026-10-16T07:00:00.000Z,London,ai,2026-08-21
VAST Builders Challenge - London,https://lu.ma/vastlondon,2026-10-17T07:30:00.000Z,London,ai,2026-08-21
OpenMates Monthly Meetup,https://lu.ma/4rwaol33,2026-08-29T13:00:00.000Z,Berlin,ai,2026-08-21
Recoding Medicine: Berlin Matchmaking Night,https://lu.ma/foresight-bmzq,2026-09-02T16:00:00.000Z,Berlin,ai,2026-08-21
MTH Accelerator Startup Demo Day,https://lu.ma/ya965kac,2026-09-30T12:00:00.000Z,Berlin,ai,2026-08-21
"GOOD LEADER, GREAT EXPERIENCE: Leading People and CX Through AI with Vladimir and Onepilot",https://lu.ma/3tp8z5lp,2026-09-30T16:00:00.000Z,Berlin,ai,2026-08-21
SOIRÉE XD #21,https://lu.ma/fd0n5l6p,2026-12-03T17:00:00.000Z,Berlin,ai,2026-08-21
EdHack Aniversario <Aidea> Bienestar Docente - Educadores,https://lu.ma/2kjnebqb,2026-08-29T13:00:00.000Z,Lima,ai,2026-08-21
The Korea Playbook for Austin Physical AI Founders,https://lu.ma/h15csqrw,2026-09-17T23:00:00.000Z,Austin,ai,2026-08-21
AAIFF 2026: Deeper Into the Craft,https://lu.ma/e3mbx2wg,2026-10-16T13:00:00.000Z,Austin,ai,2026-08-21
The Ultimate Catan Tournament w/ Corgi & Gutgutgoose,https://lu.ma/rg5z9vyc,2026-08-25T00:00:00.000Z,San Francisco,tech,2026-08-22
Machine in the Garden,https://lu.ma/vx3cm9fp,2026-08-26T02:00:00.000Z,San Francisco,tech,2026-08-22
Scrappy AI Founders Play Pickleball (seed to series A),https://lu.ma/ke182j4w,2026-08-27T23:00:00.000Z,San Francisco,tech,2026-08-22
Chips & Chips: Invite Only by Wafer,https://lu.ma/wafer-agz6,2026-08-28T02:00:00.000Z,San Francisco,tech,2026-08-22
Parallax Angels 002 — An Afternoon of Found Art at the Bulb,https://lu.ma/qf3rb0du,2026-08-29T17:00:00.000Z,San Francisco,tech,2026-08-22
San Francisco Health/Bio Coffee Club,https://lu.ma/7584mfhp,2026-08-29T18:00:00.000Z,San Francisco,tech,2026-08-22
Battle of the Accelerators Padel Edition,https://lu.ma/j9lpxk1n,2026-08-29T19:00:00.000Z,San Francisco,tech,2026-08-22
Biotech @ Berkeley: Welcome Back Happy Hour,https://lu.ma/qqvf1z9j,2026-09-01T00:00:00.000Z,San Francisco,tech,2026-08-22
Product’s Done. Where’s Revenue?,https://lu.ma/zpa8kt4o,2026-09-02T00:00:00.000Z,San Francisco,tech,2026-08-22
"The Family Office & VC Dinner — Three Companies, Three Stages, Investors Exclusively",https://lu.ma/1zg7ayjh,2026-09-03T00:00:00.000Z,San Francisco,tech,2026-08-22
Bay Area Nix Meetup first Fridays at UC Berkeley’s OCF on September 4th 6PM to 11PM 🕚,https://lu.ma/7cnmrov5,2026-09-05T01:00:00.000Z,San Francisco,tech,2026-08-22
Swissnex Connect Lunch in Palo Alto,https://lu.ma/76yacwmy,2026-09-09T19:00:00.000Z,San Francisco,tech,2026-08-22
intro to touchdesigner | beginner friendly workshop w/ Andrew Butcher,https://lu.ma/touchdesigner101,2026-09-16T02:00:00.000Z,San Francisco,tech,2026-08-22
Paul Hastings Welcome Event (Day 1 of 2),https://lu.ma/mkuztr93,2026-09-22T19:00:00.000Z,San Francisco,tech,2026-08-22
Pitch Roast Live - SF Debut,https://lu.ma/PRLSFdebut,2026-09-24T01:00:00.000Z,San Francisco,tech,2026-08-22
The Security Table,https://lu.ma/v6f3zr2m,2026-09-24T01:00:00.000Z,San Francisco,tech,2026-08-22
NTU Tech Summit & Alumni Conference: Engineering the Next Frontier,https://lu.ma/hb85kazx,2026-10-23T17:00:00.000Z,San Francisco,tech,2026-08-22
Mactoberfest Meetup 2026,https://lu.ma/pemn2biy,2026-11-07T19:00:00.000Z,San Francisco,tech,2026-08-22
NYC Fintech Coffee,https://lu.ma/cm3d4cwb,2026-09-02T12:30:00.000Z,New York,tech,2026-08-22
"Growth, Beyond the Company",https://lu.ma/lnb1mc9f,2026-09-03T22:00:00.000Z,New York,tech,2026-08-22
Decagon Presents: GTM Summer Mixer in NYC,https://lu.ma/26hqcncy,2026-09-09T22:30:00.000Z,New York,tech,2026-08-22
FS Vector x LoanPro Finovate Fall Happy Hour,https://lu.ma/k87xlh9s,2026-09-10T21:00:00.000Z,New York,tech,2026-08-22
Navigating A Career in BCI : A Precision Neuroscience x NeuroNYC Event | September 10,https://lu.ma/ohmcwngz,2026-09-10T22:00:00.000Z,New York,tech,2026-08-22
Fashion Tech Week Conference,https://lu.ma/ftw26,2026-09-11T16:00:00.000Z,New York,tech,2026-08-22
It's a Henry's Dinner in NYC!,https://lu.ma/vyy1eavk,2026-09-12T16:00:00.000Z,New York,tech,2026-08-22
Spade x Kepler: NYC a16z FDE Fellowship Dinner,https://lu.ma/we8aoyvg,2026-09-14T22:30:00.000Z,New York,tech,2026-08-22
Supper Club: Compute NYC,https://lu.ma/10392wml,2026-09-14T23:00:00.000Z,New York,tech,2026-08-22
Young Professionals Nook,https://lu.ma/am3vydrk,2026-09-16T21:00:00.000Z,New York,tech,2026-08-22
2nd Annual Stanford NYC Climate Week Picnic,https://lu.ma/xav2wdb9,2026-09-20T18:00:00.000Z,New York,tech,2026-08-22
Q4 Full Funnel Performance Creative: Discovery to Post-Click,https://lu.ma/tzhuw9sr,2026-09-22T22:00:00.000Z,New York,tech,2026-08-22
IAM After Hours NYC,https://lu.ma/r03f9eck,2026-09-29T22:00:00.000Z,New York,tech,2026-08-22
Rooted in Security: S5,https://lu.ma/1373kv1w,2026-10-28T22:00:00.000Z,New York,tech,2026-08-22
Leadership Throughout Adversity: For Female Founders & Executives,https://lu.ma/cwe4kr6q,2026-09-14T16:45:00.000Z,London,tech,2026-08-22
LFG x Buffering Britain x Chicken Rush,https://lu.ma/lfg-qegm,2026-09-19T13:00:00.000Z,London,tech,2026-08-22
Talent Leaders networking evening,https://lu.ma/jquy83tm,2026-10-07T16:00:00.000Z,London,tech,2026-08-22
"Nerds, Creatives & Dreamers",https://lu.ma/n6phoelf,2026-08-22T13:00:00.000Z,Berlin,tech,2026-08-22
Immersive Experience Huddle,https://lu.ma/q9lhtx1v,2026-09-04T16:00:00.000Z,Berlin,tech,2026-08-22
Lenny’s Newsletter Meetup in Berlin (with free drinks courtesy of Revolut),https://lu.ma/8gbggv5q,2026-09-04T16:30:00.000Z,Berlin,tech,2026-08-22
The Delta Office Hours,https://lu.ma/fl99bh2r,2026-09-16T07:00:00.000Z,Berlin,tech,2026-08-22
Q3 Health2Tech Berlin - Collaboration & Partnering in Digital Health,https://lu.ma/qdemuxk0,2026-09-16T16:00:00.000Z,Berlin,tech,2026-08-22
Meetup de Datos,https://lu.ma/19jq2pfr,2026-09-12T14:00:00.000Z,Lima,tech,2026-08-22
Remix Austin Meetup,https://lu.ma/6cvigtxc,2026-09-02T23:30:00.000Z,Austin,tech,2026-08-22
"Palo Alto AI Paper Reading: Autonomous Science, Agentic RL & Recursive Self-Improvement",https://lu.ma/ebbhxbuf,2026-08-22T21:00:00.000Z,San Francisco,ai,2026-08-22
90/30 Club Reading - Multi-agent systems - Patterns and Problems,https://lu.ma/ohnaynky,2026-08-25T02:00:00.000Z,San Francisco,ai,2026-08-22
Seldon Research Night,https://lu.ma/asduh92v,2026-08-25T02:00:00.000Z,San Francisco,ai,2026-08-22
Creative Intelligent Machines Continuum: Luma maker night #1,https://lu.ma/cimc1,2026-08-26T01:00:00.000Z,San Francisco,ai,2026-08-22
The Future of Skills — Conversation Over Coffee,https://lu.ma/9rj49pyq,2026-08-26T15:30:00.000Z,San Francisco,ai,2026-08-22
Pitch a Future: An Economic System Design Night,https://lu.ma/zzfhel3v,2026-08-27T01:30:00.000Z,San Francisco,ai,2026-08-22
Computer-Use Agents (CUA) Night,https://lu.ma/aqmwya3d,2026-08-28T01:00:00.000Z,San Francisco,ai,2026-08-22
Keep Control of Your Agents’ Actions - Private AI Leaders Dinner,https://lu.ma/x53xx36b,2026-08-28T01:00:00.000Z,San Francisco,ai,2026-08-22
The New Cybersecurity Frontier: What Comes Next,https://lu.ma/genai-4kcx,2026-08-28T01:00:00.000Z,San Francisco,ai,2026-08-22
Who Pays the Robots?,https://lu.ma/leverage-agentic-commerce,2026-08-28T01:30:00.000Z,San Francisco,ai,2026-08-22
Guava Voice AI Hackathon: Build Night SF,https://lu.ma/678a9u02,2026-08-30T00:30:00.000Z,San Francisco,ai,2026-08-22
Forward Deployed: Evals - Beyond the Vibe Check,https://lu.ma/85oi0k2n,2026-09-02T01:00:00.000Z,San Francisco,ai,2026-08-22
AI Builders Breakfast @ Tesla,https://lu.ma/aibuildersnight,2026-09-02T16:30:00.000Z,San Francisco,ai,2026-08-22
SF Coffee Club | Early Stage B2B Non-Technical Founders,https://lu.ma/dbbs58ae,2026-09-02T17:00:00.000Z,San Francisco,ai,2026-08-22
Smart AI 100 2026,https://lu.ma/eg2lvyxq,2026-09-03T16:00:00.000Z,San Francisco,ai,2026-08-22
AI Art Workshop: Create a Place You Wish Existed,https://lu.ma/jvc34lbb,2026-09-11T01:30:00.000Z,San Francisco,ai,2026-08-22
"AI Infra Signal: Build, Operate, and Monetize Intelligence",https://lu.ma/uqxby9dm,2026-09-12T21:00:00.000Z,San Francisco,ai,2026-08-22
An Evening with Lightning AI,https://lu.ma/wz5lpw98,2026-09-17T00:30:00.000Z,San Francisco,ai,2026-08-22
The RichieBot Premiere: A Private Evening for Founders & Friends at the Intersection of Art & AI,https://lu.ma/RichieBot,2026-09-25T01:00:00.000Z,San Francisco,ai,2026-08-22
Foresight Institute and Convergent Research Salon: Launching Atlas and Oath,https://lu.ma/foresight-lqwp,2026-10-02T00:30:00.000Z,San Francisco,ai,2026-08-22
Empathy & Scale: Product Leadership in Behavioral Health,https://lu.ma/p3a07b3r,2026-10-14T02:00:00.000Z,San Francisco,ai,2026-08-22
Long Horizon Physical AI Summit,https://lu.ma/artifi-ufqw,2026-10-20T16:00:00.000Z,San Francisco,ai,2026-08-22
Ai Finance for Small Businesses,https://lu.ma/nf7yjglt,2026-08-26T22:00:00.000Z,New York,ai,2026-08-22
"VC Networking: Pitch Day — Manhattan, New York",https://lu.ma/bey8hcvb,2026-08-26T22:00:00.000Z,New York,ai,2026-08-22
NYC Voice AI Meetup: Build Smarter Voice Agents,https://lu.ma/v4fbpqof,2026-09-01T21:00:00.000Z,New York,ai,2026-08-22
"The Model Decision: Optimizing Cost, Control, & Speed",https://lu.ma/wyk8dklf,2026-09-09T21:00:00.000Z,New York,ai,2026-08-22
BIPOC Friday afternoon co-work w/ Forever 22,https://lu.ma/d0jrqfus,2026-09-11T17:00:00.000Z,New York,ai,2026-08-22
The Future of Film: Human Storytelling in the Age of AI,https://lu.ma/2ywgogdb,2026-09-15T22:00:00.000Z,New York,ai,2026-08-22
"AI Native Dev New York: Many agents, one repo.",https://lu.ma/ainative-0bzi,2026-09-16T22:00:00.000Z,New York,ai,2026-08-22
Defense Tech Meetup NYC - DTLN,https://lu.ma/vuof8ujn,2026-09-17T21:30:00.000Z,New York,ai,2026-08-22
The Art of Business New York | Value AI Institute | UNGA Week,https://lu.ma/e3c786i9,2026-09-22T19:00:00.000Z,New York,ai,2026-08-22
Builders & Brews NYC,https://lu.ma/tavily-nnzl,2026-09-25T13:00:00.000Z,New York,ai,2026-08-22
From Risk Maps to Resilience Investments: Making Climate AI Decision-Ready,https://lu.ma/w8pan7ac,2026-09-25T17:00:00.000Z,New York,ai,2026-08-22
Chapter Kickoff / Mixer (w/ The AI Collective),https://lu.ma/aic-ta-10-10,2026-10-10T16:00:00.000Z,New York,ai,2026-08-22
"Decision Confidence in Financial Services - Private Breakfast & Discussion - Mayfair, London",https://lu.ma/it88r1he,2026-08-25T07:00:00.000Z,London,ai,2026-08-22
Mobile Growth Masterclass,https://lu.ma/w5v4s263,2026-09-04T09:00:00.000Z,London,ai,2026-08-22
Building in the age of AI - a Quona Capital invite only dinner,https://lu.ma/e9aff0pz,2026-09-07T18:00:00.000Z,London,ai,2026-08-22
T-0: Cohort 2 Launch,https://lu.ma/hy1c7etk,2026-09-09T18:00:00.000Z,London,ai,2026-08-22
Builders & Brews London,https://lu.ma/bbh-london,2026-09-15T14:00:00.000Z,London,ai,2026-08-22
Enterprise AI Adoption Meet-up,https://lu.ma/9plb0z05,2026-09-22T17:00:00.000Z,London,ai,2026-08-22
London Marketing Exec Dinner: AI & the Modern Website (September Edition),https://lu.ma/eoyd9o4y,2026-09-29T17:45:00.000Z,London,ai,2026-08-22
Fifth Session | Vol. 7,https://lu.ma/3wfanlpk,2026-09-30T15:00:00.000Z,London,ai,2026-08-22
Toucan Talks October 2026,https://lu.ma/sgsk4wk3,2026-10-14T11:00:00.000Z,London,ai,2026-08-22
BRISA Reading Group 01 - Play2Perfect,https://lu.ma/mxay2irh,2026-08-24T16:30:00.000Z,Berlin,ai,2026-08-22
ACT Berlin #11 (AI Coworking Tuesday),https://lu.ma/act11,2026-08-25T07:30:00.000Z,Berlin,ai,2026-08-22
Builder's Night: Train Your Own Model,https://lu.ma/n1o4funp,2026-08-26T16:30:00.000Z,Berlin,ai,2026-08-22
GTM World Tour · Berlin,https://lu.ma/gtm-berlin,2026-09-01T16:00:00.000Z,Berlin,ai,2026-08-22
IFA Coffee Break for Innovation,https://lu.ma/3ksnjo6f,2026-09-04T12:00:00.000Z,Berlin,ai,2026-08-22
The Right to a Human Decision: Safeguard or Formality?,https://lu.ma/human-decisions-article22,2026-09-15T16:00:00.000Z,Berlin,ai,2026-08-22
Investor Meet : Billion Dollar opportunity to Clean Delhi Air,https://lu.ma/nzysb9rp,2026-08-23T19:00:00.000Z,San Francisco,tech,2026-08-23
Corgi Cafe Co-op - Make Your Own Coffee Dogpatch Edition,https://lu.ma/ncoebbg5,2026-08-24T19:00:00.000Z,San Francisco,tech,2026-08-23
Female Founders × Investors: Speed Networking Lunch (Each Founder Must Bring 1 Investor),https://lu.ma/fhh6fke3,2026-08-25T19:00:00.000Z,San Francisco,tech,2026-08-23
VC Round Table: An Intimate Conversation with Gopi Rangan,https://lu.ma/dy8x4psl,2026-08-26T00:00:00.000Z,San Francisco,tech,2026-08-23
Robo House Opening,https://lu.ma/10ve532l,2026-08-26T23:30:00.000Z,San Francisco,tech,2026-08-23
Coworking Session,https://lu.ma/rv167q7f,2026-08-27T19:00:00.000Z,San Francisco,tech,2026-08-23
Tech Leaders Fine Dining Series — Step SF @ The Palm Court at RH San Francisco,https://lu.ma/cue4menk,2026-08-28T01:00:00.000Z,San Francisco,tech,2026-08-23
Build week launch - 10 day check in,https://lu.ma/was19qak,2026-09-02T01:30:00.000Z,San Francisco,tech,2026-08-23
WAKA x WorldBuilder Mixer,https://lu.ma/6hjgfjid,2026-09-12T01:30:00.000Z,San Francisco,tech,2026-08-23
C9 Kickoff Dinner,https://lu.ma/4luk8yy8,2026-09-27T02:00:00.000Z,San Francisco,tech,2026-08-23
APP GROWTH WORKSHOP,https://lu.ma/9fev4ff7,2026-08-26T21:30:00.000Z,New York,tech,2026-08-23
Health & Fitness Dinner,https://lu.ma/lzgeb814,2026-08-27T23:30:00.000Z,New York,tech,2026-08-23
Climate Coffee NYC,https://lu.ma/tj7efkkn,2026-08-30T14:00:00.000Z,New York,tech,2026-08-23
Cyber Cafe,https://lu.ma/u80n4m78,2026-08-30T20:00:00.000Z,New York,tech,2026-08-23
AFRICAN INCUBATOR VALUE CREATION (AIVC) SERIES UNGA 2026 | NEW YORK CITY,https://lu.ma/dqapqz7v,2026-09-10T13:00:00.000Z,New York,tech,2026-08-23
Nanonite Social: NYC Nanotechnology Meetup,https://lu.ma/m0i564fc,2026-09-10T22:00:00.000Z,New York,tech,2026-08-23
Seed-Series A Founder Roundtable: Building Teams That Scale,https://lu.ma/uab3wm07,2026-09-16T21:00:00.000Z,New York,tech,2026-08-23
(pre)NY Climate Week Founder Speed Matching,https://lu.ma/aec93244,2026-09-18T12:30:00.000Z,New York,tech,2026-08-23
Founders in Healthcare Brunch,https://lu.ma/qf1xodkk,2026-08-23T11:00:00.000Z,London,tech,2026-08-23
Open demos 2,https://lu.ma/mz6swjee,2026-08-27T17:00:00.000Z,London,tech,2026-08-23
RUN HACK Warm-up x London Startup Operators Runclub🚀👟,https://lu.ma/mq3qzeuh,2026-08-28T06:30:00.000Z,London,tech,2026-08-23
BUILD AT SCALE - TechNeeks @CorgiCafe,https://lu.ma/795owgpb,2026-08-30T09:30:00.000Z,London,tech,2026-08-23
09. Rooftop September Social,https://lu.ma/20ie5u1w,2026-09-16T17:30:00.000Z,London,tech,2026-08-23
"Molecular Nodes Workshop in London, UK",https://lu.ma/qh88ds0x,2026-09-17T09:00:00.000Z,London,tech,2026-08-23
Co-Founder Matching Event,https://lu.ma/aaa435q0,2026-08-30T14:00:00.000Z,Berlin,tech,2026-08-23
Meet the Machines,https://lu.ma/ae5r6po8,2026-08-31T16:00:00.000Z,Berlin,tech,2026-08-23
Choose European Tech - Berlin Edition,https://lu.ma/76ha3jrj,2026-09-21T13:30:00.000Z,Berlin,tech,2026-08-23
Malaika Founders Top Golf,https://lu.ma/malaika-la5q,2026-08-23T16:30:00.000Z,San Francisco,ai,2026-08-23
Agent Native Builders Hackathon @ Cloudflare HQ,https://lu.ma/agentnativebuildershackathon,2026-08-26T16:00:00.000Z,San Francisco,ai,2026-08-23
985校友圈 x TSVC | 硅谷AI私董会#4：AI创业的中美温差——硅谷在押什么，中国在发生什么？,https://lu.ma/x7f8c53d,2026-08-26T22:30:00.000Z,San Francisco,ai,2026-08-23
Crush your email inbox w/ Minds,https://lu.ma/zmw8ofbv,2026-08-27T00:30:00.000Z,San Francisco,ai,2026-08-23
Claude Workshop: A Hands-On Event,https://lu.ma/bd5l7et1,2026-08-28T00:00:00.000Z,San Francisco,ai,2026-08-23
Cognitive Communes: Local-first agents for community living,https://lu.ma/8rmjb0ed,2026-09-01T01:00:00.000Z,San Francisco,ai,2026-08-23
AI Philosophy Nights: Metaphors for AI with Amy Kurzweil,https://lu.ma/553nq69x,2026-09-04T01:30:00.000Z,San Francisco,ai,2026-08-23
斯坦福Anthropic股权结构 对比OpenAI与xAI,https://lu.ma/rfvpciz9,2026-09-12T22:00:00.000Z,San Francisco,ai,2026-08-23
"Autonomy in Motion: Drones, UAV, USV, UUV & Supply Chains - Physical AI Builders Meetup",https://lu.ma/d6wjy9tf,2026-09-17T23:00:00.000Z,San Francisco,ai,2026-08-23
RobOpsCon 26,https://lu.ma/ds1tsm40,2026-10-22T15:00:00.000Z,San Francisco,ai,2026-08-23
Agents Rise On Solana,https://lu.ma/i8lky2q0,2026-08-24T21:00:00.000Z,New York,ai,2026-08-23
Seed2Table – Pitch+Dinner for Generational Health Tech & AI Investors,https://lu.ma/ij1bwwle,2026-09-08T22:00:00.000Z,New York,ai,2026-08-23
AI Agent Hackathon,https://lu.ma/xmlmhw4u,2026-09-27T14:00:00.000Z,New York,ai,2026-08-23
The Running Hackathon,https://lu.ma/tag-wx1t,2026-08-29T10:00:00.000Z,London,ai,2026-08-23
Unlocking ROI from AI and Tech: Insights from across the Real Estate Lifecycle - Workshop,https://lu.ma/u3ai4qr1,2026-09-09T12:30:00.000Z,London,ai,2026-08-23
The Trust Stack in The Age Of AI,https://lu.ma/ps7zoo2y,2026-09-15T17:00:00.000Z,London,ai,2026-08-23
"Coffee, Climate and AI Curious (London)",https://lu.ma/qungsh0h,2026-09-16T07:30:00.000Z,London,ai,2026-08-23
AI in the Physical World - Hosted by London Women in AI,https://lu.ma/054iv3eg,2026-11-05T18:00:00.000Z,London,ai,2026-08-23
AWS Agents of Impact with NVIDIA - Austin,https://lu.ma/aicamp-zjac,2026-08-25T15:00:00.000Z,Austin,ai,2026-08-23
Manus Fellow Event｜Austin AI Build Night: Make It,https://lu.ma/eg07wttt,2026-08-27T22:30:00.000Z,Austin,ai,2026-08-23
3Cs Dinner,https://lu.ma/djjlodqi,2026-08-25T01:30:00.000Z,San Francisco,tech,2026-08-24
PEF SF Private Dinner,https://lu.ma/postexit-v324,2026-08-25T01:30:00.000Z,San Francisco,tech,2026-08-24
Native Reading Room SF – #9,https://lu.ma/o195cntc,2026-08-27T01:00:00.000Z,San Francisco,tech,2026-08-24
Founders Helping Founders: Coffee & Coworking,https://lu.ma/u92zlvjg,2026-08-28T18:00:00.000Z,San Francisco,tech,2026-08-24
Verilog Meetup,https://lu.ma/8tmgopci,2026-08-30T18:00:00.000Z,San Francisco,tech,2026-08-24
Odoo Experice Americas 2026,https://lu.ma/7jqgh97m,2026-09-02T16:00:00.000Z,San Francisco,tech,2026-08-24
"Bots, Bevs & Invests",https://lu.ma/1p8qgn4x,2026-09-03T01:00:00.000Z,San Francisco,tech,2026-08-24
Founder Michelin Dinner with Arceus,https://lu.ma/p7zqpodv,2026-09-03T02:00:00.000Z,San Francisco,tech,2026-08-24
"Corgi Cafe: Hello, Dogpatch Party",https://lu.ma/ebxhglqs,2026-09-04T01:30:00.000Z,San Francisco,tech,2026-08-24
neocomputing niche tech meetup - jujutsu and version control of the future,https://lu.ma/yn6uj37n,2026-09-12T00:00:00.000Z,San Francisco,tech,2026-08-24
September 2026: Mental Health and Wellness for the Cybersecurity Community,https://lu.ma/sv-ck5o,2026-09-16T00:30:00.000Z,San Francisco,tech,2026-08-24
Startup Pitch & Networking in Palo Alto,https://lu.ma/z1y7vxcb,2026-10-02T00:00:00.000Z,San Francisco,tech,2026-08-24
Founders Chess Night,https://lu.ma/svavn10m,2026-08-26T22:00:00.000Z,New York,tech,2026-08-24
Workshop Wednesday: Founder-Led Growth: How to Build a LinkedIn Content Engine,https://lu.ma/w8qrgim4,2026-08-26T22:30:00.000Z,New York,tech,2026-08-24
Networking Walk ✦ Montclair ✦ Acorn General Store,https://lu.ma/bizbestie-walk-networking-montclair-sep-9,2026-09-09T15:00:00.000Z,New York,tech,2026-08-24
Gamma & Gather Meetup,https://lu.ma/meetgamma-92jw,2026-09-15T21:30:00.000Z,New York,tech,2026-08-24
CISO Strategy Salon - Speakeasy in NYC,https://lu.ma/tbcye8oz,2026-09-17T21:30:00.000Z,New York,tech,2026-08-24
"The South is on Fire: Southern Solutions Live - Tools, Technology, + Partnerships in Action",https://lu.ma/9poida2v,2026-09-21T18:30:00.000Z,New York,tech,2026-08-24
"☕ Coffee, Code, and Conversations | Developer Meetup",https://lu.ma/ldhiq2vn,2026-08-27T07:00:00.000Z,London,tech,2026-08-24
Quantum In Pubs - QUIPs,https://lu.ma/d9tfag36,2026-09-03T17:30:00.000Z,London,tech,2026-08-24
Lychee's Startup Games Night,https://lu.ma/ppv1ax7m,2026-09-16T17:00:00.000Z,London,tech,2026-08-24
Demonite - No Decks. Just Night of Live Demos.,https://lu.ma/7wjmg1zb,2026-09-21T17:00:00.000Z,London,tech,2026-08-24
"Sports, Fitness & Wellness: Founders, Investment & Innovation | London",https://lu.ma/ntl-7qpv,2026-09-22T17:30:00.000Z,London,tech,2026-08-24
Founder Nation: Co-working & Advisory Board Day - London - Come Build Together,https://lu.ma/r2u15lc3,2026-09-25T07:30:00.000Z,London,tech,2026-08-24
Endorphins & Exchanges – Founders Co-work & Run,https://lu.ma/pxfccj4t,2026-08-24T07:00:00.000Z,Berlin,tech,2026-08-24
Open Coworking Day 🌿🏠 with Offline Hour,https://lu.ma/u4t8jqdm,2026-08-25T08:00:00.000Z,Berlin,tech,2026-08-24
Solopreneur Meetup in Berlin,https://lu.ma/x0djz6b3,2026-09-11T09:00:00.000Z,Berlin,tech,2026-08-24
BERLIN QUANTUM BarBQ October 2026,https://lu.ma/g9c3117u,2026-10-06T15:00:00.000Z,Berlin,tech,2026-08-24
Social @ Pinthouse Pizza,https://lu.ma/ok6b2q2k,2026-08-31T23:30:00.000Z,Austin,tech,2026-08-24
Austin International Founders Meetup (Vol. 09),https://lu.ma/828bq2i2,2026-09-24T23:30:00.000Z,Austin,tech,2026-08-24
Inception x Ray Summit: Diffusion LLM Social,https://lu.ma/gyy4s6mq,2026-08-26T02:30:00.000Z,San Francisco,ai,2026-08-24
Querit Search Afterhours @ Bay Area,https://lu.ma/etygguo9,2026-08-27T02:00:00.000Z,San Francisco,ai,2026-08-24
Agent Context Without the Round Trip,https://lu.ma/n5ozj6uv,2026-08-28T01:00:00.000Z,San Francisco,ai,2026-08-24
Intelligence 2026: The Salon,https://lu.ma/q9yevv4c,2026-08-29T02:00:00.000Z,San Francisco,ai,2026-08-24
Halluminate Research Rave: NeurIPS Workshops Sprint,https://lu.ma/2yoy4m46,2026-08-29T17:00:00.000Z,San Francisco,ai,2026-08-24
API World - World’s Largest API Conference showcasing API & AI Technologies,https://lu.ma/humo35hv,2026-09-03T16:00:00.000Z,San Francisco,ai,2026-08-24
Career Strategy in the AI Economy,https://lu.ma/funvx7qg,2026-09-05T17:30:00.000Z,San Francisco,ai,2026-08-24
The AI Foundry Series- San Ramon Chapter,https://lu.ma/u5e2dm38,2026-09-11T01:00:00.000Z,San Francisco,ai,2026-08-24
AI Filmmaking Meetup - San Francisco - (Curious Refuge Community Meetup),https://lu.ma/ymyjblo6,2026-09-24T00:30:00.000Z,San Francisco,ai,2026-08-24
Oakland Tech Week: Build Different: AI x Community Design Sprint,https://lu.ma/cgx812ka,2026-10-02T20:00:00.000Z,San Francisco,ai,2026-08-24
NYC AI Co-working: Builder Demos & Feedback,https://lu.ma/gow762pl,2026-08-27T18:00:00.000Z,New York,ai,2026-08-24
Solo Unicorn Roundtable · Series 02,https://lu.ma/5y28aw9m,2026-09-05T18:00:00.000Z,New York,ai,2026-08-24
"Building Strong Foundations for Climate-Smart and Resilient Food Systems: Geospatial Innovation, Cloud Technologies, AI & Collaboration",https://lu.ma/cczdyejw,2026-09-22T14:30:00.000Z,New York,ai,2026-08-24
Agent builders night - NYC,https://lu.ma/builders-night-nyc,2026-09-29T22:00:00.000Z,New York,ai,2026-08-24
"Daytona HackSprint - NYC, October 2026",https://lu.ma/hacksprint-nyc,2026-10-16T13:00:00.000Z,New York,ai,2026-08-24
Curious Women in AI,https://lu.ma/t05mbcgx,2026-09-08T17:30:00.000Z,London,ai,2026-08-24
Agentic A.I. Private Dinner,https://lu.ma/ufg2vnrw,2026-09-22T17:00:00.000Z,London,ai,2026-08-24
Meetup #7 (AI Dev Peru),https://lu.ma/ubm9hlms,2026-08-29T00:00:00.000Z,Lima,ai,2026-08-24
EdHack Aniversario <Aidea> Bienestar Docente - Facilitadores UX,https://lu.ma/kwskxr1x,2026-08-29T13:00:00.000Z,Lima,ai,2026-08-24
The Ai Implementation Club,https://lu.ma/qavfhfzr,2026-08-30T18:00:00.000Z,Austin,ai,2026-08-24
Vulcan Happy Hour,https://lu.ma/3qjc6pb1,2026-09-03T20:00:00.000Z,Austin,ai,2026-08-24
FUNDA Texas: The Founder Playbook,https://lu.ma/oeugqisi,2026-10-01T22:00:00.000Z,Austin,ai,2026-08-24
XR Make & Tell with World Builder Claudia Miranda,https://lu.ma/sqgkzlzv,2026-08-26T01:30:00.000Z,San Francisco,tech,2026-08-25
Hardware Hack Night & Fixit Clinic,https://lu.ma/wmpvhql4,2026-08-26T02:00:00.000Z,San Francisco,tech,2026-08-25
Tony & Thibaut's Game Night - A better way to meet people,https://lu.ma/odc2xql0,2026-08-26T02:00:00.000Z,San Francisco,tech,2026-08-25
Office Hour with Helen Chou: Usage-Based Pricing for SaaS [SIT SV Hub Member Only],https://lu.ma/6ivn19f6,2026-08-27T00:30:00.000Z,San Francisco,tech,2026-08-25
Founder's & Investors Dinner,https://lu.ma/4dedkjpi,2026-08-27T01:30:00.000Z,San Francisco,tech,2026-08-25
Girls in Growth: All Hands (On Deck),https://lu.ma/f5k3ul5f,2026-08-28T01:00:00.000Z,San Francisco,tech,2026-08-25
DATA STRUCTURES & ALGORITHMS STUDY GROUP,https://lu.ma/2awjlg9b,2026-08-28T01:30:00.000Z,San Francisco,tech,2026-08-25
Cardinal Happy Hour,https://lu.ma/88b4cr7q,2026-08-28T02:00:00.000Z,San Francisco,tech,2026-08-25
Unwind with BalkanID - An Evening for Security Executives,https://lu.ma/kxn2w1p4,2026-08-28T02:30:00.000Z,San Francisco,tech,2026-08-25
Data Stroll SF: Aug 28,https://lu.ma/pez5u9uq,2026-08-28T16:00:00.000Z,San Francisco,tech,2026-08-25
Raising Your Seed Round: Lessons from the Reducto and Mintlify Founders,https://lu.ma/reductoai-obnb,2026-08-29T00:30:00.000Z,San Francisco,tech,2026-08-25
Late Night Coffeeshop,https://lu.ma/3469xcd5,2026-08-29T02:00:00.000Z,San Francisco,tech,2026-08-25
Berkeley Ruby Early Birds,https://lu.ma/nnd0071b,2026-08-29T15:00:00.000Z,San Francisco,tech,2026-08-25
Builders who Run SF — 5K,https://lu.ma/jy79lojy,2026-08-29T16:00:00.000Z,San Francisco,tech,2026-08-25
Experience Nosh: Live in Palo Alto,https://lu.ma/rhhjuyp4,2026-08-29T18:00:00.000Z,San Francisco,tech,2026-08-25
"""Automation for the People"" Build Session",https://lu.ma/roioo1zz,2026-08-29T19:00:00.000Z,San Francisco,tech,2026-08-25
Experience Nosh: Live in Palo Alto,https://lu.ma/0wnww3fq,2026-08-30T00:00:00.000Z,San Francisco,tech,2026-08-25
media theory reading circle,https://lu.ma/d7rodc9x,2026-08-30T23:00:00.000Z,San Francisco,tech,2026-08-25
Monopoly Money - SFs exclusive startup GTM meetup,https://lu.ma/tcyj0nst,2026-09-02T02:00:00.000Z,San Francisco,tech,2026-08-25
Board Game Night @ Dusty Robotics,https://lu.ma/jg39ijuc,2026-09-04T00:00:00.000Z,San Francisco,tech,2026-08-25
Longevity x Posture,https://lu.ma/870i4r3g,2026-09-04T00:30:00.000Z,San Francisco,tech,2026-08-25
The Technical Edge for Female Founders,https://lu.ma/uefuu042,2026-09-04T00:30:00.000Z,San Francisco,tech,2026-08-25
End of Summer Hangout,https://lu.ma/9htp1h76,2026-09-12T01:00:00.000Z,San Francisco,tech,2026-08-25
Josette Melchor // Newtemporary: Designing in the Space Between New and Next,https://lu.ma/xksvo7fp,2026-09-16T00:30:00.000Z,San Francisco,tech,2026-08-25
SF CTO Lunch,https://lu.ma/gy17ezmk,2026-09-16T20:30:00.000Z,San Francisco,tech,2026-08-25
Happy Hour - Mountain VIew,https://lu.ma/n7irw62p,2026-09-18T00:30:00.000Z,San Francisco,tech,2026-08-25
Founders Meetup - San Francisco,https://lu.ma/2l5y9vmy,2026-09-25T00:00:00.000Z,San Francisco,tech,2026-08-25
Happy Hour - Santa Clara,https://lu.ma/c6ba5s3i,2026-09-25T00:30:00.000Z,San Francisco,tech,2026-08-25
Hardware Pitch Night,https://lu.ma/bhmbsn8p,2026-09-25T01:00:00.000Z,San Francisco,tech,2026-08-25
Picnic with Builders at Stanford,https://lu.ma/cepu8kjp,2026-09-30T20:00:00.000Z,San Francisco,tech,2026-08-25
SF Startup Labs Demo Night,https://lu.ma/hhrufcfk,2026-10-02T00:30:00.000Z,San Francisco,tech,2026-08-25
"Founders, Funders & Friends: A Friday Morning Hike on the Peninsula",https://lu.ma/q44mon3b,2026-10-02T16:30:00.000Z,San Francisco,tech,2026-08-25
(International) YC founders picnic - #SFTechWeek,https://lu.ma/vmjvw2ox,2026-10-07T19:30:00.000Z,San Francisco,tech,2026-08-25
Marketing Engineer Happy Hour,https://lu.ma/r3pdbsea,2026-08-25T22:30:00.000Z,New York,tech,2026-08-25
Daring Ventures: Coffee Circle,https://lu.ma/fyvb9smr,2026-08-26T12:00:00.000Z,New York,tech,2026-08-25
Corgi Founders Breakfast Club,https://lu.ma/corginyc-yw1o,2026-08-27T14:00:00.000Z,New York,tech,2026-08-25
"Pre-Seed & Seed Founders x Investors: FiDi After Hours, Vol. 1",https://lu.ma/11045vae,2026-08-27T22:30:00.000Z,New York,tech,2026-08-25
Cyber Cafe,https://lu.ma/4vbyuxcu,2026-08-28T22:30:00.000Z,New York,tech,2026-08-25
Sabeel FYC: Living Beyond the Feed,https://lu.ma/lc3tgiyt,2026-09-01T00:00:00.000Z,New York,tech,2026-08-25
Climate Week 101 w/Climate Tech Cities,https://lu.ma/anew-climateweek101,2026-09-01T21:00:00.000Z,New York,tech,2026-08-25
Welcome Reception of the Turkish American Technology Summit,https://lu.ma/wgtdvb4i,2026-09-04T23:30:00.000Z,New York,tech,2026-08-25
KYXStart at Yankee Stadium Fintech,https://lu.ma/ezcmxjto,2026-09-08T22:30:00.000Z,New York,tech,2026-08-25
Founder Dinner,https://lu.ma/p49xqd20,2026-09-09T22:30:00.000Z,New York,tech,2026-08-25
Suraksha Catalyst NY/NJ Chapter Meet,https://lu.ma/lddf6n6a,2026-09-11T22:00:00.000Z,New York,tech,2026-08-25
SHOFAR + TASHLICH,https://lu.ma/ln7paetc,2026-09-13T21:00:00.000Z,New York,tech,2026-08-25
App Leaders Hours New York,https://lu.ma/app-leaders-hours-nyc,2026-09-17T23:00:00.000Z,New York,tech,2026-08-25
DAS Technology Consulting Meet & Greet: Two-Day Event on September 22nd & 23rd both days from 1 pm- 5 pm.,https://lu.ma/xaahkdtz,2026-09-22T17:00:00.000Z,New York,tech,2026-08-25
Empowering the Grid: The Strategic Role of Battery Storage in the Clean Energy Transition,https://lu.ma/gm9fqcb3,2026-09-22T21:00:00.000Z,New York,tech,2026-08-25
MIT Hard Tech Happy Hour,https://lu.ma/mit-climate-week-2026,2026-09-23T20:00:00.000Z,New York,tech,2026-08-25
Climate Cup 2026 - After Party at the Canuck Bar,https://lu.ma/17imj4nw,2026-09-23T23:30:00.000Z,New York,tech,2026-08-25
Founders Meetup - New York,https://lu.ma/uob7mvlu,2026-09-25T21:00:00.000Z,New York,tech,2026-08-25
6th Annual Industry Showcase at CUNY ASRC,https://lu.ma/vmp84tf6,2027-04-14T17:00:00.000Z,New York,tech,2026-08-25
build night,https://lu.ma/mjtgm69t,2026-08-27T17:00:00.000Z,London,tech,2026-08-25
$1M+ MRR Dinner Club · London,https://lu.ma/superwall-dinner-club,2026-09-02T18:00:00.000Z,London,tech,2026-08-25
Battle of Accelerators,https://lu.ma/km76s0sj,2026-09-03T17:30:00.000Z,London,tech,2026-08-25
London Fintech Breakfast,https://lu.ma/furd8enw,2026-09-08T08:30:00.000Z,London,tech,2026-08-25
PEAK STATE: Breathwork for Performance,https://lu.ma/i30vi6w2,2026-09-08T16:00:00.000Z,London,tech,2026-08-25
Women 4 Cyber UK Networking Drinks,https://lu.ma/kuajuyq9,2026-09-10T17:00:00.000Z,London,tech,2026-08-25
London Nepalese Tech Diaspora Meet by Proshore,https://lu.ma/pdgtphrz,2026-09-11T17:00:00.000Z,London,tech,2026-08-25
BuildHer x Corgi FoundHer Breakfast,https://lu.ma/iws0fdz7,2026-09-18T08:00:00.000Z,London,tech,2026-08-25
Omarchy London Meetup 001,https://lu.ma/yix9wlys,2026-09-24T17:30:00.000Z,London,tech,2026-08-25
Startup Agony Aunt Clinic,https://lu.ma/nbsr6mcx,2026-09-29T11:30:00.000Z,London,tech,2026-08-25
"Jacksonville UK Trade Mission: Defence, Innovation, and Dual-Use Technologies Summit",https://lu.ma/6avgix7k,2026-10-13T08:00:00.000Z,London,tech,2026-08-25
BreakfastInMotion,https://lu.ma/195h4tn3,2026-08-26T08:00:00.000Z,Berlin,tech,2026-08-25
The Delta Legal Office Hours,https://lu.ma/2u8az4g1,2026-08-26T12:00:00.000Z,Berlin,tech,2026-08-25
Co-Founder Matchmaking by Foundinity,https://lu.ma/uuqlnkvi,2026-08-30T16:00:00.000Z,Berlin,tech,2026-08-25
The Table. Midlife health for women.,https://lu.ma/d3hi4lh0,2026-09-02T16:00:00.000Z,Berlin,tech,2026-08-25
AENU X French Tech Berlin: Back to School Community Breakfast,https://lu.ma/ffdzkprz,2026-09-08T06:30:00.000Z,Berlin,tech,2026-08-25
HOLOBIONT - PANEL TALK - WHERE DOES THE BODY END?,https://lu.ma/wmr1xi6v,2026-09-08T16:30:00.000Z,Berlin,tech,2026-08-25
Investor Insight Session #2 - IBB Ventures,https://lu.ma/juni-yxf9,2026-09-16T09:30:00.000Z,Berlin,tech,2026-08-25
Tally Meetup - Berlin,https://lu.ma/5hss5llw,2026-09-23T16:00:00.000Z,Berlin,tech,2026-08-25
Asterisk en 15 minutos: Instalació y Configuración desde cero,https://lu.ma/jrpy67tm,2026-08-28T20:30:00.000Z,Lima,tech,2026-08-25
B Venture Capital: Peru Japan Startup Forum 2026,https://lu.ma/9qy5vcu8,2026-11-18T21:00:00.000Z,Lima,tech,2026-08-25
Code For Community - Austin,https://lu.ma/c13mdr86,2026-09-15T23:00:00.000Z,Austin,tech,2026-08-25
Strange Magic Hour: Hot Chips 2026,https://lu.ma/priez2jp,2026-08-26T01:30:00.000Z,San Francisco,ai,2026-08-25
Build from Dock: Conversational AI Agents in Messaging,https://lu.ma/ydz4xw6r,2026-08-27T00:00:00.000Z,San Francisco,ai,2026-08-25
Arize CPO: SOTA of Evaluating Agents,https://lu.ma/q3i1vj1g,2026-08-27T01:30:00.000Z,San Francisco,ai,2026-08-25
GC AI Invite Only SF GC Dinner,https://lu.ma/l49bvy2h,2026-08-27T01:30:00.000Z,San Francisco,ai,2026-08-25
Get Your Imagined Future Performed,https://lu.ma/6fapqjr2,2026-08-27T02:00:00.000Z,San Francisco,ai,2026-08-25
Mirapath Presents: Powering the Winning Hand,https://lu.ma/ngx7u9ep,2026-08-28T00:00:00.000Z,San Francisco,ai,2026-08-25
Co-developing verification for Pacing the Frontier,https://lu.ma/4ed9i2wm,2026-08-28T00:30:00.000Z,San Francisco,ai,2026-08-25
Tea Haus: Dedalus Labs x Janet AI,https://lu.ma/qom1grcs,2026-08-28T20:00:00.000Z,San Francisco,ai,2026-08-25
Agent Builder Happy Hour ☕,https://lu.ma/nxqxrgcw,2026-08-29T00:30:00.000Z,San Francisco,ai,2026-08-25
SFC × Abaka.ai Spatial Intelligence Night,https://lu.ma/7rm8s20g,2026-08-29T00:30:00.000Z,San Francisco,ai,2026-08-25
SEA Founder Night,https://lu.ma/tinyfish-ovnu,2026-08-29T01:00:00.000Z,San Francisco,ai,2026-08-25
Vibe Coding Demo Day #2｜Vibe Coding 项目分享会第二期,https://lu.ma/kb1cibwv,2026-08-29T21:00:00.000Z,San Francisco,ai,2026-08-25
AI 时代家庭财务规划与优化,https://lu.ma/j585x6t7,2026-08-30T17:00:00.000Z,San Francisco,ai,2026-08-25
🤖🍨 Sundae Robotics 06: V-JEPA 2 & Predicting Physical Intelligence,https://lu.ma/5h9owhri,2026-08-30T21:00:00.000Z,San Francisco,ai,2026-08-25
Founders + Solo Operators: Get Your Time Back w/ Minds,https://lu.ma/gbhel4p9,2026-09-01T19:30:00.000Z,San Francisco,ai,2026-08-25
"AI Creative Lab: Create Beautiful Reports, Slides, Posters & Videos",https://lu.ma/sa9qbk8n,2026-09-02T00:00:00.000Z,San Francisco,ai,2026-08-25
CITRIS Tech Policy Conversations: France's Path to Sustainable AI,https://lu.ma/1s8nk2u6,2026-09-02T01:00:00.000Z,San Francisco,ai,2026-08-25
The Reality Gap: A Sim-to-Real Seminar,https://lu.ma/rallysf-uqiv,2026-09-02T01:00:00.000Z,San Francisco,ai,2026-08-25
Local AI Workshop,https://lu.ma/piglrpy7,2026-09-05T23:00:00.000Z,San Francisco,ai,2026-08-25
Devtools founders coffee and waffles: design system as part of the AI harness,https://lu.ma/ldxnavdl,2026-09-08T16:00:00.000Z,San Francisco,ai,2026-08-25
"AI Creative Lab: Create Beautiful Reports, Slides, Posters & Videos",https://lu.ma/bgygxf6s,2026-09-10T00:00:00.000Z,San Francisco,ai,2026-08-25
Qualcomm UNO Q Hack Night #2,https://lu.ma/qualcomm-event-sep10-2026,2026-09-11T00:00:00.000Z,San Francisco,ai,2026-08-25
AI Infrastructure Night,https://lu.ma/ra1q3wlf,2026-09-11T00:30:00.000Z,San Francisco,ai,2026-08-25
"UX Wizards Talk: with Jesse Lowe, Senior Director of UX @Barracuda early bird $10",https://lu.ma/t2bg4uqq,2026-09-11T01:30:00.000Z,San Francisco,ai,2026-08-25
The AI Trust: Compliance as Competitive Advantage,https://lu.ma/3e4v1d6x,2026-09-12T18:00:00.000Z,San Francisco,ai,2026-08-25
"Women + AI x Luxfit Collab: Oh, She Lifts",https://lu.ma/f49ieour,2026-09-15T01:00:00.000Z,San Francisco,ai,2026-08-25
AI Engineering Leaders Dinner/Networking/Talks,https://lu.ma/gl1gg0je,2026-09-16T00:30:00.000Z,San Francisco,ai,2026-08-25
HER Silicon valley pitch: AI edition,https://lu.ma/t38k11m8,2026-09-16T00:30:00.000Z,San Francisco,ai,2026-08-25
Build With Korea | Showcase Day,https://lu.ma/wfaqp0oy,2026-09-16T19:00:00.000Z,San Francisco,ai,2026-08-25
The Conscious Machine: Toward Machina Sapiens — Keynote & Private VC Reception,https://lu.ma/3mla2eq7,2026-09-21T23:30:00.000Z,San Francisco,ai,2026-08-25
2026 HYSTA Annual Conference | AI at Scale,https://lu.ma/hysta2026ac,2026-09-26T16:00:00.000Z,San Francisco,ai,2026-08-25
AI Vanguard Collective 2026 Q3 Event,https://lu.ma/7adbwwo1,2026-10-01T00:30:00.000Z,San Francisco,ai,2026-08-25
San Jose AI Center of Excellence Batch 4 Expo,https://lu.ma/15l5gfwh,2026-11-02T22:00:00.000Z,San Francisco,ai,2026-08-25
FUSE San Francisco,https://lu.ma/FUSE-San-Francisco,2026-11-19T17:00:00.000Z,San Francisco,ai,2026-08-25
Tech x Market Decoders (This week's topic - Anthropic's IPO),https://lu.ma/olkvm2ii,2026-08-25T22:00:00.000Z,New York,ai,2026-08-25
Wheels Down in NYC: An HR Leaders Dinner on What to Automate Next with AI,https://lu.ma/y8dwqtx9,2026-08-25T22:00:00.000Z,New York,ai,2026-08-25
AI Marketing Bootcamp & Happy Hour,https://lu.ma/dxm2w6ch,2026-08-27T19:00:00.000Z,New York,ai,2026-08-25
BuildCity x NEAR Legion: Builders Cafe,https://lu.ma/tr1gjby6,2026-08-30T14:00:00.000Z,New York,ai,2026-08-25
Enterprise Security in the Age of AI at SPC NYC,https://lu.ma/sec-panel-nyc,2026-09-02T21:30:00.000Z,New York,ai,2026-08-25
Autonomous Finance: Have Your Agent Call My Agent,https://lu.ma/xpzf7zj3,2026-09-09T22:00:00.000Z,New York,ai,2026-08-25
Wine & Kimbap Night — AI Founders Dinner (Sponsored by Inauguration Capital),https://lu.ma/pub9d834,2026-09-11T22:30:00.000Z,New York,ai,2026-08-25
Claude in Finance NYC,https://lu.ma/93fk8i17,2026-09-13T21:00:00.000Z,New York,ai,2026-08-25
An evening with The Pragmatic Engineer,https://lu.ma/pragmatic-engineer-26,2026-09-17T21:30:00.000Z,New York,ai,2026-08-25
The Artist’s Stake,https://lu.ma/cxo87hgj,2026-09-17T23:00:00.000Z,New York,ai,2026-08-25
Executive Roundtable | UNGA Week: AI Strategy and Implementation Review,https://lu.ma/7otb5cde,2026-09-20T11:30:00.000Z,New York,ai,2026-08-25
BuilderBase NYC | Flow Digital + Airtable,https://lu.ma/flow-digital-nyc-09-23-26,2026-09-23T17:00:00.000Z,New York,ai,2026-08-25
Token Economics: Why Cost Kills More AI Projects Than Hallucinations,https://lu.ma/i6yn0nbv,2026-09-29T21:30:00.000Z,New York,ai,2026-08-25
AI Builders Program | Apply to Join | The AI Vision Challenge,https://lu.ma/904em2y3,2026-09-03T17:30:00.000Z,London,ai,2026-08-25
Build your AI Outbound Cockpit - a Hands-On London Workshop,https://lu.ma/dust-l8gn,2026-09-08T17:00:00.000Z,London,ai,2026-08-25
Build Night by Bilt.me - Vibe Coding for Mobile Apps,https://lu.ma/850wzld0,2026-09-09T17:00:00.000Z,London,ai,2026-08-25
Dixa Connect | London,https://lu.ma/75llxsx0,2026-09-10T11:00:00.000Z,London,ai,2026-08-25
Building AI Products with Hyperstack,https://lu.ma/encode-7bja,2026-09-10T17:00:00.000Z,London,ai,2026-08-25
"Women + AI: A London Dinner Party Series for Smart, Curious Women",https://lu.ma/ylc0eaod,2026-09-14T17:30:00.000Z,London,ai,2026-08-25
Light: The Next Chapter,https://lu.ma/light-the-next-chapter,2026-09-16T17:00:00.000Z,London,ai,2026-08-25
Private Dinner: Five Nines Nights,https://lu.ma/y5xmd4m0,2026-09-17T17:00:00.000Z,London,ai,2026-08-25
Zaro's BizOps Hackathon @ AWS,https://lu.ma/gehfjmwq,2026-09-18T13:00:00.000Z,London,ai,2026-08-25
Implement 2026 - Implement AI's Annual Showcase,https://lu.ma/dbdn9lpx,2026-09-30T08:30:00.000Z,London,ai,2026-08-25
build fridays berlin - work on your startup alongside others (bring laptop),https://lu.ma/7nfyrarr,2026-08-28T14:00:00.000Z,Berlin,ai,2026-08-25
AI Filmmaking Meetup: Your WIP Showcases,https://lu.ma/ohigfedr,2026-08-28T16:00:00.000Z,Berlin,ai,2026-08-25
FAVS x GCSx Executive Forum @IFA 2026,https://lu.ma/a0xnsyqg,2026-09-06T12:00:00.000Z,Berlin,ai,2026-08-25
The AI Transformation Table,https://lu.ma/kj23cu9v,2026-09-16T16:00:00.000Z,Berlin,ai,2026-08-25
Berlin Health AI Night: The Rise of Local AI,https://lu.ma/pn2n2yod,2026-09-22T15:00:00.000Z,Berlin,ai,2026-08-25
AI: The Conversation People Leaders Need to Have,https://lu.ma/usqjy5sr,2026-09-24T17:00:00.000Z,Berlin,ai,2026-08-25
Pioneer Watch Party- Berlin,https://lu.ma/Pioneer-watch-Berlin,2026-10-07T16:00:00.000Z,Berlin,ai,2026-08-25
UPSCALE DAY BERLIN,https://lu.ma/upscaledayberlin,2026-11-18T14:00:00.000Z,Berlin,ai,2026-08-25
AI Salon Lima | PeruTechWeek,https://lu.ma/aisalon-5pmw,2026-10-13T22:00:00.000Z,Lima,ai,2026-08-25
Frontier Table: Austin III,https://lu.ma/frontier-table-atx-no3,2026-08-29T00:00:00.000Z,Austin,ai,2026-08-25
Women Build With AI | Austin ☕,https://lu.ma/wulqfhej,2026-08-29T15:00:00.000Z,Austin,ai,2026-08-25
AI That Works: Teaching agents to pay with Apify,https://lu.ma/y2c90i6y,2026-09-01T22:30:00.000Z,Austin,ai,2026-08-25
ATX Marketing Innovators Happy Hour,https://lu.ma/7zi9edwu,2026-09-29T22:00:00.000Z,Austin,ai,2026-08-25
Slop Free Coworking,https://lu.ma/x6ee4f8a,2026-08-28T20:00:00.000Z,San Francisco,tech,2026-08-26
Tech Executives Meetup: Usher & Chris Brown Live @ Private Suite at Levi Stadium,https://lu.ma/bj2ofa5q,2026-08-29T01:00:00.000Z,San Francisco,tech,2026-08-26
2026 HYSTA Annual Conference Volunteer In Person Meetup,https://lu.ma/x2zrls3d,2026-08-29T01:30:00.000Z,San Francisco,tech,2026-08-26
Forward Deployed SF,https://lu.ma/f5mifl0m,2026-08-29T17:00:00.000Z,San Francisco,tech,2026-08-26
"The Collective ""MINI MEETS""",https://lu.ma/4s144tzt,2026-08-29T20:00:00.000Z,San Francisco,tech,2026-08-26
Women Tech Executives Meetup: Usher & Chris Brown Live @ Private Suite at Levi Stadium,https://lu.ma/2e8vej6w,2026-08-30T01:00:00.000Z,San Francisco,tech,2026-08-26
Angel Investing in the Emerging Muslim World,https://lu.ma/c7knqzyc,2026-08-30T17:00:00.000Z,San Francisco,tech,2026-08-26
Meet the Other Side: Job Seekers × Hiring Teams,https://lu.ma/ekl3ciyf,2026-09-04T01:00:00.000Z,San Francisco,tech,2026-08-26
Open Tab № 04,https://lu.ma/opentab004,2026-09-10T01:00:00.000Z,San Francisco,tech,2026-08-26
"TechWalk | Silicon Valley, 9/9",https://lu.ma/ml0r6osf,2026-09-10T01:00:00.000Z,San Francisco,tech,2026-08-26
Crashout Labs presents: Sushi party 3: The Reckoning of robots.,https://lu.ma/lkqvjd5o,2026-09-12T01:00:00.000Z,San Francisco,tech,2026-08-26
2026 HYSTA Annual Conference Volunteer In Person Meetup #2,https://lu.ma/hjqjnk2k,2026-09-12T22:00:00.000Z,San Francisco,tech,2026-08-26
Service Design Book Club: This Is Service Design Doing (part III),https://lu.ma/d1wltjxc,2026-09-13T22:00:00.000Z,San Francisco,tech,2026-08-26
Luxid & Valo.ai Present: The Ultimate Dreamforce Lunch Cruise,https://lu.ma/nbfnrddh,2026-09-14T20:00:00.000Z,San Francisco,tech,2026-08-26
🦀 Bay Area Rust - Graphics Meetup,https://lu.ma/9oiujuyw,2026-09-17T01:00:00.000Z,San Francisco,tech,2026-08-26
The BOM Standards No One Teaches Startups,https://lu.ma/vdfiz4fd,2026-09-18T00:30:00.000Z,San Francisco,tech,2026-08-26
Sept 18th Thiel Fellows x Finix Dinner,https://lu.ma/uwkk25gi,2026-09-19T01:00:00.000Z,San Francisco,tech,2026-08-26
Technical University of Munich: Start-up Pitch Event,https://lu.ma/tr6jtx8j,2026-09-24T01:00:00.000Z,San Francisco,tech,2026-08-26
Effective Civic Tech Practices for Public Transit,https://lu.ma/fhk4jk2a,2026-09-30T01:30:00.000Z,San Francisco,tech,2026-08-26
Founders at Work: Synthetic Design Lab,https://lu.ma/nja5onlg,2026-09-30T19:00:00.000Z,San Francisco,tech,2026-08-26
Founders at Work: Portal,https://lu.ma/7yjpiq5n,2026-10-06T19:00:00.000Z,San Francisco,tech,2026-08-26
Stanford DEFCON 2026,https://lu.ma/850gxevn,2026-10-07T15:30:00.000Z,San Francisco,tech,2026-08-26
Activate Berkeley 2026 Meet the Cohort,https://lu.ma/5yi1imdq,2026-10-08T23:00:00.000Z,San Francisco,tech,2026-08-26
Smartlead x Chatbase: Bowling Mixer 🎳,https://lu.ma/smartleadxchatbase,2026-10-09T23:00:00.000Z,San Francisco,tech,2026-08-26
Matthew Carlson // Future Farming: Designing Start-ups in a Big Company,https://lu.ma/3ht7uftr,2026-10-21T00:30:00.000Z,San Francisco,tech,2026-08-26
San Francisco Syntax Meetup,https://lu.ma/5ng6bniy,2026-10-28T00:00:00.000Z,San Francisco,tech,2026-08-26
Startup Pitch & Networking in San Francisco,https://lu.ma/szlyhbqc,2026-10-29T02:00:00.000Z,San Francisco,tech,2026-08-26
Intro to Laser Cutting & Engraving: Basic Use & Safety,https://lu.ma/mwrzu0mj,2026-08-27T22:00:00.000Z,New York,tech,2026-08-26
Ship 'n Run: a run club for founders & builders,https://lu.ma/43ffi1vt,2026-08-28T11:00:00.000Z,New York,tech,2026-08-26
Creative & Entrepreneur Meetup (Brooklyn),https://lu.ma/2o7mmfq7,2026-08-29T14:00:00.000Z,New York,tech,2026-08-26
Twilio Pickleball NYC,https://lu.ma/8xiwrlgx,2026-09-03T23:00:00.000Z,New York,tech,2026-08-26
Coworking in East Village,https://lu.ma/l0n3njyk,2026-09-04T16:00:00.000Z,New York,tech,2026-08-26
"Agency summer nights, NYC edition",https://lu.ma/yv2sd7n7,2026-09-08T22:30:00.000Z,New York,tech,2026-08-26
Climate and Sustainability Fall Happy Hour!,https://lu.ma/guagu1x7,2026-09-15T21:30:00.000Z,New York,tech,2026-08-26
DET NYC Meetup - Sept 17,https://lu.ma/xf3wghdh,2026-09-17T22:00:00.000Z,New York,tech,2026-08-26
"Why We Create, and Don’t Create",https://lu.ma/index-wgrj,2026-09-17T22:30:00.000Z,New York,tech,2026-08-26
Building and Manufacturing the Future,https://lu.ma/233vo3y0,2026-09-21T21:30:00.000Z,New York,tech,2026-08-26
"Tech Social | Supermoon, MongoDB, Avahi",https://lu.ma/x0dvp2pi,2026-09-22T21:30:00.000Z,New York,tech,2026-08-26
"Antenna House: The Value Transition (Presented by Sunrun, powered by Antenna Group)",https://lu.ma/9zgt2vai,2026-09-23T13:00:00.000Z,New York,tech,2026-08-26
Everyone's Reporting Climate Risk. Who's Deciding? From Disclosed Risk to Defended Assets,https://lu.ma/apjjerps,2026-09-23T13:30:00.000Z,New York,tech,2026-08-26
Common Denominator: How Philanthropy Unlocks and Scales Climate Innovation,https://lu.ma/hpyciizr,2026-09-23T14:00:00.000Z,New York,tech,2026-08-26
"Small Funds, Big Alpha: Matching LPs with Climate's Emerging Managers",https://lu.ma/v66hxvgi,2026-09-23T18:00:00.000Z,New York,tech,2026-08-26
WORKSHOP: US Battery Market Outlook (NYC),https://lu.ma/modo-wpk6,2026-09-24T14:00:00.000Z,New York,tech,2026-08-26
THE PITCH ROOM. Live. Interactive. Built for Founders.,https://lu.ma/ipx8g8e6,2026-09-24T22:30:00.000Z,New York,tech,2026-08-26
Beyond the Bin: Creative Reuse and the Future of Urban Waste,https://lu.ma/dnl680l5,2026-10-01T23:00:00.000Z,New York,tech,2026-08-26
ResiDay 2026: A Conference for Leaders in Residential Real Estate,https://lu.ma/nfzdfyr5,2026-11-06T14:30:00.000Z,New York,tech,2026-08-26
2026 Innovation Triangle - West Harlem Holiday Party,https://lu.ma/x2xjo3uk,2026-12-10T21:00:00.000Z,New York,tech,2026-08-26
Introduction to Electronics and Computing,https://lu.ma/zlp21ttw,2026-08-26T09:00:00.000Z,London,tech,2026-08-26
Weekly football 7-aside by Granola!,https://lu.ma/s9txyslw,2026-08-26T17:20:00.000Z,London,tech,2026-08-26
"Art + Tech Mixer, London",https://lu.ma/wrqnxuof,2026-08-26T18:00:00.000Z,London,tech,2026-08-26
basedcafe p1.,https://lu.ma/gj8m6rfp,2026-08-29T09:00:00.000Z,London,tech,2026-08-26
Founders in Healthcare Brunch,https://lu.ma/zeu2mw83,2026-08-30T11:00:00.000Z,London,tech,2026-08-26
Startup marketing without a marketing team,https://lu.ma/2mjpuaxx,2026-09-01T17:00:00.000Z,London,tech,2026-08-26
Weekly football 7-aside by Granola!,https://lu.ma/8k5i3dwi,2026-09-02T17:20:00.000Z,London,tech,2026-08-26
Run & Raise: Female Founders & VCs,https://lu.ma/x7itfjke,2026-09-03T07:45:00.000Z,London,tech,2026-08-26
Get your startup unstuck with Roland Siebelink,https://lu.ma/getyourstartupunstuck,2026-09-03T16:30:00.000Z,London,tech,2026-08-26
Audacity Lab: Improv Workshop For Women Founders,https://lu.ma/iqix3r6e,2026-09-06T13:00:00.000Z,London,tech,2026-08-26
Mayfair Kings Head Networking. SEPTEMBER GATHERING .,https://lu.ma/squj18qk,2026-09-07T17:00:00.000Z,London,tech,2026-08-26
Exploring Opportunities in... Cybersecurity in a Changing Geopolitical Landscape,https://lu.ma/ku4jq69r,2026-09-08T17:00:00.000Z,London,tech,2026-08-26
React Native London Meetup - September 2026,https://lu.ma/zget50lq,2026-09-09T17:30:00.000Z,London,tech,2026-08-26
Future-Proofing Buildings for the Next Generation of Occupiers- Roundtable,https://lu.ma/aoeriu26,2026-09-10T14:15:00.000Z,London,tech,2026-08-26
Creative Coding Bookclub- Vectors,https://lu.ma/p3yd263s,2026-09-10T17:30:00.000Z,London,tech,2026-08-26
Grishin Robotics Accelerator: Pitch Practice (Founders Only),https://lu.ma/4hj0fqm6,2026-09-11T08:30:00.000Z,London,tech,2026-08-26
"REX, Unearthed.",https://lu.ma/skvmkhtg,2026-09-16T17:00:00.000Z,London,tech,2026-08-26
Founder Poker with a Pro,https://lu.ma/phu03zbw,2026-09-16T17:30:00.000Z,London,tech,2026-08-26
Cyber Marketer London Meetup,https://lu.ma/cybers-44sx,2026-09-17T17:00:00.000Z,London,tech,2026-08-26
Fanvil × Yellowgrid RoadShow September 2026 - Second Stop,https://lu.ma/94n7hubd,2026-09-22T09:30:00.000Z,London,tech,2026-08-26
Founders Meetup - London,https://lu.ma/df7bitik,2026-09-23T15:30:00.000Z,London,tech,2026-08-26
London Startup Operator RunClub & Social,https://lu.ma/jg6x5jyo,2026-09-29T18:00:00.000Z,London,tech,2026-08-26
Healthtech Startup Breakfast: MMC x Jumpstart x NXGN,https://lu.ma/hk5e3x0g,2026-09-30T07:00:00.000Z,London,tech,2026-08-26
Real Futures: Pitch Day,https://lu.ma/violbdh1,2026-10-01T13:00:00.000Z,London,tech,2026-08-26
BOAT TOUR & Пикник на Wannsee,https://lu.ma/dhp72abw,2026-08-27T08:00:00.000Z,Berlin,tech,2026-08-26
FOMO x Qonto: Back to School Boats Party,https://lu.ma/fomobacktoschool,2026-08-27T16:00:00.000Z,Berlin,tech,2026-08-26
Omarchy Berlin - First Boot,https://lu.ma/vpazcuqh,2026-08-28T16:30:00.000Z,Berlin,tech,2026-08-26
Beck2Pony BACKSIZE - Pre-IFA Party,https://lu.ma/arcql43k,2026-08-29T14:00:00.000Z,Berlin,tech,2026-08-26
Founders ask – Investors Answer: Fundraising Best Practices (powered by beel),https://lu.ma/ok06sj0w,2026-09-03T14:00:00.000Z,Berlin,tech,2026-08-26
Female Founders Breakfast: Berlin,https://lu.ma/aqf35628,2026-09-05T08:00:00.000Z,Berlin,tech,2026-08-26
"Leap Open Office Day: Co-Working, Coffee & Quantum Vibes",https://lu.ma/c14doylh,2026-09-17T08:00:00.000Z,Berlin,tech,2026-08-26
Vivid Horizons,https://lu.ma/k8t3k1e7,2026-09-17T16:00:00.000Z,Berlin,tech,2026-08-26
"Leap Monthly Breakfast: Connect, Pitch & Innovate ☕️",https://lu.ma/k1258z3w,2026-09-29T08:00:00.000Z,Berlin,tech,2026-08-26
"Leap Monthly Breakfast: Connect, Pitch & Innovate ☕️",https://lu.ma/d2wi92x5,2026-10-27T09:00:00.000Z,Berlin,tech,2026-08-26
BERLIN QUANTUM BarBQ November 2026,https://lu.ma/z81jo9df,2026-11-10T16:00:00.000Z,Berlin,tech,2026-08-26
Reunión de miembros 2026.2,https://lu.ma/gwdi3h64,2026-08-29T21:00:00.000Z,Lima,tech,2026-08-26
Wallbit ya está en Perú 🇵🇪!,https://lu.ma/29mrsim9,2026-09-16T00:00:00.000Z,Lima,tech,2026-08-26
"Next Is You: Tu camino para crear, aprender, construir y trascender",https://lu.ma/4a4yursa,2026-10-24T14:00:00.000Z,Lima,tech,2026-08-26
after hours: a happy hour for austin's creatives and founders,https://lu.ma/r29wfmeu,2026-08-31T23:00:00.000Z,Austin,tech,2026-08-26
Open Coworking,https://lu.ma/j4p5885r,2026-09-01T15:00:00.000Z,Austin,tech,2026-08-26
Open Coworking,https://lu.ma/43uk1l1o,2026-09-08T15:00:00.000Z,Austin,tech,2026-08-26
Cyber GTM Austin | September Happy Hour,https://lu.ma/23vatyow,2026-09-09T22:30:00.000Z,Austin,tech,2026-08-26
Open Coworking,https://lu.ma/04o816ox,2026-09-15T15:00:00.000Z,Austin,tech,2026-08-26
"Data, Drinks, & Dives - Austin, TX | Hosted by MotherDuck + Brainforge",https://lu.ma/data-drinks-austin,2026-09-17T22:30:00.000Z,Austin,tech,2026-08-26
WoCS Austin X Cloudflare: The Forward Deployed Era + CS's Shift to Revenue,https://lu.ma/womenofcs-0soy,2026-09-24T22:30:00.000Z,Austin,tech,2026-08-26
AI x Hardware Engineering Dinner,https://lu.ma/rbw7te2a,2026-08-27T00:30:00.000Z,San Francisco,ai,2026-08-26
Get Set up w/ Cursor & Claude,https://lu.ma/m2cecq3c,2026-08-27T01:00:00.000Z,San Francisco,ai,2026-08-26
How AI really works: Fireside chat,https://lu.ma/xic58ovb,2026-08-28T00:00:00.000Z,San Francisco,ai,2026-08-26
The Non-Billable Hour: Cocktails with Arceus 2 🍸,https://lu.ma/brll80ix,2026-08-28T02:00:00.000Z,San Francisco,ai,2026-08-26
Weekend Coffee Chat | China Quant & AI Community Meetup,https://lu.ma/itog376v,2026-08-29T17:00:00.000Z,San Francisco,ai,2026-08-26
AI workflow show-and-tell,https://lu.ma/5o91txvi,2026-09-01T00:00:00.000Z,San Francisco,ai,2026-08-26
[Codeology x B@B x MLAB x Codebase x Webdev x MDB x E@B x Blueprint x Neurotech x SAAS] Build with SpaceXAI,https://lu.ma/e7ejtu08,2026-09-01T02:00:00.000Z,San Francisco,ai,2026-08-26
Grok @bot builder demos,https://lu.ma/p4rvaf0y,2026-09-02T01:00:00.000Z,San Francisco,ai,2026-08-26
Lunch with WDAI - AI World,https://lu.ma/xljo3re7,2026-09-02T18:30:00.000Z,San Francisco,ai,2026-08-26
Bring Your Agent : Make One Sensitive Action From Human Check to Grounded Action Approval,https://lu.ma/greh36uq,2026-09-03T22:00:00.000Z,San Francisco,ai,2026-08-26
Who’s Watching the Agents? Governance and Security for a Multi-Agent World.,https://lu.ma/jmlhq9sd,2026-09-05T00:30:00.000Z,San Francisco,ai,2026-08-26
Scrappy AI Founders Play Soccer (seed to series A),https://lu.ma/90if7wlz,2026-09-08T01:00:00.000Z,San Francisco,ai,2026-08-26
Blinkko Launch Party: A first look at the social wearable that brings AI into real-world connection.,https://lu.ma/bpipdia5,2026-09-09T01:00:00.000Z,San Francisco,ai,2026-08-26
AI Dev Showcase Night at Workato,https://lu.ma/3jjnn921,2026-09-10T00:30:00.000Z,San Francisco,ai,2026-08-26
MotherDucking Data + AI Happy Hour,https://lu.ma/duckdb-06i7,2026-09-10T00:30:00.000Z,San Francisco,ai,2026-08-26
The Shape of Inference,https://lu.ma/119fmn5v,2026-09-10T02:30:00.000Z,San Francisco,ai,2026-08-26
Mahjong Party for AI Builders,https://lu.ma/fm6e4puk,2026-09-11T00:00:00.000Z,San Francisco,ai,2026-08-26
humans in the loop,https://lu.ma/islaag11,2026-09-11T01:30:00.000Z,San Francisco,ai,2026-08-26
K-AI Tech Week @ Silicon Valley,https://lu.ma/7thnmyav,2026-09-11T16:00:00.000Z,San Francisco,ai,2026-08-26
Arāya Sessions: AI & Fundraising,https://lu.ma/oi48vqha,2026-09-11T22:00:00.000Z,San Francisco,ai,2026-08-26
AI Transformation Over Aperitivo with Co-founder Akshay Kothari,https://lu.ma/jrggpmhp,2026-09-16T23:00:00.000Z,San Francisco,ai,2026-08-26
Democratizing Innovation in American Healthcare,https://lu.ma/659dphw4,2026-09-16T23:00:00.000Z,San Francisco,ai,2026-08-26
Customer Experience & AI | Demo Night with Plain & Persona,https://lu.ma/cxdemonight,2026-09-17T00:30:00.000Z,San Francisco,ai,2026-08-26
Ground Truth by Sphere ft. a16z,https://lu.ma/ahb7ttbn,2026-09-17T20:00:00.000Z,San Francisco,ai,2026-08-26
Vibe Code like a Professional - eCommerce Sites,https://lu.ma/vibe-coding-2-sep17-2026,2026-09-17T20:00:00.000Z,San Francisco,ai,2026-08-26
💎GemJam: Use AI to Make & 3D Print Jewelry in One Night!,https://lu.ma/machine-tc6s,2026-09-20T21:00:00.000Z,San Francisco,ai,2026-08-26
"The RichieBot Premiere: A Private Evening at the Intersection of Art, AI & Modern Marketing",https://lu.ma/RichieBotPremiere,2026-09-24T00:30:00.000Z,San Francisco,ai,2026-08-26
Beyond the Hype: AI and the Future of Finance,https://lu.ma/du032iac,2026-09-28T16:00:00.000Z,San Francisco,ai,2026-08-26
"Grafana & Friends SF: Observability, MCPs, and Tacos",https://lu.ma/wuzsl6c6,2026-10-01T01:00:00.000Z,San Francisco,ai,2026-08-26
"AI Tech Leaders' Club, Q3 2026: Building Continuously Improving AI Systems",https://lu.ma/b4aw0r1u,2026-10-08T00:15:00.000Z,San Francisco,ai,2026-08-26
AAMA FUTURE OF AI SUMMIT 2026,https://lu.ma/g9y07o6u,2026-10-14T20:00:00.000Z,San Francisco,ai,2026-08-26
Stefanie Hutka // What Your Machines Should Do: The Science and Strategy of Human-Centered Automation,https://lu.ma/k0amr17h,2026-11-04T01:30:00.000Z,San Francisco,ai,2026-08-26
Andrew Hogan // The New Rules of Design,https://lu.ma/vn0ymwdu,2026-11-11T01:30:00.000Z,San Francisco,ai,2026-08-26
"Sales Rally & AI With Regional Tech Trainer, Ashley Coppola",https://lu.ma/ox5inanm,2026-08-27T16:00:00.000Z,New York,ai,2026-08-26
The Compute Layer - Kardashev GPU,https://lu.ma/dz4oo89a,2026-08-27T20:00:00.000Z,New York,ai,2026-08-26
Dinner: Leveraging AI Agents,https://lu.ma/paramus_nj_dinner,2026-09-01T23:00:00.000Z,New York,ai,2026-08-26
The Future of Enterprise AI: Leaders Dinner,https://lu.ma/7ewll2xi,2026-09-01T23:00:00.000Z,New York,ai,2026-08-26
Claude Cowork for Day-to-Day Productivity,https://lu.ma/edaha9rt,2026-09-10T13:00:00.000Z,New York,ai,2026-08-26
TechTable by Vention NYC: Operationalizing AI at Scale,https://lu.ma/1bozz017,2026-09-10T22:00:00.000Z,New York,ai,2026-08-26
"Thought Leadership Dinner ""The Ontology Advantage""",https://lu.ma/yplm11g2,2026-09-17T22:30:00.000Z,New York,ai,2026-08-26
Data Salon: AI and Labor,https://lu.ma/t0jdp8hv,2026-09-22T22:30:00.000Z,New York,ai,2026-08-26
AI 2030 Summit-New York,https://lu.ma/6tvjwa2q,2026-09-23T13:00:00.000Z,New York,ai,2026-08-26
State Capacity AI Hackathon: Public Engagement,https://lu.ma/0hy8qqmd,2026-09-30T21:30:00.000Z,New York,ai,2026-08-26
JP Morgan + Omneky: Cocktails and Apps,https://lu.ma/ayr7l7w7,2026-09-30T22:00:00.000Z,New York,ai,2026-08-26
AI for Owners NYC: Find the Leaks in Your Business,https://lu.ma/6qkk16sj,2026-10-01T22:00:00.000Z,New York,ai,2026-08-26
Kajora Global Innovation Fall Forum,https://lu.ma/olf58gz0,2026-10-07T12:00:00.000Z,New York,ai,2026-08-26
Claude & Longevity Health,https://lu.ma/h7257r12,2026-10-18T18:00:00.000Z,New York,ai,2026-08-26
Pioneering Minds AI: Pitching Masterclass III,https://lu.ma/w6eyybfk,2026-10-28T22:00:00.000Z,New York,ai,2026-08-26
Claude x Softr: Unlocking Claude MCP for AI Business Apps,https://lu.ma/softr-ycj9,2026-08-27T16:30:00.000Z,London,ai,2026-08-26
SWE Dinner + Demos #3: Bring Your Own Agent,https://lu.ma/efm9b96u,2026-08-27T17:30:00.000Z,London,ai,2026-08-26
Robotics Dinner London,https://lu.ma/txeaxusl,2026-08-27T18:00:00.000Z,London,ai,2026-08-26
"Daytona HackSprint - London, August 2026",https://lu.ma/hacksprint-london,2026-08-30T08:30:00.000Z,London,ai,2026-08-26
AI-Assisted Math Research Paper Club by Nebius Academy (September 2nd),https://lu.ma/2gbm9s54,2026-09-02T17:30:00.000Z,London,ai,2026-08-26
Afterthoughts: How tech is rewiring our expectations,https://lu.ma/xhqiqwve,2026-09-03T17:00:00.000Z,London,ai,2026-08-26
[O]pen House Fireside with Attio | Hosted by R[3]sidency x Construct,https://lu.ma/attio-residency,2026-09-08T17:30:00.000Z,London,ai,2026-08-26
[Chill] Robotics Networking Meetup London #4,https://lu.ma/hz9paqrs,2026-09-11T17:00:00.000Z,London,ai,2026-08-26
Cursor Conversations London | Maximising ROI on Intelligence,https://lu.ma/CC-LND-SEPT,2026-09-15T16:30:00.000Z,London,ai,2026-08-26
eve eves | LDN,https://lu.ma/eveLDN,2026-09-15T16:30:00.000Z,London,ai,2026-08-26
GirlsWhoML & PhysicsX Hackathon,https://lu.ma/cvpxxlpq,2026-09-15T16:30:00.000Z,London,ai,2026-08-26
Round Table: AI & the Future of Finance,https://lu.ma/zmxedk8x,2026-09-15T17:30:00.000Z,London,ai,2026-08-26
Journey to CFO: Practical use cases for AI and Finance,https://lu.ma/ym1cco2w,2026-09-24T07:15:00.000Z,London,ai,2026-08-26
AI Founders Breakfast Club. Saturday 5th September,https://lu.ma/i8hmt7nn,2026-09-26T08:30:00.000Z,London,ai,2026-08-26
She Bytes Back x Funding Circle: Bringing Engineering Standards to Agentic Workflows,https://lu.ma/4p11xgwf,2026-09-30T17:00:00.000Z,London,ai,2026-08-26
Pioneer Watch Party- London,https://lu.ma/fin-Ldn-Pioneer-watch,2026-10-07T16:00:00.000Z,London,ai,2026-08-26
Finance Transformation Deep-Dive,https://lu.ma/uwedtwts,2026-11-12T08:00:00.000Z,London,ai,2026-08-26
"Cybersecurity × AI: Berlin's Builders, Breakers & Backers #2",https://lu.ma/13bgbude,2026-08-26T17:00:00.000Z,Berlin,ai,2026-08-26
The Enshittification of Everything and What Comes Next,https://lu.ma/3olog9a6,2026-09-05T10:00:00.000Z,Berlin,ai,2026-08-26
AI Coding Workshop Berlin edition,https://lu.ma/AICodingWorkshopBerlin,2026-09-15T06:30:00.000Z,Berlin,ai,2026-08-26
AI in Life Sciences: Speed Networking & Roundtables,https://lu.ma/7rl80ns2,2026-09-21T16:30:00.000Z,Berlin,ai,2026-08-26
Executive Dialogue with Karsten Neugebauer,https://lu.ma/vw4u2jl9,2026-09-30T16:00:00.000Z,Berlin,ai,2026-08-26
Austin Hardtech: What We're Building,https://lu.ma/q2zi4z9o,2026-09-03T22:00:00.000Z,Austin,ai,2026-08-26
Beers and Builders 2: Adversarial Actors,https://lu.ma/nqytmbdi,2026-09-08T22:00:00.000Z,Austin,ai,2026-08-26
Inside Fundraising: Building Lasting LP Relationships Before and After the Raise,https://lu.ma/vnx101a3,2026-08-28T00:30:00.000Z,San Francisco,tech,2026-08-27
Breakfast at Rachel's - August Edition,https://lu.ma/6ll0v5o4,2026-08-28T17:00:00.000Z,San Francisco,tech,2026-08-27
Foresight coworking / happy hour,https://lu.ma/foresight-peyj,2026-08-28T19:30:00.000Z,San Francisco,tech,2026-08-27
Female Founders Networking Event & Masterclass,https://lu.ma/xfv6tim1,2026-08-29T00:00:00.000Z,San Francisco,tech,2026-08-27
Berkeley FA26 Design Fair,https://lu.ma/5owsyvmo,2026-08-29T01:00:00.000Z,San Francisco,tech,2026-08-27
Lexi at the Bottle,https://lu.ma/j2pu9rie,2026-09-01T22:30:00.000Z,San Francisco,tech,2026-08-27
Tony & Thibaut's Game Night - A better way to meet people,https://lu.ma/m6zk2tfb,2026-09-02T02:00:00.000Z,San Francisco,tech,2026-08-27
Ra's Circle · Edition 2 · Private Dinner Gathering,https://lu.ma/0sr8ai4a,2026-09-03T00:00:00.000Z,San Francisco,tech,2026-08-27
🚀 Startup Pitch Night | B4SF.com,https://lu.ma/4ireywo7,2026-09-03T01:00:00.000Z,San Francisco,tech,2026-08-27
AFTP Film Fest: Neptune Frost,https://lu.ma/yz15wnoz,2026-09-03T02:30:00.000Z,San Francisco,tech,2026-08-27
MTC Hello World </>,https://lu.ma/fm7vauz0,2026-09-04T00:00:00.000Z,San Francisco,tech,2026-08-27
3rd Self-Improving Software Workshop,https://lu.ma/60a42tti,2026-09-04T01:00:00.000Z,San Francisco,tech,2026-08-27
Berkeley Future And Current Founders Meetup And Poker,https://lu.ma/mkeyhezf,2026-09-05T21:00:00.000Z,San Francisco,tech,2026-08-27
🔗 Women of 9Zero: Mixer & Meetup,https://lu.ma/pk7us0bt,2026-09-10T00:00:00.000Z,San Francisco,tech,2026-08-27
SILTA KICK-OFF PARTY,https://lu.ma/uc1hf9jg,2026-09-11T00:30:00.000Z,San Francisco,tech,2026-08-27
Build With Korea | Pilot Day,https://lu.ma/kuk3u4ao,2026-09-15T18:00:00.000Z,San Francisco,tech,2026-08-27
Sunset Cocktails on the Bay,https://lu.ma/etb7d9n8,2026-09-17T00:30:00.000Z,San Francisco,tech,2026-08-27
Deep Tech Networking Brunch,https://lu.ma/events-cm5i,2026-09-18T16:00:00.000Z,San Francisco,tech,2026-08-27
The Council Angels: Move & Gather,https://lu.ma/94bi4tif,2026-09-18T18:00:00.000Z,San Francisco,tech,2026-08-27
Strawberry Creek Brunch GGSxBerkeley SWE,https://lu.ma/m4rnzzra,2026-09-20T18:00:00.000Z,San Francisco,tech,2026-08-27
Automated Happy Hour,https://lu.ma/n688dcl5,2026-09-23T01:00:00.000Z,San Francisco,tech,2026-08-27
Crashout Labs presents : Introducing Stonebyte,https://lu.ma/e0hca118,2026-09-26T01:00:00.000Z,San Francisco,tech,2026-08-27
SF Founders Brew Mixer,https://lu.ma/03k1rbkr,2026-09-30T01:30:00.000Z,San Francisco,tech,2026-08-27
Stifel Steins,https://lu.ma/ul39qz0d,2026-10-01T23:00:00.000Z,San Francisco,tech,2026-08-27
Startup Pitch & Networking in Palo Alto,https://lu.ma/43ptr1be,2026-10-30T00:00:00.000Z,San Francisco,tech,2026-08-27
Blackbird Builder Crawl NYC,https://lu.ma/flycrawlnyc,2026-08-27T21:45:00.000Z,New York,tech,2026-08-27
Hiring 3 people this Friday!,https://lu.ma/mopleqav,2026-08-28T12:00:00.000Z,New York,tech,2026-08-27
Got2eat Founders meal-up,https://lu.ma/wd8w9au1,2026-08-28T17:00:00.000Z,New York,tech,2026-08-27
Ship It Friday | NYC Coworking Cafe,https://lu.ma/cwuoy0sr,2026-08-28T17:30:00.000Z,New York,tech,2026-08-27
Outlandish Athletic Club | NYC Builder Workout,https://lu.ma/brkdtvqd,2026-08-29T14:00:00.000Z,New York,tech,2026-08-27
Micro Monday Coworking,https://lu.ma/wzdt88pa,2026-08-31T14:00:00.000Z,New York,tech,2026-08-27
Cofounder Mode Card Game | Live Play-Through Party,https://lu.ma/5ifxhmfl,2026-08-31T22:00:00.000Z,New York,tech,2026-08-27
Morning Coffee with Airwallex x Wayo,https://lu.ma/vynm96b0,2026-09-03T12:00:00.000Z,New York,tech,2026-08-27
NYC DSSG | Data Diplomats For Nonprofits Happy Hour - Celebrate Our Official Status as a Nonprofit!,https://lu.ma/tc5dertw,2026-09-03T22:00:00.000Z,New York,tech,2026-08-27
OPEN TALKS - Overcoming Perfectionism Paralysis,https://lu.ma/bz00oggv,2026-09-03T22:00:00.000Z,New York,tech,2026-08-27
Morning Coffee,https://lu.ma/ujul042j,2026-09-05T14:30:00.000Z,New York,tech,2026-08-27
FinTech on Tap,https://lu.ma/czz8beb8,2026-09-10T22:00:00.000Z,New York,tech,2026-08-27
Startup Friends - Yoga & Chill w/ Mobius,https://lu.ma/cml3x7gd,2026-09-13T15:30:00.000Z,New York,tech,2026-08-27
Aryon x Huskeys: Game Day Giants vs. Cowboys 🏈,https://lu.ma/dtm9xpjg,2026-09-13T22:00:00.000Z,New York,tech,2026-08-27
VIP Networking - Aspiring Leaders,https://lu.ma/i2xjaufe,2026-09-15T22:30:00.000Z,New York,tech,2026-08-27
KW Core Command Crash Course: Websites and Marketing,https://lu.ma/fpz300vg,2026-09-16T15:00:00.000Z,New York,tech,2026-08-27
Advancing Energy Innovation for a Resilient Urban Future,https://lu.ma/yg28ttv9,2026-09-21T13:00:00.000Z,New York,tech,2026-08-27
Fintech Run Club ft. Rain + Monk + JP Morgan,https://lu.ma/iy073jdo,2026-09-22T11:00:00.000Z,New York,tech,2026-08-27
Tokens per Watt - SE Ventures NYCW Breakfast,https://lu.ma/se-ventures-nycw,2026-09-22T12:30:00.000Z,New York,tech,2026-08-27
Industrial Decarbonization & Urban Resilience,https://lu.ma/wfe5k1gi,2026-09-22T13:00:00.000Z,New York,tech,2026-08-27
Extreme Heat and Vulnerable Populations Datathon,https://lu.ma/i70accyk,2026-09-22T17:00:00.000Z,New York,tech,2026-08-27
Climate Week Happy Hour: Enterprise Partnerships for Startups,https://lu.ma/7izjb540,2026-09-22T19:00:00.000Z,New York,tech,2026-08-27
Tapping the Urban Mine: Incentivizing & Scaling Critical Material Supply Chains,https://lu.ma/1wkspici,2026-09-23T16:00:00.000Z,New York,tech,2026-08-27
C2ES Scale-Up Summit,https://lu.ma/C2ES-ScaleUp-Summit,2026-09-23T18:30:00.000Z,New York,tech,2026-08-27
Shaping the Data Center Narrative,https://lu.ma/evigo33o,2026-09-23T18:30:00.000Z,New York,tech,2026-08-27
Israel U.S. Climate Meetings Cafe,https://lu.ma/e6rx17y5,2026-09-23T19:00:00.000Z,New York,tech,2026-08-27
Riding The Fifth Wave Of Maritime Industrial Transformation,https://lu.ma/idm7yh28,2026-09-23T20:00:00.000Z,New York,tech,2026-08-27
Baltic Tech Meetup in NYC,https://lu.ma/dwvxg2c5,2026-09-24T00:00:00.000Z,New York,tech,2026-08-27
Steps Toward Sustainability: NY Climate Week Stroll Along the Hudson River,https://lu.ma/tiaor3cv,2026-09-24T12:00:00.000Z,New York,tech,2026-08-27
The Climate Soirée — Private NYCW Cocktail Reception,https://lu.ma/marble-nycw,2026-09-24T22:00:00.000Z,New York,tech,2026-08-27
NYCW Ocean Happy Hour,https://lu.ma/dwdcdzzw,2026-09-24T23:00:00.000Z,New York,tech,2026-08-27
Shakes and Cakes with Climate Friends,https://lu.ma/jhse1n1a,2026-09-25T16:00:00.000Z,New York,tech,2026-08-27
[Founders Only] DTC Dinner | DTC Builders NYC,https://lu.ma/5mlkqrfs,2026-09-29T22:30:00.000Z,New York,tech,2026-08-27
NYC Fintech Marketing Social,https://lu.ma/6pgqeoyw,2026-10-06T22:00:00.000Z,New York,tech,2026-08-27
Newark Tech Summit 2026,https://lu.ma/7pyv8w9d,2026-10-12T17:00:00.000Z,New York,tech,2026-08-27
Sisters Level Up After Hours,https://lu.ma/l1833z45,2026-08-29T12:00:00.000Z,London,tech,2026-08-27
Tools-for-Science Build Club,https://lu.ma/xijhsvlj,2026-08-30T10:00:00.000Z,London,tech,2026-08-27
Felix Research - Analyst One Preview Pints,https://lu.ma/h3qtvers,2026-09-03T17:30:00.000Z,London,tech,2026-08-27
London Longevity: After Hours,https://lu.ma/sr4u8c6j,2026-09-07T17:00:00.000Z,London,tech,2026-08-27
Modern Office Standards: Aligning Buildings with Modern Occupier Expectations - Roundtable,https://lu.ma/jng99s83,2026-09-09T10:00:00.000Z,London,tech,2026-08-27
The Sensologists London Breakfast Meetup / September,https://lu.ma/psy1cuft,2026-09-10T08:15:00.000Z,London,tech,2026-08-27
Launch of the Digital Place Playbook 2026 with TLA PropTech,https://lu.ma/g964dack,2026-09-10T09:30:00.000Z,London,tech,2026-08-27
The Creators Club,https://lu.ma/3j9exy8j,2026-09-10T15:00:00.000Z,London,tech,2026-08-27
PDLadies Summer Social,https://lu.ma/el6z0zye,2026-09-12T12:00:00.000Z,London,tech,2026-08-27
"GETTING IN, GETTING ON: A conversation on hiring and career growth in privacy & digital regulation",https://lu.ma/r89532p0,2026-09-15T17:30:00.000Z,London,tech,2026-08-27
CYF Demo Day at Salvation Army,https://lu.ma/bk9o275s,2026-09-16T13:00:00.000Z,London,tech,2026-08-27
Conversations with Technologists: Ideas worth building,https://lu.ma/o3lvj91p,2026-09-17T17:30:00.000Z,London,tech,2026-08-27
Growing successful health innovation start-up,https://lu.ma/usbncqwo,2026-09-20T12:30:00.000Z,London,tech,2026-08-27
Oasis Investor Series: How VCs Actually Evaluate Deals,https://lu.ma/25llkvmz,2026-09-22T17:00:00.000Z,London,tech,2026-08-27
CTO Grand Rounds: Sifted Summit Edition 🍸,https://lu.ma/8vtj3e73,2026-09-29T17:00:00.000Z,London,tech,2026-08-27
Show Me the Money,https://lu.ma/fw1v6nob,2026-09-29T17:00:00.000Z,London,tech,2026-08-27
Scaleup Europe Fund and EIC Fund Investor Opportunities,https://lu.ma/7jpuldrd,2026-09-30T16:00:00.000Z,London,tech,2026-08-27
Witsend Panel: the Rise of the CPTO,https://lu.ma/kqeowq8i,2026-09-30T17:00:00.000Z,London,tech,2026-08-27
FoundersX x Second Home: End of Summer Social,https://lu.ma/foundersx-v8c9,2026-10-01T17:00:00.000Z,London,tech,2026-08-27
DEEP TECH LDN 2.0,https://lu.ma/5tkl4zch,2026-10-01T18:00:00.000Z,London,tech,2026-08-27
Garje Marathi Global Excellence Summit UK 2026,https://lu.ma/b85pfr8y,2026-10-04T07:30:00.000Z,London,tech,2026-08-27
The Breakfast Table | noa x Tech Funding News,https://lu.ma/nbro3svy,2026-10-08T07:45:00.000Z,London,tech,2026-08-27
An evening with Gus Burton,https://lu.ma/ay9dw9b9,2026-10-08T16:30:00.000Z,London,tech,2026-08-27
The Business of Beauty (London),https://lu.ma/london21oct26,2026-10-21T17:30:00.000Z,London,tech,2026-08-27
SpaceTech Startup Roadshow,https://lu.ma/wprol9za,2026-11-12T10:00:00.000Z,London,tech,2026-08-27
E-Commerce over Breakfast Berlin,https://lu.ma/r4ipii5m,2026-09-04T07:00:00.000Z,Berlin,tech,2026-08-27
Maker Basics: Soldering & Electronics,https://lu.ma/3maww8oy,2026-09-07T14:00:00.000Z,Berlin,tech,2026-08-27
Founders Co-working & Mentoring Day,https://lu.ma/aig5wmfb,2026-09-09T07:30:00.000Z,Berlin,tech,2026-08-27
Masterclass: Lead generation from Instagram,https://lu.ma/bkxqxd0i,2026-09-09T14:00:00.000Z,Berlin,tech,2026-08-27
Python Users Berlin (PUB): Insight UI,https://lu.ma/p2ifi8cg,2026-09-10T15:30:00.000Z,Berlin,tech,2026-08-27
Techstars Mixer • Berlin,https://lu.ma/techstars-mixer-berlin,2026-09-11T16:30:00.000Z,Berlin,tech,2026-08-27
A Nexus on Neuroscience and Immersive Environments with INNATIVE LAB,https://lu.ma/j7sxsavo,2026-09-14T16:30:00.000Z,Berlin,tech,2026-08-27
CEO Lunch with Minister Viktors Valainis & Latvia’s FinTech Leaders,https://lu.ma/ceo-lunch,2026-09-16T09:00:00.000Z,Berlin,tech,2026-08-27
"FinTech in Latvia: Licensing, Banking & Market Access",https://lu.ma/fintech-in-latvian-market,2026-09-16T12:00:00.000Z,Berlin,tech,2026-08-27
Black In Tech Europe Summit,https://lu.ma/m6x4493q,2026-10-02T08:00:00.000Z,Berlin,tech,2026-08-27
"🚀✨IDEATHON 2026 | DESIGN IMPACT, POWERED BY",https://lu.ma/yqrc7oei,2026-09-02T14:30:00.000Z,Lima,tech,2026-08-27
Codeforces Session at UTEC,https://lu.ma/bolytjfv,2026-09-04T21:00:00.000Z,Lima,tech,2026-08-27
Ground to Cloud: Powering What's Next,https://lu.ma/3ra37xq7,2026-09-03T22:30:00.000Z,Austin,tech,2026-08-27
Accelerator for Cancer Therapeutics Info Session,https://lu.ma/tzwlcqw0,2026-09-10T16:00:00.000Z,Austin,tech,2026-08-27
HICAM Mentor Info Session & Happy Hour,https://lu.ma/gww3n7ed,2026-09-17T22:00:00.000Z,Austin,tech,2026-08-27
Happy Hour at Emergent Matter,https://lu.ma/deep-t1c1,2026-09-23T21:30:00.000Z,Austin,tech,2026-08-27
"A Day of Culture, Connection & Exchange — Kids Welcome",https://lu.ma/wolf-connect-3,2026-09-26T15:00:00.000Z,Austin,tech,2026-08-27
GAMMA WORKSHOP,https://lu.ma/0tua4fen,2026-09-30T22:30:00.000Z,Austin,tech,2026-08-27
Texas Venture Fest: Austin Daytime Program 2026,https://lu.ma/daytime-texas-venture-fest-austin-2026,2026-10-01T19:00:00.000Z,Austin,tech,2026-08-27
eve eves | Agent Build Night | SF,https://lu.ma/eveSF,2026-08-28T00:30:00.000Z,San Francisco,ai,2026-08-27
Grok Bot Build Night,https://lu.ma/alif-b5rf,2026-08-29T01:30:00.000Z,San Francisco,ai,2026-08-27
Creative Pathways&Legal Roadmaps in the age of AI,https://lu.ma/a3ga1k0m,2026-08-29T17:30:00.000Z,San Francisco,ai,2026-08-27
NSBE BAY AREA PRESENTS: LEVERAGE,https://lu.ma/na3c1fak,2026-08-29T22:30:00.000Z,San Francisco,ai,2026-08-27
Cross-City Whisper On Artistic way,https://lu.ma/nlq30v46,2026-08-30T02:00:00.000Z,San Francisco,ai,2026-08-27
"Software, but make it cute 🎀",https://lu.ma/kzsmltwo,2026-09-02T00:30:00.000Z,San Francisco,ai,2026-08-27
Sable x OpenAI Dinner,https://lu.ma/dw81wrqo,2026-09-02T01:00:00.000Z,San Francisco,ai,2026-08-27
Creative Intelligent Machines Continuum: Luma maker night #2,https://lu.ma/cimc2,2026-09-02T01:30:00.000Z,San Francisco,ai,2026-08-27
Coffee Chat: AI x Personal Growth,https://lu.ma/n7t8d1o4,2026-09-02T21:00:00.000Z,San Francisco,ai,2026-08-27
"Beyond Hype, Driven by Data: Next-Gen AI & K-Innovation Showcase",https://lu.ma/z6yv0h02,2026-09-03T00:30:00.000Z,San Francisco,ai,2026-08-27
AI x Hardware Engineering Dinner,https://lu.ma/5omnz4qm,2026-09-03T00:30:00.000Z,San Francisco,ai,2026-08-27
AI Tech & Startup Night — San Francisco,https://lu.ma/jjys158h,2026-09-03T01:00:00.000Z,San Francisco,ai,2026-08-27
Wiki3: Own Your Own AI Workshop,https://lu.ma/Wiki3,2026-09-03T01:00:00.000Z,San Francisco,ai,2026-08-27
Deep Tech Startups in the Age of AI by Fifty Years,https://lu.ma/u5fkxj50,2026-09-03T01:30:00.000Z,San Francisco,ai,2026-08-27
Bay Area Experienced Operators -> AI Safety Mixer,https://lu.ma/5uyuimq6,2026-09-04T01:00:00.000Z,San Francisco,ai,2026-08-27
Dimensional Office Cooling,https://lu.ma/3gi6nzga,2026-09-05T02:00:00.000Z,San Francisco,ai,2026-08-27
AI Dev Night - Coding agents and AI-native Development,https://lu.ma/pfug40vg,2026-09-10T00:30:00.000Z,San Francisco,ai,2026-08-27
Product & Design Exec Leaders Dinner,https://lu.ma/wjm02oc4,2026-09-10T01:30:00.000Z,San Francisco,ai,2026-08-27
Designing with AI: Panel hosted by Amplitude,https://lu.ma/hc9mndo1,2026-09-11T00:30:00.000Z,San Francisco,ai,2026-08-27
CoreWeave Hacks: Agent Loops Hackathon with Weights & Biases and AGI House,https://lu.ma/coreweavehacks,2026-09-12T16:00:00.000Z,San Francisco,ai,2026-08-27
Homecoming AI Educate Hackathon,https://lu.ma/beta-6y1n,2026-09-12T16:00:00.000Z,San Francisco,ai,2026-08-27
Mapbox Happy Hour: Location Infrastructure for AI,https://lu.ma/kdf5t1wb,2026-09-16T00:00:00.000Z,San Francisco,ai,2026-08-27
Personal AI | Lenovo x Workato,https://lu.ma/so1vaibz,2026-09-16T00:00:00.000Z,San Francisco,ai,2026-08-27
3x GTM: Selling at AI Speed (SF),https://lu.ma/7xa5tvva,2026-09-16T01:30:00.000Z,San Francisco,ai,2026-08-27
AI Infrastructure Executive Networking Event hosted by vCluster and Netris,https://lu.ma/7djqpn9h,2026-09-17T01:00:00.000Z,San Francisco,ai,2026-08-27
OpenAI × Khosla Ventures: Healthcare & Life Sciences Dinner,https://lu.ma/inf1uvfi,2026-09-17T01:00:00.000Z,San Francisco,ai,2026-08-27
"AI-Pilling Your Company: A Builder Show & Tell – by Decagon, Accel & a16z",https://lu.ma/tewv4rbz,2026-09-18T00:00:00.000Z,San Francisco,ai,2026-08-27
The AI Future of Healthcare: Voice Edition,https://lu.ma/65hodpiq,2026-09-19T01:00:00.000Z,San Francisco,ai,2026-08-27
AI Career Lab: Your Next Move,https://lu.ma/qcv2pe7w,2026-09-24T00:30:00.000Z,San Francisco,ai,2026-08-27
Ship from Zero Hackathon,https://lu.ma/shipfrom0,2026-09-25T16:30:00.000Z,San Francisco,ai,2026-08-27
Collaborative Agent Hackathon @ Stanford,https://lu.ma/flwrlabs-bamu,2026-09-29T16:30:00.000Z,San Francisco,ai,2026-08-27
Flower AI Day: Collaborative Superintelligence,https://lu.ma/flwrlabs-uygg,2026-09-30T19:00:00.000Z,San Francisco,ai,2026-08-27
Practical AI for Documentation,https://lu.ma/mngid6og,2026-10-07T01:30:00.000Z,San Francisco,ai,2026-08-27
Navigating Career Transitions in the Age of AI: Defining Your Professional Narrative,https://lu.ma/5rg1dsx5,2026-10-14T17:00:00.000Z,San Francisco,ai,2026-08-27
Catie Cuan // Physical AI: Giving AI a Robot Body,https://lu.ma/hsmpoyxa,2026-10-28T00:30:00.000Z,San Francisco,ai,2026-08-27
Silicon Valley Physical AI Workshop and Meetup,https://lu.ma/silicon-valley-physical-ai-workshop-and-meetup-oct,2026-10-28T00:30:00.000Z,San Francisco,ai,2026-08-27
Flatiron AI Reading Group (FLAIR),https://lu.ma/ha6db01v,2026-08-27T23:30:00.000Z,New York,ai,2026-08-27
Happy Hour,https://lu.ma/mwmsq1kk,2026-08-28T22:00:00.000Z,New York,ai,2026-08-27
Beyond Vibe Coding: Let's Build A Native Mobile App,https://lu.ma/geom26wu,2026-09-08T21:30:00.000Z,New York,ai,2026-08-27
I Have an Idea Club: 4-Week Build Challenge,https://lu.ma/wbbev60n,2026-09-08T22:00:00.000Z,New York,ai,2026-08-27
Summer Research Showcase,https://lu.ma/gb8fs3m4,2026-09-09T15:00:00.000Z,New York,ai,2026-08-27
AI Bagels @Union Square (BYOB),https://lu.ma/ltpclfs3,2026-09-10T13:00:00.000Z,New York,ai,2026-08-27
CISO Executive Roundtable: Aligning AI Adoption with CIS Controls & AI Agent Risk Governance,https://lu.ma/331ojdau,2026-09-10T19:00:00.000Z,New York,ai,2026-08-27
eve eves | NYC,https://lu.ma/eveNY,2026-09-10T21:30:00.000Z,New York,ai,2026-08-27
Forecasting AI: A Workshop with Superforecaster Jonathan Mann,https://lu.ma/gndioj0i,2026-09-15T22:00:00.000Z,New York,ai,2026-08-27
Private Dinner: Navigating International Business,https://lu.ma/rtmnexus-kd2i,2026-09-15T22:00:00.000Z,New York,ai,2026-08-27
Antimetal at Roscioli III,https://lu.ma/antimetal-65mn,2026-09-17T23:30:00.000Z,New York,ai,2026-08-27
SIS 2026 - Kickoff & Welcome Reception: The Evolution,https://lu.ma/mkq0vei5,2026-09-20T21:00:00.000Z,New York,ai,2026-08-27
The Race to Build the Next Generation City: A Conversation with Voltera CEO Frank Reig,https://lu.ma/a80lxsur,2026-09-23T16:30:00.000Z,New York,ai,2026-08-27
"AI Needs More Power. Who Builds It, What Gets Built, and Who Gets Paid?",https://lu.ma/9977x4ga,2026-09-23T19:15:00.000Z,New York,ai,2026-08-27
"AI, the Grid and Who Benefits",https://lu.ma/lw42novw,2026-09-23T20:00:00.000Z,New York,ai,2026-08-27
Powering AI: Data Centers and the Subsea Infrastructure Race,https://lu.ma/x3n9yz9d,2026-09-23T21:00:00.000Z,New York,ai,2026-08-27
"Climate Week NYC - Coffee, Climate and AI: Future-Proofing Sustainability Teams",https://lu.ma/wyu98lxs,2026-09-24T13:00:00.000Z,New York,ai,2026-08-27
Anthos Preview: Causal AI for Climate Decisions,https://lu.ma/4beecrvw,2026-09-24T20:00:00.000Z,New York,ai,2026-08-27
2026 Terrarium Innovation Day,https://lu.ma/qbk5xpan,2026-10-22T18:00:00.000Z,New York,ai,2026-08-27
MATS X LISA End of Summer Happy Hour,https://lu.ma/tca2tx17,2026-08-28T17:00:00.000Z,London,ai,2026-08-27
OpenAI Builder Lounge London,https://lu.ma/e9frs2c9,2026-09-03T17:00:00.000Z,London,ai,2026-08-27
design engineering for brands: figma frame → live URL,https://lu.ma/atzb9x5m,2026-09-03T18:00:00.000Z,London,ai,2026-08-27
HR Tech Europe x Lead with AI: Networking Drinks 🍸,https://lu.ma/tm3iw35v,2026-09-08T17:00:00.000Z,London,ai,2026-08-27
"Building an ""AI Storm""-Ready Security Program: SDLC Security Guardrails Summit - London",https://lu.ma/14judprz,2026-09-17T12:00:00.000Z,London,ai,2026-08-27
Grishin Robotics Accelerator Cohort 4 Demo Day,https://lu.ma/t4kiprsp,2026-09-17T17:00:00.000Z,London,ai,2026-08-27
Claude Create Day,https://lu.ma/up-p3oz,2026-09-22T08:30:00.000Z,London,ai,2026-08-27
"AI Salon London - Humans, AI-mplified",https://lu.ma/AI-Salon-London-September-2026,2026-09-22T16:30:00.000Z,London,ai,2026-08-27
GetFutureReady | September 2026 Edition,https://lu.ma/jyiwcr9e,2026-09-22T16:30:00.000Z,London,ai,2026-08-27
Data & AI Meetup #17,https://lu.ma/r5dhb7r5,2026-09-22T17:00:00.000Z,London,ai,2026-08-27
The state of harness engineering,https://lu.ma/arizeai-state-of-harness-engineering,2026-09-22T17:00:00.000Z,London,ai,2026-08-27
The AI Fluency Map: How Good Are You At AI?,https://lu.ma/sk8m1nex,2026-09-24T07:30:00.000Z,London,ai,2026-08-27
Physical AI Builders Meet-up by AWS and NVIDIA,https://lu.ma/k6rpis7o,2026-09-24T16:30:00.000Z,London,ai,2026-08-27
KULSA Frontier Forum 2026: NAMs (New Approach Methodogies) in Drug Discovery,https://lu.ma/2mo4wxwo,2026-09-26T10:00:00.000Z,London,ai,2026-08-27
The AI-Enabled Security Organization: A Private Exec Dinner,https://lu.ma/61a4pgnh,2026-09-30T17:00:00.000Z,London,ai,2026-08-27
The AI reality: Practical insight for real estate marketers,https://lu.ma/wc9c7nc7,2026-10-07T07:30:00.000Z,London,ai,2026-08-27
Conversations in the AI era | Builder Community Meetup | London 💂,https://lu.ma/d14cpj24,2026-10-14T17:00:00.000Z,London,ai,2026-08-27
What Breaks When You Let an Agent Loose on Your Repo,https://lu.ma/yhhffrc6,2026-10-22T17:00:00.000Z,London,ai,2026-08-27
Future of Revenue Marketing London,https://lu.ma/0f649pqt,2026-10-27T15:00:00.000Z,London,ai,2026-08-27
Demystifying the New Weather Models: What They Are and How Industry Uses Them to be More Resilient,https://lu.ma/fc7lgo7o,2026-10-28T16:30:00.000Z,London,ai,2026-08-27
London HR & People Summit 2026,https://lu.ma/london-hr-summit-2026,2026-11-10T09:00:00.000Z,London,ai,2026-08-27
ACT Berlin #12 (AI Coworking Tuesday) + Ideathon,https://lu.ma/act12,2026-09-01T07:30:00.000Z,Berlin,ai,2026-08-27
Bonus AI Safety Lunch + Coworking @ CIC,https://lu.ma/sxur2m7v,2026-09-04T08:00:00.000Z,Berlin,ai,2026-08-27
"MCP, AI & Workflows: The Softr x Make Hackathon",https://lu.ma/softr-make-berlin-ai,2026-09-14T11:00:00.000Z,Berlin,ai,2026-08-27
Collaborative Agent Hackathon,https://lu.ma/98drmtu1,2026-09-16T07:30:00.000Z,Berlin,ai,2026-08-27
Asian Builders In Berlin — AI Edition,https://lu.ma/asianbuilder,2026-09-17T16:00:00.000Z,Berlin,ai,2026-08-27
From Figma to Function : Design to Live Interface with Claude Code 🎨,https://lu.ma/co-vcbu,2026-09-25T15:00:00.000Z,Berlin,ai,2026-08-27
"Dev Days | Berlin, Germany",https://lu.ma/9ymid3rg,2026-10-06T14:00:00.000Z,Berlin,ai,2026-08-27
Future of Revenue Marketing Berlin,https://lu.ma/yhme0km8,2026-10-07T13:00:00.000Z,Berlin,ai,2026-08-27
"Real Estate Innovation Lima, Perú 2026 by Proptech Latam",https://lu.ma/xapje5jf,2026-08-27T19:00:00.000Z,Lima,ai,2026-08-27
Experiencias y aprendizajes de implementar IA y Agentes IA en organizaciones a escala,https://lu.ma/35fqrbof,2026-09-03T00:00:00.000Z,Lima,ai,2026-08-27
AI FRONTIERS: Beyond the Model,https://lu.ma/uvajq1tg,2026-09-05T15:00:00.000Z,Lima,ai,2026-08-27
AI Coffee Club,https://lu.ma/6ajgtqbp,2026-08-29T21:00:00.000Z,Austin,ai,2026-08-27
Building Resilient Systems in the Age of Agentic Development,https://lu.ma/izwdpa6e,2026-09-17T22:00:00.000Z,Austin,ai,2026-08-27
The Austin AI Table,https://lu.ma/as4ihv58,2026-09-22T16:30:00.000Z,Austin,ai,2026-08-27
💻 AI Startup Rodeo @ Austin Tech Week '26 October 30th,https://lu.ma/mydv5rsq,2026-10-30T13:00:00.000Z,Austin,ai,2026-08-27
RiverHacks <> NASA Space Apps Challenge 2026,https://lu.ma/n9rvutt0,2026-11-14T15:00:00.000Z,Austin,ai,2026-08-27
Après Post-Quantum Working Group—Dinner with MARA Foundation,https://lu.ma/x7pzjof5,2026-08-29T01:30:00.000Z,San Francisco,tech,2026-08-28
Tech Executives Meetup: Usher & Chris Brown Live @ Private Suite at Levi Stadium - **Bring a +1 Night**,https://lu.ma/5o804cev,2026-09-02T01:00:00.000Z,San Francisco,tech,2026-08-28
"TechWalk | Silicon Valley, 9/2",https://lu.ma/6fypen0l,2026-09-03T01:00:00.000Z,San Francisco,tech,2026-08-28
Humanmade Founder Session - Financial Strategy w/ Lauren Dermody,https://lu.ma/lxqhfmo6,2026-09-03T23:30:00.000Z,San Francisco,tech,2026-08-28
From Signed to Paid: The Messy Middle of Enterprise Deals,https://lu.ma/b552314x,2026-09-04T01:00:00.000Z,San Francisco,tech,2026-08-28
Dublin HacX,https://lu.ma/8ckb6ebv,2026-09-05T16:30:00.000Z,San Francisco,tech,2026-08-28
Mentor Roulette Luncheon,https://lu.ma/pktff0m0,2026-09-08T20:00:00.000Z,San Francisco,tech,2026-08-28
Bay Area Founders Pitch & Startup Networking,https://lu.ma/25odwnxl,2026-09-09T00:00:00.000Z,San Francisco,tech,2026-08-28
"🌐 Energy Generation Cluster: Plug-in Solar 101, Live Demo, & Deep Dive Q&A",https://lu.ma/m4hetq6h,2026-09-09T00:00:00.000Z,San Francisco,tech,2026-08-28
Tech Leader Dinner Series - San Francisco,https://lu.ma/revelo-dinner-san-francisco-090826,2026-09-09T01:45:00.000Z,San Francisco,tech,2026-08-28
PMM Leaders Dinner by 3AM Recruiting,https://lu.ma/s656pzkn,2026-09-10T01:30:00.000Z,San Francisco,tech,2026-08-28
B2B Founders Chocolate Tasting 🍫,https://lu.ma/takdk0x1,2026-09-10T23:00:00.000Z,San Francisco,tech,2026-08-28
GTM 201: Strategy’s Set. Now Go Get Revenue.,https://lu.ma/2mytg4nv,2026-09-10T23:30:00.000Z,San Francisco,tech,2026-08-28
BDR Speed Networking with incident.io 🔥,https://lu.ma/tnadukoa,2026-09-11T00:30:00.000Z,San Francisco,tech,2026-08-28
THE SF DATABASE MEETUP: Neki Edition,https://lu.ma/tym2h9zq,2026-09-11T00:30:00.000Z,San Francisco,tech,2026-08-28
TSVC x TYCon Pitch Competition,https://lu.ma/rkj2z92q,2026-09-12T21:00:00.000Z,San Francisco,tech,2026-08-28
🔗 Founder Peer Group Meetup,https://lu.ma/joxi6n07,2026-09-17T00:00:00.000Z,San Francisco,tech,2026-08-28
Antler SF After Dark,https://lu.ma/antlerus-2x9i,2026-09-17T23:00:00.000Z,San Francisco,tech,2026-08-28
Samosas & Chai: IIT Founders + Tech Leaders Mixer,https://lu.ma/s701cow7,2026-09-18T23:00:00.000Z,San Francisco,tech,2026-08-28
Wine Tasting: Marketers & VC Networking,https://lu.ma/igqy6i1v,2026-09-22T23:00:00.000Z,San Francisco,tech,2026-08-28
Founder × Investor Mixer. Palo Alto.,https://lu.ma/v5xp8mzp,2026-10-01T00:30:00.000Z,San Francisco,tech,2026-08-28
"Personalized Medicine Builders: Demos, Discussion and Social",https://lu.ma/o9hcn6kk,2026-10-03T01:00:00.000Z,San Francisco,tech,2026-08-28
🪩 Love is Our LLM After Party,https://lu.ma/ttww-afterparty,2026-10-03T04:00:00.000Z,San Francisco,tech,2026-08-28
DEMOQED,https://lu.ma/uxyn1kg1,2026-10-08T19:30:00.000Z,San Francisco,tech,2026-08-28
From Kyiv to SF: YEP Accelerator Demo Day,https://lu.ma/nlwq6dlp,2026-10-21T00:00:00.000Z,San Francisco,tech,2026-08-28
LDES Executive Summit,https://lu.ma/2p0y5n1l,2026-11-05T17:00:00.000Z,San Francisco,tech,2026-08-28
Build Matcha Ship,https://lu.ma/7pxcr68o,2026-08-29T14:00:00.000Z,New York,tech,2026-08-28
Business in Bloom: A Black Business Month Crawl & Scavenger Hunt,https://lu.ma/bizinbloom,2026-08-29T16:00:00.000Z,New York,tech,2026-08-28
"The Collective ""MINI MEETS""",https://lu.ma/the-qg64,2026-08-29T17:00:00.000Z,New York,tech,2026-08-28
DiceCTF x OtterSec Afterparty,https://lu.ma/0it2wg2i,2026-08-30T23:00:00.000Z,New York,tech,2026-08-28
"Wednesday Coworking - Founders, Builders, Creatives, Researchers, and Supporters",https://lu.ma/xxz2us03,2026-09-02T13:00:00.000Z,New York,tech,2026-08-28
Will They Actually Buy It? From Great Idea to Validated Product.,https://lu.ma/fierce-txng,2026-09-09T15:00:00.000Z,New York,tech,2026-08-28
Engineering & Actuaries Happy Hour,https://lu.ma/o0aqtnsy,2026-09-09T22:00:00.000Z,New York,tech,2026-08-28
Venture Rounds: NYC Fintech Happy Hour Series B - FinovateFall,https://lu.ma/t1o8f0cn,2026-09-09T23:00:00.000Z,New York,tech,2026-08-28
NYC Deep Tech Ecosystem Event,https://lu.ma/u3eumgw5,2026-09-10T21:30:00.000Z,New York,tech,2026-08-28
Pepper NYC Healthtech Founder Meetup - September (Sponsored by Lemma),https://lu.ma/6lh9h420,2026-09-10T22:00:00.000Z,New York,tech,2026-08-28
"NY Cares Day of Service TechWalk | NYC, 9/11",https://lu.ma/l0304els,2026-09-11T12:00:00.000Z,New York,tech,2026-08-28
"CEC Fall 2026 Kickoff | Entrepreneurship, Tech & VC Investing",https://lu.ma/bn01dfqv,2026-09-11T17:15:00.000Z,New York,tech,2026-08-28
LOCK IN Hack,https://lu.ma/rhoevents-otbo,2026-09-12T15:00:00.000Z,New York,tech,2026-08-28
CISO Gameday (front row) - Giants vs Cowboys - BBQ Tailgate,https://lu.ma/n957fun7,2026-09-13T21:30:00.000Z,New York,tech,2026-08-28
Coffee & Career Transitions NYC: Tech & Startups Edition,https://lu.ma/3vq1wyra,2026-09-17T12:30:00.000Z,New York,tech,2026-08-28
Green Jobs Pavilion 2026 NYC,https://lu.ma/5s1rg5ng,2026-09-21T14:30:00.000Z,New York,tech,2026-08-28
NY Tech Meetup - Climate Tech Edition,https://lu.ma/tbo854x6,2026-09-21T21:00:00.000Z,New York,tech,2026-08-28
Founder Showcase: Meet and Invest in the Businesses Building the Future,https://lu.ma/founders1,2026-09-22T12:00:00.000Z,New York,tech,2026-08-28
Nuclear Night NYC,https://lu.ma/nuclear-night-2026,2026-09-22T21:00:00.000Z,New York,tech,2026-08-28
The Race to Recover America's Critical Minerals: When Startups and Industry Team Up,https://lu.ma/0x2srxfd,2026-09-23T12:00:00.000Z,New York,tech,2026-08-28
ASCENSO and Latinas in Tech Present: A Seat at the Table,https://lu.ma/b1l3alvw,2026-09-24T21:00:00.000Z,New York,tech,2026-08-28
DEF NYC Annual End-of-Summer Happy Hour,https://lu.ma/o1s7tjo6,2026-09-24T21:30:00.000Z,New York,tech,2026-08-28
Brits in Tech - Coffee Meet,https://lu.ma/91v9o76h,2026-09-25T13:00:00.000Z,New York,tech,2026-08-28
NYC Angel Squad September Happy Hour,https://lu.ma/la2faqcw,2026-09-30T22:00:00.000Z,New York,tech,2026-08-28
Papers We Love: NYC,https://lu.ma/ql1q4sys,2026-09-30T22:30:00.000Z,New York,tech,2026-08-28
Tick Tock Into the Holidays,https://lu.ma/6gcj9idx,2026-11-12T23:00:00.000Z,New York,tech,2026-08-28
"From Strength to Strength: What’s Next for Dubai, and How You Can Take Part",https://lu.ma/proptech-1x7q,2026-09-09T10:00:00.000Z,London,tech,2026-08-28
"☕ Co-work, Code, and Conversations | Developer Meetup",https://lu.ma/s20kmsp7,2026-09-10T07:00:00.000Z,London,tech,2026-08-28
A Guide to Thriving in the Middle East: Building Partnerships in Dubai,https://lu.ma/jqrr0frt,2026-09-10T10:00:00.000Z,London,tech,2026-08-28
Alumni Founders Co-working Day (September),https://lu.ma/o2496jh6,2026-09-11T09:00:00.000Z,London,tech,2026-08-28
The Exit Blueprint,https://lu.ma/hvru73pa,2026-09-22T09:00:00.000Z,London,tech,2026-08-28
Lychee's Startup Games Night,https://lu.ma/3hr38vz4,2026-09-30T17:00:00.000Z,London,tech,2026-08-28
Project Access London Summit,https://lu.ma/qivain0o,2026-10-10T11:00:00.000Z,London,tech,2026-08-28
Containing the Blast Radius | Identity-Led OT Microsegmentation,https://lu.ma/eu6s5uru,2026-11-12T18:00:00.000Z,London,tech,2026-08-28
Endorphins & Exchanges – Founders Co-work & Run,https://lu.ma/mkn0lzcb,2026-08-31T07:00:00.000Z,Berlin,tech,2026-08-28
InnerMind Workshop - Craft your Better Self Vision Board - For Founders & Builders - Collab with Kalm,https://lu.ma/fias2odq,2026-09-01T17:30:00.000Z,Berlin,tech,2026-08-28
Gen Z Founders Dinner,https://lu.ma/1ns5ou03,2026-09-04T17:30:00.000Z,Berlin,tech,2026-08-28
Morning Walk & Talk | Deep Work Club x The Delta,https://lu.ma/1hgze6si,2026-09-10T06:30:00.000Z,Berlin,tech,2026-08-28
A conversation with Bob Baxley on Apple’s enduring impact on product design,https://lu.ma/BobBaxley,2026-09-19T15:00:00.000Z,Berlin,tech,2026-08-28
Makrslab Build Hour — Work Around People Who Ship,https://lu.ma/vmj9qr1k,2026-09-01T19:00:00.000Z,Austin,tech,2026-08-28
Dutch Cybersecurity Trade Mission to Austin,https://lu.ma/rop229hf,2026-09-16T16:00:00.000Z,Austin,tech,2026-08-28
DTW Austin Opening Hardware Showcase,https://lu.ma/deep-jrsp,2026-09-21T21:00:00.000Z,Austin,tech,2026-08-28
🌏 Living Local Everywhere: Adapting to New Cultures Without Losing Yourself,https://lu.ma/s2ss9y7a,2026-09-21T23:00:00.000Z,Austin,tech,2026-08-28
Offline ATX: a Tech Networking Happy Hour,https://lu.ma/offline-in-ATX,2026-09-24T22:30:00.000Z,Austin,tech,2026-08-28
Elastic Community Night: Lightning Talks,https://lu.ma/austin-lightning,2026-10-01T22:30:00.000Z,Austin,tech,2026-08-28
TSVC夏淳博士《Personal Agent和Social》创业交流会 - 硅谷清华校友会,https://lu.ma/49ir53m9,2026-08-29T21:00:00.000Z,San Francisco,ai,2026-08-28
Recursive Self Improvement Hack: Harnesses,https://lu.ma/7cacs0ez,2026-08-30T17:00:00.000Z,San Francisco,ai,2026-08-28
90/30 Club Reading - Robots Need More than VLA and World Models,https://lu.ma/je0wu83j,2026-09-01T02:00:00.000Z,San Francisco,ai,2026-08-28
Secrets of Best-in-Class Ai-Pilled Companies,https://lu.ma/1a6a0ysf,2026-09-02T01:00:00.000Z,San Francisco,ai,2026-08-28
"AI Founder, Researcher, & Builder Back to School Happy Hour",https://lu.ma/9at29alg,2026-09-02T01:00:00.000Z,San Francisco,ai,2026-08-28
The Agent Has Entered the Chat,https://lu.ma/vercel-plain-sf-fireside,2026-09-02T21:00:00.000Z,San Francisco,ai,2026-08-28
"Bay Area Frontier Research Club #21 | Voice Research Club Launch: Models, Evals & Real-Time Interaction",https://lu.ma/nbaa4d7r,2026-09-04T00:30:00.000Z,San Francisco,ai,2026-08-28
Abaka AI VIP Dinner,https://lu.ma/sept-vip-dinner,2026-09-04T02:00:00.000Z,San Francisco,ai,2026-08-28
Innovation Connect,https://lu.ma/lc7siykc,2026-09-09T19:30:00.000Z,San Francisco,ai,2026-08-28
"""How I"" Happy Hour with Claire Vo",https://lu.ma/how-i-happy-hour,2026-09-10T00:00:00.000Z,San Francisco,ai,2026-08-28
In Production,https://lu.ma/openro-8qy3,2026-09-10T01:00:00.000Z,San Francisco,ai,2026-08-28
Software Factories Meet Production,https://lu.ma/87no10np,2026-09-10T01:00:00.000Z,San Francisco,ai,2026-08-28
The True Cost of Every Prompt: The Sustainability of AI and Data Centers,https://lu.ma/nqcd5thf,2026-09-10T02:00:00.000Z,San Francisco,ai,2026-08-28
The AI Commerce Gallery - Hackathon,https://lu.ma/6bbloggr,2026-09-12T16:00:00.000Z,San Francisco,ai,2026-08-28
San Francisco | Claude Workshop for Moms - Let's Build Your Work + Life Blueprint,https://lu.ma/claude-4dty,2026-09-12T21:00:00.000Z,San Francisco,ai,2026-08-28
The Autonomous Economy,https://lu.ma/mfx5ssys,2026-09-16T23:00:00.000Z,San Francisco,ai,2026-08-28
AI Journal Club ft. Google + NVIDIA,https://lu.ma/0460rgnq,2026-09-18T00:30:00.000Z,San Francisco,ai,2026-08-28
SF AI Code And Coffee Sunday September 20th!,https://lu.ma/fxkf0luc,2026-09-20T21:00:00.000Z,San Francisco,ai,2026-08-28
The Curious Agents Club Meetup,https://lu.ma/8bdy35rc,2026-09-25T00:30:00.000Z,San Francisco,ai,2026-08-28
San Francisco | Claude Meetup - For the Business Moms: The AI Back Office You Didn't Know You Had,https://lu.ma/claude-aly0,2026-09-25T21:00:00.000Z,San Francisco,ai,2026-08-28
Emotion By Design,https://lu.ma/emotionbydesign,2026-09-26T00:30:00.000Z,San Francisco,ai,2026-08-28
Twilio Startup Labs: Where Startup Builders Connect,https://lu.ma/r99axui8,2026-09-29T23:00:00.000Z,San Francisco,ai,2026-08-28
AI powered Autonomous Home Energy,https://lu.ma/4q2186m6,2026-09-30T00:30:00.000Z,San Francisco,ai,2026-08-28
Squint Industrial Leaders Offsite,https://lu.ma/mriz9b2n,2026-10-01T01:00:00.000Z,San Francisco,ai,2026-08-28
AI is already making decisions at work. The question is which ones stay human.,https://lu.ma/3opqgkwt,2026-10-14T00:30:00.000Z,San Francisco,ai,2026-08-28
Builder's Day - AI Developer Conference,https://lu.ma/builders-day-2026,2026-10-26T16:00:00.000Z,San Francisco,ai,2026-08-28
Code Engineering: From Coding Agents to Software Factories,https://lu.ma/cico2dxy,2026-10-28T01:00:00.000Z,San Francisco,ai,2026-08-28
AI in Finance Lab: San Francisco,https://lu.ma/6hlxlyli,2026-10-28T20:00:00.000Z,San Francisco,ai,2026-08-28
Sunday Coffee with Friends & Their Digital Selves,https://lu.ma/u4fnjy8v,2026-08-30T15:00:00.000Z,New York,ai,2026-08-28
RAD collective - cafe social :),https://lu.ma/qud0qxj5,2026-08-30T19:00:00.000Z,New York,ai,2026-08-28
Founders Friday by Neo with Jacob Beckerman,https://lu.ma/g67f6uek,2026-09-04T14:00:00.000Z,New York,ai,2026-08-28
Vibe Coding for Designers Meetup,https://lu.ma/tkat4gej,2026-09-10T22:00:00.000Z,New York,ai,2026-08-28
NYC Founders Dinner | Hosted by: T Palmer Agency & InsurtechNY,https://lu.ma/TPAFD0917,2026-09-17T22:00:00.000Z,New York,ai,2026-08-28
"CSO Future Skills Lab: Green Skills, AI and Mindset for Climate Leadership",https://lu.ma/5gu1osrx,2026-09-22T13:00:00.000Z,New York,ai,2026-08-28
"Women, AI and Sustainability: Agency, Access and Accountability",https://lu.ma/9m4s9gge,2026-09-23T20:30:00.000Z,New York,ai,2026-08-28
PMAI: Vibe Coding Workshop,https://lu.ma/kzfhv7fe,2026-09-26T14:00:00.000Z,New York,ai,2026-08-28
AI Panel Discussion & Networking Reception,https://lu.ma/d5p1p29e,2026-10-13T21:30:00.000Z,New York,ai,2026-08-28
"NYC Physical AI, ML, and Computer Vision Meetup",https://lu.ma/nyc-physical-ai-ml-and-computer-vision-meetup-nov,2026-11-13T22:30:00.000Z,New York,ai,2026-08-28
Love Ventures PropTech Connect Warm-Up Drinks,https://lu.ma/evwsitp2,2026-09-08T17:00:00.000Z,London,ai,2026-08-28
C-Suite Forum: Investing in AI to Unlock Premium Returns in the Built World - Roundtable,https://lu.ma/0he1e42a,2026-09-09T10:00:00.000Z,London,ai,2026-08-28
London Builder HQ - Build with AI powered by Stellar,https://lu.ma/5flc7dsp,2026-09-12T13:00:00.000Z,London,ai,2026-08-28
Sovereign by Design: The London Preview,https://lu.ma/5xcxs490,2026-09-17T07:30:00.000Z,London,ai,2026-08-28
Agentic AI Meet-Up #10 Tues 22nd September,https://lu.ma/lxp8t1cf,2026-09-22T17:00:00.000Z,London,ai,2026-08-28
Tenzo's AI Buildathon!,https://lu.ma/wwg878ia,2026-09-23T13:00:00.000Z,London,ai,2026-08-28
The AI Coding Agent Faceoff: Codex vs Claude Code | Members Only,https://lu.ma/women-nklb,2026-09-24T17:00:00.000Z,London,ai,2026-08-28
LLMday + Prompt Engineering Conference - London 2026 Q4,https://lu.ma/llmday-pec-2026-london-q4,2026-11-26T09:00:00.000Z,London,ai,2026-08-28
BRISA Reading Group 02 - Do WAMs Generalize Better than VLAs?,https://lu.ma/nfcwuph9,2026-09-01T16:30:00.000Z,Berlin,ai,2026-08-28
How to restructure teams — Leaderslab,https://lu.ma/leaderslab-sept,2026-09-03T17:00:00.000Z,Berlin,ai,2026-08-28
KI Park meets MODAL,https://lu.ma/047b64v9,2026-09-18T11:00:00.000Z,Berlin,ai,2026-08-28
[Workshop] Construye tu Second Brain con Openclaw,https://lu.ma/32x58ved,2026-08-28T21:00:00.000Z,Lima,ai,2026-08-28
DesignOps: Lo que sostiene al diseño — Chapter Perú x NTT Data,https://lu.ma/5yw1btbs,2026-09-10T00:00:00.000Z,Lima,ai,2026-08-28
AI Community Coworking,https://lu.ma/oyw04ny8,2026-09-25T14:00:00.000Z,Austin,ai,2026-08-28
"StartOut HikeOut @ Lands End Trail, SF",https://lu.ma/idbe7ycb,2026-08-29T16:30:00.000Z,San Francisco,tech,2026-08-29
Neurotech Follow Up,https://lu.ma/nq6yhrk9,2026-08-29T19:00:00.000Z,San Francisco,tech,2026-08-29
SF Formal Math with Lean,https://lu.ma/cqeoqbpu,2026-09-01T02:00:00.000Z,San Francisco,tech,2026-08-29
Silly Robots Contest,https://lu.ma/sillybot,2026-09-11T01:00:00.000Z,San Francisco,tech,2026-08-29
The Meridian Open,https://lu.ma/kb2u75jm,2026-09-11T20:00:00.000Z,San Francisco,tech,2026-08-29
Jacobs Makerspace Fall 2026 Open House,https://lu.ma/xer5c03d,2026-09-15T19:00:00.000Z,San Francisco,tech,2026-08-29
Biotech @Berkeley - Intro to Networking Workshop,https://lu.ma/rtvxlfd0,2026-09-16T19:00:00.000Z,San Francisco,tech,2026-08-29
SF Fintech Coffee,https://lu.ma/hz11zhyg,2026-09-17T15:30:00.000Z,San Francisco,tech,2026-08-29
Byteport Poker Night: Founders & Engineers,https://lu.ma/i4nkgal5,2026-09-19T01:30:00.000Z,San Francisco,tech,2026-08-29
Building a Career in Taiwan,https://lu.ma/g016t68g,2026-09-24T00:30:00.000Z,San Francisco,tech,2026-08-29
Private Founder × Investor Mixer,https://lu.ma/9x8owdoa,2026-09-30T01:00:00.000Z,San Francisco,tech,2026-08-29
Fincantieri Maritime Dual-Use Hackathon | Build the Software-Defined Vessel,https://lu.ma/mvcg9eyw,2026-10-16T23:30:00.000Z,San Francisco,tech,2026-08-29
rednote creator mixer by Anwar Events,https://lu.ma/ba0mfvxm,2026-08-30T22:00:00.000Z,New York,tech,2026-08-29
Turkish American Tech Summit,https://lu.ma/kjeqjfn2,2026-09-05T13:00:00.000Z,New York,tech,2026-08-29
NEXT100 Exclusive Tech Event,https://lu.ma/1gqxpcuh,2026-09-16T22:00:00.000Z,New York,tech,2026-08-29
Global Minds for India,https://lu.ma/6etg5xxw,2026-09-23T17:30:00.000Z,New York,tech,2026-08-29
Networking Walk ✦ Ridgewood ✦ Hunt & Orchard,https://lu.ma/bizbestie-walk-networking-ridgewood-sep-30,2026-09-30T15:00:00.000Z,New York,tech,2026-08-29
Quantified Self Show&Tell and Book Launch,https://lu.ma/y90ai111,2026-10-13T22:30:00.000Z,New York,tech,2026-08-29
"Founder Growth Rooms, The Grand Finale",https://lu.ma/xdvtzwl6,2026-09-18T16:30:00.000Z,London,tech,2026-08-29
growth hacking workshop + build evening for sidepreneurs,https://lu.ma/1nqnoepv,2026-09-24T17:00:00.000Z,London,tech,2026-08-29
OpenCoffee Club Austin - Downtown,https://lu.ma/7aymjbc6,2026-09-03T13:30:00.000Z,Austin,tech,2026-08-29
Nucleate Austin Activator 2027 - Lunch & Learn with Discovery to Impact and NSF I-Corps,https://lu.ma/upu6bgsa,2026-09-22T17:00:00.000Z,Austin,tech,2026-08-29
Learning Layer Paper Reading Club - Week 30 - ARIS: Autonomous Research via Adversarial Multi-Agent Collaboration,https://lu.ma/learning-layer-labs-sept01,2026-09-02T00:30:00.000Z,San Francisco,ai,2026-08-29
"Deploying Physical AI in the Real World w Skild AI, Dexterity, Weave Robotics & Instawork",https://lu.ma/7b9joney,2026-09-04T00:30:00.000Z,San Francisco,ai,2026-08-29
Women in AI in Clay 🏺,https://lu.ma/0zfgtlso,2026-09-09T01:30:00.000Z,San Francisco,ai,2026-08-29
"SPC Post-Training Forum: Mercor CEO, Brendan Foody",https://lu.ma/spcforummercor9-9,2026-09-09T20:30:00.000Z,San Francisco,ai,2026-08-29
engineering serendipity,https://lu.ma/zxehiwrp,2026-09-10T01:30:00.000Z,San Francisco,ai,2026-08-29
K-AI Tech Week - Silicon Valley,https://lu.ma/w7tae05o,2026-09-11T16:00:00.000Z,San Francisco,ai,2026-08-29
Dream State: AI After Dark Opening Party,https://lu.ma/51nqsmin,2026-09-16T01:00:00.000Z,San Francisco,ai,2026-08-29
"Your New Everyday Assistant - A free, hands-on intro to Claude AI.",https://lu.ma/xkcvfs1h,2026-09-16T01:00:00.000Z,San Francisco,ai,2026-08-29
AI Demo Series: September Edition - Startup Grind,https://lu.ma/e36889su,2026-09-18T00:30:00.000Z,San Francisco,ai,2026-08-29
Building the Future of AI: Frontier Research Panel,https://lu.ma/zba4aoe2,2026-09-19T01:00:00.000Z,San Francisco,ai,2026-08-29
October 2026: AI on the Hunt: Using Claude to Unmask the hackerbot_claw Attack Campaign,https://lu.ma/kszd8yw7,2026-10-21T00:30:00.000Z,San Francisco,ai,2026-08-29
Agentic Infrastructure Stack Summit,https://lu.ma/69r7rj77,2026-10-28T16:00:00.000Z,San Francisco,ai,2026-08-29
New York: Grok Bot Student Build Night,https://lu.ma/nc8i3yo7,2026-09-03T22:00:00.000Z,New York,ai,2026-08-29
"The New Energy Imperative: Capital, Infrastructure & Competitiveness in the AI Era",https://lu.ma/44p082gb,2026-09-24T14:00:00.000Z,New York,ai,2026-08-29
Making AI Nature Positive,https://lu.ma/fyi8gsxf,2026-09-24T19:45:00.000Z,New York,ai,2026-08-29
WORLDS | LONDON Hackathon,https://lu.ma/rsbvv2nk,2026-09-12T08:00:00.000Z,London,ai,2026-08-29
Google DeepMind x Corgi: London Builder Evening,https://lu.ma/deepmind-ac25,2026-09-17T17:00:00.000Z,London,ai,2026-08-29
Golden Hour London: The Analyst Upgrade,https://lu.ma/04v5gxp4,2026-09-22T16:30:00.000Z,London,ai,2026-08-29
Implement 2026 - Partner Programme,https://lu.ma/nhvz0alf,2026-09-30T12:30:00.000Z,London,ai,2026-08-29
"AI Safety Action Day - Networking Brunch, Career Q&As, Coworking, ...",https://lu.ma/av2n7j4m,2026-09-06T09:00:00.000Z,Berlin,ai,2026-08-29
Shipaton Berlin × aischool.de - Build & Ship with AI,https://lu.ma/gmhb2tch,2026-09-12T11:00:00.000Z,Berlin,ai,2026-08-29
Admin Night - Create an AI Chief of Staff,https://lu.ma/vl19p9ay,2026-09-17T00:00:00.000Z,Austin,ai,2026-08-29
media theory reading circle,https://lu.ma/idfraw3k,2026-09-06T23:00:00.000Z,San Francisco,tech,2026-08-30
MTC Resume and Linkedin Workshop,https://lu.ma/chu734lu,2026-09-09T00:00:00.000Z,San Francisco,tech,2026-08-30
localhost · vol 2 · for CTOs,https://lu.ma/uh2xt7vm,2026-09-09T00:30:00.000Z,San Francisco,tech,2026-08-30
Founder Poker Night: Concentrate × Pentagon (YC),https://lu.ma/57tzm8qr,2026-09-09T02:30:00.000Z,San Francisco,tech,2026-08-30
Lenny After Dark with Graphite,https://lu.ma/7mt73ql4,2026-09-11T02:00:00.000Z,San Francisco,tech,2026-08-30
Fundraising AMA - How I raised $15M for 6 startups from 140+ investors—even though 4 of the startups were in “not hot” categories,https://lu.ma/sfvibehouse-fundraising,2026-09-17T00:00:00.000Z,San Francisco,tech,2026-08-30
DET Bay Area Meetup: September Edition,https://lu.ma/det-dr9b,2026-09-25T00:00:00.000Z,San Francisco,tech,2026-08-30
India DeepTech Confluence 2026 - Valley Edition | Nasscom X VentureDock,https://lu.ma/nasscom-avzl,2026-09-29T17:00:00.000Z,San Francisco,tech,2026-08-30
Panel & Pitch: Fintech Event. Startup Founder and Investor.,https://lu.ma/wiqhrvi6,2026-10-30T00:00:00.000Z,San Francisco,tech,2026-08-30
Milpitas CyberHacks,https://lu.ma/5990vi95,2027-06-06T15:00:00.000Z,San Francisco,tech,2026-08-30
Monday Founders Coworking Pod,https://lu.ma/2ocib7uj,2026-08-31T14:00:00.000Z,New York,tech,2026-08-30
Per Scholas x Plainfiled Public Library Office Hours,https://lu.ma/al1zq6zj,2026-08-31T18:00:00.000Z,New York,tech,2026-08-30
Founder Dinner 🥡,https://lu.ma/frej28xt,2026-08-31T23:00:00.000Z,New York,tech,2026-08-30
☕ Coffee & Breakfast Club: Founders Meetup,https://lu.ma/kpt9uw8b,2026-09-02T12:30:00.000Z,New York,tech,2026-08-30
Daring Ventures: Coffee Circle,https://lu.ma/ojjs98f0,2026-09-03T12:00:00.000Z,New York,tech,2026-08-30
NYC Founders & Operators: Rooftop Social,https://lu.ma/ipkm69gy,2026-09-10T22:30:00.000Z,New York,tech,2026-08-30
"Notion 101: Design Your Life, Your Way",https://lu.ma/ank8mtep,2026-09-15T20:00:00.000Z,New York,tech,2026-08-30
Morning Run with Corgi #2 🏃,https://lu.ma/g65z0d5r,2026-09-02T07:00:00.000Z,London,tech,2026-08-30
GTM World Tour · London,https://lu.ma/gtm-london,2026-09-09T17:00:00.000Z,London,tech,2026-08-30
Why work at a startup?,https://lu.ma/u3cuiiso,2026-09-09T17:00:00.000Z,London,tech,2026-08-30
Himalaya Robotics Hack,https://lu.ma/qa11srwr,2026-08-29T16:00:00.000Z,San Francisco,ai,2026-08-30
RocketRide Hangar #1,https://lu.ma/w0usdssv,2026-08-31T00:00:00.000Z,San Francisco,ai,2026-08-30
pAIthon Meetup,https://lu.ma/u7fbkoty,2026-09-02T01:30:00.000Z,San Francisco,ai,2026-08-30
1:1 Office Hour with Ryan Tang (Dealight AI): AI-Powered Business Development [SIT SV Hub Member Only],https://lu.ma/k37l9usa,2026-09-03T21:00:00.000Z,San Francisco,ai,2026-08-30
Smart AI 100 Official After Party,https://lu.ma/w93r1str,2026-09-04T01:00:00.000Z,San Francisco,ai,2026-08-30
Nate Soares talk + pizza,https://lu.ma/qo91joc3,2026-09-08T23:00:00.000Z,San Francisco,ai,2026-08-30
Dream AI Hackathon 2026,https://lu.ma/upjkn37w,2026-09-19T16:00:00.000Z,San Francisco,ai,2026-08-30
SF Accounting Partner Happy Hour,https://lu.ma/xekjjlh2,2026-09-22T23:00:00.000Z,San Francisco,ai,2026-08-30
YC Founder Fireside & Mixer: Talking to Customers,https://lu.ma/amplitude-ycf26,2026-10-02T00:00:00.000Z,San Francisco,ai,2026-08-30
CoWorking Day for the SF Bay Area Geo,https://lu.ma/women-o1cz,2026-10-24T15:00:00.000Z,San Francisco,ai,2026-08-30
TVOT SF 2026,https://lu.ma/157p7eem,2026-12-02T16:30:00.000Z,San Francisco,ai,2026-08-30
Girlie Pops (and friends) Who VibeCode,https://lu.ma/vaw863kd,2026-09-01T22:00:00.000Z,New York,ai,2026-08-30
New York Marketers Happy Hour,https://lu.ma/2tjqnfhk,2026-09-02T21:00:00.000Z,New York,ai,2026-08-30
"Taking All They Can: Data Centers, Climate, and the Future of Work (Panel and Workshop)",https://lu.ma/digsscu0,2026-09-11T22:45:00.000Z,New York,ai,2026-08-30
Centering Human Dignity in the Age of AI - Side Event on the Margins of the 81st Session of the UN General Assembly,https://lu.ma/m4u3u0j4,2026-09-23T13:00:00.000Z,New York,ai,2026-08-30
September 23: The most important AI and legal-tech event of the autumn.,https://lu.ma/vmn7ncuo,2026-09-23T22:00:00.000Z,New York,ai,2026-08-30
"Hot Grids, Hot Takes: Leaders Shaping AI, Climate & Technology",https://lu.ma/2nc3bu3i,2026-09-24T13:00:00.000Z,New York,ai,2026-08-30
The Harness Engineering & Model Wrangling Hackathon,https://lu.ma/j4jecx72,2026-09-26T13:00:00.000Z,New York,ai,2026-08-30
London Systems Club,https://lu.ma/0uhqgt6p,2026-09-03T17:00:00.000Z,London,ai,2026-08-30
AI Meetup (London) with Google Databricks and Vespa,https://lu.ma/fbfg58he,2026-09-08T17:00:00.000Z,London,ai,2026-08-30
London AI Builders: The Devin Mixer,https://lu.ma/erbvl34f,2026-09-17T16:30:00.000Z,London,ai,2026-08-30
Blockchain in Real Assets: Opportunities and Challenges,https://lu.ma/qij60sdb,2026-09-23T13:00:00.000Z,London,ai,2026-08-30
Back to School LLM London Social Meetup: The Flying Horse Pub near Liverpool Street,https://lu.ma/x4ha29w0,2026-09-23T17:00:00.000Z,London,ai,2026-08-30
AI Builders Monthly London,https://lu.ma/lon-oct13,2026-10-13T17:00:00.000Z,London,ai,2026-08-30
